freq,S11,patch_length,substrate_height
1.5,-0.594050975,8,0.8
1.508999944,-0.593888974,8,0.8
1.518000007,-0.593785591,8,0.8
1.52699995,-0.593411551,8,0.8
1.536000013,-0.592467235,8,0.8
1.544999957,-0.590692479,8,0.8
1.55400002,-0.587883788,8,0.8
1.562999964,-0.583902645,8,0.8
1.572000027,-0.578684172,8,0.8
1.58099997,-0.572239412,8,0.8
1.590000033,-0.564652572,8,0.8
1.598999977,-0.556074367,8,0.8
1.60800004,-0.546712305,8,0.8
1.616999984,-0.536818086,8,0.8
1.626000047,-0.526670934,8,0.8
1.63499999,-0.516560501,8,0.8
1.644000053,-0.50677261,8,0.8
1.652999997,-0.497570813,8,0.8
1.661999941,-0.489180655,8,0.8
1.671000004,-0.481785533,8,0.8
1.679999948,-0.47550905,8,0.8
1.68900001,-0.470416338,8,0.8
1.697999954,-0.466508076,8,0.8
1.707000017,-0.463723027,8,0.8
1.715999961,-0.461945115,8,0.8
1.725000024,-0.461006109,8,0.8
1.733999968,-0.460701397,8,0.8
1.743000031,-0.460793734,8,0.8
1.751999974,-0.461037528,8,0.8
1.761000037,-0.461181253,8,0.8
1.769999981,-0.46098742,8,0.8
1.779000044,-0.460246454,8,0.8
1.787999988,-0.458785617,8,0.8
1.797000051,-0.456476942,8,0.8
1.805999994,-0.453246519,8,0.8
1.815000057,-0.449076432,8,0.8
1.824000001,-0.444007913,8,0.8
1.832999945,-0.438131853,8,0.8
1.842000008,-0.431587913,8,0.8
1.850999951,-0.424552335,8,0.8
1.860000014,-0.417231534,8,0.8
1.868999958,-0.409843137,8,0.8
1.878000021,-0.40260751,8,0.8
1.886999965,-0.395734473,8,0.8
1.896000028,-0.389412504,8,0.8
1.904999971,-0.383798625,8,0.8
1.914000034,-0.379007901,8,0.8
1.922999978,-0.37511133,8,0.8
1.932000041,-0.372131759,8,0.8
1.940999985,-0.370043188,8,0.8
1.950000048,-0.368774215,8,0.8
1.958999991,-0.368211205,8,0.8
1.968000054,-0.368206085,8,0.8
1.976999998,-0.368583844,8,0.8
1.985999942,-0.369155348,8,0.8
1.995000005,-0.369724744,8,0.8
2.003999949,-0.370099966,8,0.8
2.013000011,-0.370107211,8,0.8
2.022000074,-0.369595224,8,0.8
2.030999899,-0.368448985,8,0.8
2.039999962,-0.36659229,8,0.8
2.049000025,-0.363990397,8,0.8
2.058000088,-0.360656534,8,0.8
2.066999912,-0.356645299,8,0.8
2.075999975,-0.352050774,8,0.8
2.085000038,-0.347000387,8,0.8
2.094000101,-0.341648758,8,0.8
2.102999926,-0.336165107,8,0.8
2.111999989,-0.330726295,8,0.8
2.121000051,-0.325504203,8,0.8
2.130000114,-0.320657555,8,0.8
2.138999939,-0.316324193,8,0.8
2.148000002,-0.31261243,8,0.8
2.157000065,-0.309595385,8,0.8
2.165999889,-0.307309931,8,0.8
2.174999952,-0.30575322,8,0.8
2.184000015,-0.304881692,8,0.8
2.193000078,-0.304620796,8,0.8
2.201999903,-0.304860341,8,0.8
2.210999966,-0.305468512,8,0.8
2.220000029,-0.306297232,8,0.8
2.229000092,-0.307186016,8,0.8
2.237999916,-0.307978778,8,0.8
2.246999979,-0.308523421,8,0.8
2.256000042,-0.308691015,8,0.8
2.265000105,-0.308372801,8,0.8
2.273999929,-0.307489606,8,0.8
2.282999992,-0.306001984,8,0.8
2.292000055,-0.303900205,8,0.8
2.301000118,-0.301215943,8,0.8
2.309999943,-0.29801153,8,0.8
2.319000006,-0.294382545,8,0.8
2.328000069,-0.290448274,8,0.8
2.336999893,-0.286340104,8,0.8
2.345999956,-0.282206053,8,0.8
2.355000019,-0.278190543,8,0.8
2.364000082,-0.274431142,8,0.8
2.372999907,-0.271052405,8,0.8
2.381999969,-0.268154842,8,0.8
2.391000032,-0.265815325,8,0.8
2.400000095,-0.264076863,8,0.8
2.40899992,-0.262951573,8,0.8
2.417999983,-0.26241824,8,0.8
2.427000046,-0.262425507,8,0.8
2.436000109,-0.262891968,8,0.8
2.444999933,-0.263716545,8,0.8
2.453999996,-0.264775756,8,0.8
2.463000059,-0.265938371,8,0.8
2.471999884,-0.267070351,8,0.8
2.480999947,-0.26803903,8,0.8
2.49000001,-0.268724055,8,0.8
2.499000072,-0.269026931,8,0.8
2.507999897,-0.268867536,8,0.8
2.51699996,-0.268196873,8,0.8
2.526000023,-0.266997108,8,0.8
2.535000086,-0.265278354,8,0.8
2.54399991,-0.263085621,8,0.8
2.552999973,-0.260489294,8,0.8
2.562000036,-0.257582276,8,0.8
2.571000099,-0.25447674,8,0.8
2.579999924,-0.251295446,8,0.8
2.588999987,-0.248166532,8,0.8
2.59800005,-0.245213224,8,0.8
2.607000113,-0.242550851,8,0.8
2.615999937,-0.240276892,8,0.8
2.625,-0.238467879,8,0.8
2.634000063,-0.237173795,8,0.8
2.642999887,-0.236419668,8,0.8
2.65199995,-0.236200228,8,0.8
2.661000013,-0.236478465,8,0.8
2.670000076,-0.237196626,8,0.8
2.678999901,-0.238270116,8,0.8
2.687999964,-0.239597198,8,0.8
2.697000027,-0.241065034,8,0.8
2.70600009,-0.24255184,8,0.8
2.714999914,-0.243939526,8,0.8
2.723999977,-0.245115318,8,0.8
2.73300004,-0.245980811,8,0.8
2.742000103,-0.246456386,8,0.8
2.750999928,-0.246486388,8,0.8
2.75999999,-0.246042005,8,0.8
2.769000053,-0.245122205,8,0.8
2.778000116,-0.243756476,8,0.8
2.786999941,-0.241995711,8,0.8
2.796000004,-0.239919063,8,0.8
2.805000067,-0.237621219,8,0.8
2.813999891,-0.235212376,8,0.8
2.822999954,-0.232807884,8,0.8
2.832000017,-0.230523629,8,0.8
2.84100008,-0.228469579,8,0.8
2.849999905,-0.226742674,8,0.8
2.858999968,-0.225423537,8,0.8
2.868000031,-0.224570427,8,0.8
2.877000093,-0.224216727,8,0.8
2.885999918,-0.224366923,8,0.8
2.894999981,-0.225002424,8,0.8
2.904000044,-0.226076041,8,0.8
2.913000107,-0.227518707,8,0.8
2.921999931,-0.229241803,8,0.8
2.930999994,-0.231141621,8,0.8
2.940000057,-0.233106265,8,0.8
2.948999882,-0.235022781,8,0.8
2.957999945,-0.236779312,8,0.8
2.967000008,-0.238277396,8,0.8
2.976000071,-0.2394326,8,0.8
2.984999895,-0.240180931,8,0.8
2.993999958,-0.24048287,8,0.8
3.003000021,-0.240327098,8,0.8
3.012000084,-0.239727209,8,0.8
3.020999908,-0.238724932,8,0.8
3.029999971,-0.237384187,8,0.8
3.039000034,-0.235790921,8,0.8
3.048000097,-0.234045079,8,0.8
3.056999922,-0.232256415,8,0.8
3.065999985,-0.230537465,8,0.8
3.075000048,-0.22899847,8,0.8
3.084000111,-0.227740769,8,0.8
3.092999935,-0.226849504,8,0.8
3.101999998,-0.226389872,8,0.8
3.111000061,-0.22640498,8,0.8
3.119999886,-0.226911806,8,0.8
3.128999949,-0.227898208,8,0.8
3.138000011,-0.229329162,8,0.8
3.147000074,-0.231143324,8,0.8
3.155999899,-0.233258511,8,0.8
3.164999962,-0.235574832,8,0.8
3.174000025,-0.23798141,8,0.8
3.183000088,-0.240362466,8,0.8
3.191999912,-0.242601773,8,0.8
3.200999975,-0.244593026,8,0.8
3.210000038,-0.246240306,8,0.8
3.219000101,-0.247469147,8,0.8
3.227999926,-0.248228588,8,0.8
3.236999989,-0.248491703,8,0.8
3.246000051,-0.248262248,8,0.8
3.255000114,-0.247570398,8,0.8
3.263999939,-0.246472939,8,0.8
3.273000002,-0.245050727,8,0.8
3.282000065,-0.243400824,8,0.8
3.290999889,-0.241634746,8,0.8
3.299999952,-0.239871931,8,0.8
3.309000015,-0.238230124,8,0.8
3.318000078,-0.236819859,8,0.8
3.326999903,-0.235740474,8,0.8
3.335999966,-0.235070383,8,0.8
3.345000029,-0.234868592,8,0.8
3.354000092,-0.235164432,8,0.8
3.362999916,-0.235961431,8,0.8
3.371999979,-0.237233468,8,0.8
3.381000042,-0.238926737,8,0.8
3.390000105,-0.240963297,8,0.8
3.398999929,-0.243245053,8,0.8
3.407999992,-0.245656319,8,0.8
3.417000055,-0.248075579,8,0.8
3.426000118,-0.250376837,8,0.8
3.434999943,-0.252438994,8,0.8
3.444000006,-0.254154004,8,0.8
3.453000069,-0.255431522,8,0.8
3.461999893,-0.256205282,8,0.8
3.470999956,-0.256436968,8,0.8
3.480000019,-0.256117479,8,0.8
3.489000082,-0.25527244,8,0.8
3.497999907,-0.2539546,8,0.8
3.506999969,-0.252248322,8,0.8
3.516000032,-0.250258003,8,0.8
3.525000095,-0.248106377,8,0.8
3.53399992,-0.245930856,8,0.8
3.542999983,-0.243867446,8,0.8
3.552000046,-0.242052179,8,0.8
3.561000109,-0.240606404,8,0.8
3.569999933,-0.239635195,8,0.8
3.578999996,-0.23921863,8,0.8
3.588000059,-0.239407496,8,0.8
3.596999884,-0.240221147,8,0.8
3.605999947,-0.241642478,8,0.8
3.61500001,-0.24362451,8,0.8
3.624000072,-0.246084811,8,0.8
3.632999897,-0.248916306,8,0.8
3.64199996,-0.251986951,8,0.8
3.651000023,-0.255151966,8,0.8
3.660000086,-0.258257964,8,0.8
3.66899991,-0.261148918,8,0.8
3.677999973,-0.263685525,8,0.8
3.687000036,-0.265741628,8,0.8
3.696000099,-0.267219682,8,0.8
3.704999924,-0.268054883,8,0.8
3.713999987,-0.268216708,8,0.8
3.72300005,-0.267719012,8,0.8
3.732000113,-0.266613525,8,0.8
3.740999937,-0.264991154,8,0.8
3.75,-0.262977549,8,0.8
3.759000063,-0.260725649,8,0.8
3.767999887,-0.258409043,8,0.8
3.77699995,-0.256212207,8,0.8
3.786000013,-0.254320742,8,0.8
3.795000076,-0.252912517,8,0.8
3.803999901,-0.252144156,8,0.8
3.812999964,-0.252147293,8,0.8
3.822000027,-0.253015225,8,0.8
3.83100009,-0.254800664,8,0.8
3.839999914,-0.257511959,8,0.8
3.848999977,-0.26110751,8,0.8
3.85800004,-0.26549762,8,0.8
3.867000103,-0.270548773,8,0.8
3.875999928,-0.276091366,8,0.8
3.88499999,-0.281920518,8,0.8
3.894000053,-0.287814353,8,0.8
3.903000116,-0.293541295,8,0.8
3.911999941,-0.298872893,8,0.8
3.921000004,-0.303605594,8,0.8
3.930000067,-0.307563902,8,0.8
3.938999891,-0.310620715,8,0.8
3.947999954,-0.31270323,8,0.8
3.957000017,-0.313809156,8,0.8
3.96600008,-0.314003903,8,0.8
3.974999905,-0.313426168,8,0.8
3.983999968,-0.312285989,8,0.8
3.993000031,-0.310861227,8,0.8
4.001999855,-0.309482605,8,0.8
4.011000156,-0.308526904,8,0.8
4.019999981,-0.308402072,8,0.8
4.028999805,-0.309528314,8,0.8
4.038000107,-0.312327095,8,0.8
4.046999931,-0.317195589,8,0.8
4.056000233,-0.324494139,8,0.8
4.065000057,-0.334531721,8,0.8
4.073999882,-0.347542887,8,0.8
4.083000183,-0.363681703,8,0.8
4.092000008,-0.383001737,8,0.8
4.100999832,-0.405450497,8,0.8
4.110000134,-0.430862617,8,0.8
4.118999958,-0.458946475,8,0.8
4.127999783,-0.489295105,8,0.8
4.137000084,-0.52138564,8,0.8
4.145999908,-0.554584646,8,0.8
4.15500021,-0.588167404,8,0.8
4.164000034,-0.621336555,8,0.8
4.172999859,-0.653252767,8,0.8
4.18200016,-0.683059321,8,0.8
4.190999985,-0.709918732,8,0.8
4.199999809,-0.733052901,8,0.8
4.209000111,-0.751776894,8,0.8
4.217999935,-0.765532254,8,0.8
4.227000237,-0.77391282,8,0.8
4.236000061,-0.776686007,8,0.8
4.244999886,-0.773807097,8,0.8
4.254000187,-0.765408896,8,0.8
4.263000011,-0.751806057,8,0.8
4.271999836,-0.733464711,8,0.8
4.281000137,-0.710982352,8,0.8
4.289999962,-0.68505679,8,0.8
4.298999786,-0.656455638,8,0.8
4.308000088,-0.625979843,8,0.8
4.316999912,-0.594436478,8,0.8
4.326000214,-0.562605243,8,0.8
4.335000038,-0.531221101,8,0.8
4.343999863,-0.500946728,8,0.8
4.353000164,-0.472368137,8,0.8
4.361999989,-0.445970312,8,0.8
4.370999813,-0.422138989,8,0.8
4.380000114,-0.401154169,8,0.8
4.388999939,-0.38319235,8,0.8
4.397999763,-0.368324197,8,0.8
4.407000065,-0.356522069,8,0.8
4.415999889,-0.347669652,8,0.8
4.425000191,-0.341568014,8,0.8
4.434000015,-0.337949764,8,0.8
4.44299984,-0.336491747,8,0.8
4.452000141,-0.336828416,8,0.8
4.460999966,-0.338571147,8,0.8
4.46999979,-0.34132113,8,0.8
4.479000092,-0.344687955,8,0.8
4.487999916,-0.348304934,8,0.8
4.497000217,-0.351843031,8,0.8
4.506000042,-0.355018755,8,0.8
4.514999866,-0.35761192,8,0.8
4.524000168,-0.359462879,8,0.8
4.532999992,-0.36047881,8,0.8
4.541999817,-0.360633782,8,0.8
4.551000118,-0.359961836,8,0.8
4.559999943,-0.358550732,8,0.8
4.568999767,-0.356534818,8,0.8
4.578000069,-0.354080234,8,0.8
4.586999893,-0.351376394,8,0.8
4.596000195,-0.348621945,8,0.8
4.605000019,-0.346014851,8,0.8
4.613999844,-0.343734851,8,0.8
4.623000145,-0.341947407,8,0.8
4.631999969,-0.340781322,8,0.8
4.640999794,-0.340332984,8,0.8
4.650000095,-0.340656697,8,0.8
4.65899992,-0.341767233,8,0.8
4.668000221,-0.343641057,8,0.8
4.677000046,-0.346216652,8,0.8
4.68599987,-0.349395855,8,0.8
4.695000172,-0.353062297,8,0.8
4.703999996,-0.357072938,8,0.8
4.712999821,-0.361278346,8,0.8
4.722000122,-0.365524828,8,0.8
4.730999947,-0.369665325,8,0.8
4.739999771,-0.373569127,8,0.8
4.749000072,-0.377120052,8,0.8
4.757999897,-0.380234097,8,0.8
4.767000198,-0.382854543,8,0.8
4.776000023,-0.384956709,8,0.8
4.784999847,-0.386548643,8,0.8
4.794000149,-0.387668721,8,0.8
4.802999973,-0.388383043,8,0.8
4.811999798,-0.388780264,8,0.8
4.821000099,-0.388964943,8,0.8
4.829999924,-0.389054328,8,0.8
4.839000225,-0.389167139,8,0.8
4.84800005,-0.389421113,8,0.8
4.856999874,-0.38992175,8,0.8
4.866000175,-0.390761189,8,0.8
4.875,-0.392014351,8,0.8
4.883999825,-0.393729449,8,0.8
4.893000126,-0.395931014,8,0.8
4.90199995,-0.398618774,8,0.8
4.910999775,-0.401763846,8,0.8
4.920000076,-0.405320346,8,0.8
4.928999901,-0.409216337,8,0.8
4.938000202,-0.413368786,8,0.8
4.947000027,-0.417680715,8,0.8
4.955999851,-0.422054779,8,0.8
4.965000153,-0.426387671,8,0.8
4.973999977,-0.430589197,8,0.8
4.982999802,-0.434576062,8,0.8
4.992000103,-0.438283017,8,0.8
5.000999928,-0.441661507,8,0.8
5.010000229,-0.444685143,8,0.8
5.019000053,-0.447351949,8,0.8
5.027999878,-0.44967938,8,0.8
5.037000179,-0.451707013,8,0.8
5.046000004,-0.453489154,8,0.8
5.054999828,-0.455099092,8,0.8
5.06400013,-0.456617225,8,0.8
5.072999954,-0.458128667,8,0.8
5.081999779,-0.459720883,8,0.8
5.09100008,-0.46147594,8,0.8
5.099999905,-0.463467262,8,0.8
5.109000206,-0.465754098,8,0.8
5.118000031,-0.468382834,8,0.8
5.126999855,-0.471377756,8,0.8
5.136000156,-0.474747115,8,0.8
5.144999981,-0.47847885,8,0.8
5.153999805,-0.48254253,8,0.8
5.163000107,-0.486891273,8,0.8
5.171999931,-0.491465873,8,0.8
5.181000233,-0.496195736,8,0.8
5.190000057,-0.501005777,8,0.8
5.198999882,-0.505817335,8,0.8
5.208000183,-0.510555571,8,0.8
5.217000008,-0.515156727,8,0.8
5.225999832,-0.519558474,8,0.8
5.235000134,-0.523720241,8,0.8
5.243999958,-0.527615995,8,0.8
5.252999783,-0.531236586,8,0.8
5.262000084,-0.534587171,8,0.8
5.270999908,-0.537693112,8,0.8
5.28000021,-0.540595382,8,0.8
5.289000034,-0.543345604,8,0.8
5.297999859,-0.546006486,8,0.8
5.30700016,-0.548646051,8,0.8
5.315999985,-0.551335368,8,0.8
5.324999809,-0.554140729,8,0.8
5.334000111,-0.557126814,8,0.8
5.342999935,-0.56034718,8,0.8
5.352000237,-0.563840039,8,0.8
5.361000061,-0.567636905,8,0.8
5.369999886,-0.571747529,8,0.8
5.379000187,-0.576169502,8,0.8
5.388000011,-0.580879341,8,0.8
5.396999836,-0.585848342,8,0.8
5.406000137,-0.591027311,8,0.8
5.414999962,-0.596361945,8,0.8
5.423999786,-0.601788537,8,0.8
5.433000088,-0.607243489,8,0.8
5.441999912,-0.612661505,8,0.8
5.451000214,-0.617986088,8,0.8
5.460000038,-0.623162907,8,0.8
5.468999863,-0.628152822,8,0.8
5.478000164,-0.632924568,8,0.8
5.486999989,-0.637468662,8,0.8
5.495999813,-0.641781577,8,0.8
5.505000114,-0.645882069,8,0.8
5.513999939,-0.649797001,8,0.8
5.522999763,-0.653570787,8,0.8
5.532000065,-0.65725029,8,0.8
5.540999889,-0.660893973,8,0.8
5.550000191,-0.664562357,8,0.8
5.559000015,-0.668313188,8,0.8
5.56799984,-0.672202714,8,0.8
5.577000141,-0.676283022,8,0.8
5.585999966,-0.6805916,8,0.8
5.59499979,-0.685157023,8,0.8
5.604000092,-0.689994742,8,0.8
5.612999916,-0.695105686,8,0.8
5.622000217,-0.700477359,8,0.8
5.631000042,-0.706084238,8,0.8
5.639999866,-0.711888242,8,0.8
5.649000168,-0.717844407,8,0.8
5.657999992,-0.723899363,8,0.8
5.666999817,-0.729995816,8,0.8
5.676000118,-0.736076146,8,0.8
5.684999943,-0.742087375,8,0.8
5.693999767,-0.747978823,8,0.8
5.703000069,-0.753710971,8,0.8
5.711999893,-0.759257369,8,0.8
5.721000195,-0.76459666,8,0.8
5.730000019,-0.769725337,8,0.8
5.738999844,-0.774653362,8,0.8
5.748000145,-0.779401175,8,0.8
5.756999969,-0.784003451,8,0.8
5.765999794,-0.788500369,8,0.8
5.775000095,-0.792941169,8,0.8
5.78399992,-0.797378842,8,0.8
5.793000221,-0.801866094,8,0.8
5.802000046,-0.806455606,8,0.8
5.81099987,-0.811191523,8,0.8
5.820000172,-0.816113067,8,0.8
5.828999996,-0.821252252,8,0.8
5.837999821,-0.826622707,8,0.8
5.847000122,-0.832231999,8,0.8
5.855999947,-0.838070282,8,0.8
5.864999771,-0.844119475,8,0.8
5.874000072,-0.850347944,8,0.8
5.882999897,-0.856717977,8,0.8
5.892000198,-0.863181226,8,0.8
5.901000023,-0.869687623,8,0.8
5.909999847,-0.876185709,8,0.8
5.919000149,-0.882621822,8,0.8
5.927999973,-0.888950707,8,0.8
5.936999798,-0.895132857,8,0.8
5.946000099,-0.901134795,8,0.8
5.954999924,-0.906940728,8,0.8
5.964000225,-0.912538654,8,0.8
5.97300005,-0.917934369,8,0.8
5.981999874,-0.923142934,8,0.8
5.991000175,-0.928190392,8,0.8
6,-0.933112035,8,0.8
6.008999825,-0.937949795,8,0.8
6.018000126,-0.942749646,8,0.8
6.02699995,-0.947562088,8,0.8
6.035999775,-0.952434549,8,0.8
6.045000076,-0.957409016,8,0.8
6.053999901,-0.962526416,8,0.8
6.063000202,-0.967814124,8,0.8
6.072000027,-0.973291145,8,0.8
6.080999851,-0.978967084,8,0.8
6.090000153,-0.984837574,8,0.8
6.098999977,-0.990889558,8,0.8
6.107999802,-0.997097167,8,0.8
6.117000103,-1.00342663,8,0.8
6.125999928,-1.009835951,8,0.8
6.135000229,-1.016280821,8,0.8
6.144000053,-1.022710739,8,0.8
6.152999878,-1.02907979,8,0.8
6.162000179,-1.035342268,8,0.8
6.171000004,-1.041459058,8,0.8
6.179999828,-1.047397665,8,0.8
6.18900013,-1.053135548,8,0.8
6.197999954,-1.058663996,8,0.8
6.206999779,-1.063979306,8,0.8
6.21600008,-1.069092831,8,0.8
6.224999905,-1.074024873,8,0.8
6.234000206,-1.078806918,8,0.8
6.243000031,-1.083473058,8,0.8
6.251999855,-1.088065173,8,0.8
6.261000156,-1.092628397,8,0.8
6.269999981,-1.097207946,8,0.8
6.278999805,-1.101845752,8,0.8
6.288000107,-1.106579254,8,0.8
6.296999931,-1.11143787,8,0.8
6.306000233,-1.116441812,8,0.8
6.315000057,-1.121604478,8,0.8
6.323999882,-1.126925507,8,0.8
6.333000183,-1.132395907,8,0.8
6.342000008,-1.137996703,8,0.8
6.350999832,-1.143698266,8,0.8
6.360000134,-1.149467225,8,0.8
6.368999958,-1.155258901,8,0.8
6.377999783,-1.161033263,8,0.8
6.387000084,-1.166744107,8,0.8
6.395999908,-1.172349511,8,0.8
6.40500021,-1.177812235,8,0.8
6.414000034,-1.183099616,8,0.8
6.422999859,-1.188190104,8,0.8
6.43200016,-1.19306694,8,0.8
6.440999985,-1.197728057,8,0.8
6.449999809,-1.202180181,8,0.8
6.459000111,-1.20643611,8,0.8
6.467999935,-1.21052289,8,0.8
6.477000237,-1.214473534,8,0.8
6.486000061,-1.218321754,8,0.8
6.494999886,-1.222112357,8,0.8
6.504000187,-1.22588347,8,0.8
6.513000011,-1.229678696,8,0.8
6.521999836,-1.233530884,8,0.8
6.531000137,-1.237472769,8,0.8
6.539999962,-1.241527056,8,0.8
6.548999786,-1.245709787,8,0.8
6.558000088,-1.250022979,8,0.8
6.566999912,-1.254465441,8,0.8
6.576000214,-1.259020026,8,0.8
6.585000038,-1.263669445,8,0.8
6.593999863,-1.268378662,8,0.8
6.603000164,-1.273117127,8,0.8
6.611999989,-1.277845051,8,0.8
6.620999813,-1.282520869,8,0.8
6.630000114,-1.287108916,8,0.8
6.638999939,-1.291571024,8,0.8
6.647999763,-1.295879363,8,0.8
6.657000065,-1.300008817,8,0.8
6.665999889,-1.303943512,8,0.8
6.675000191,-1.307677112,8,0.8
6.684000015,-1.31121438,8,0.8
6.69299984,-1.314564614,8,0.8
6.702000141,-1.317749603,8,0.8
6.710999966,-1.320796221,8,0.8
6.71999979,-1.323736529,8,0.8
6.729000092,-1.326609223,8,0.8
6.737999916,-1.329451368,8,0.8
6.747000217,-1.332301131,8,0.8
6.756000042,-1.335193897,8,0.8
6.764999866,-1.338161716,8,0.8
6.774000168,-1.341227653,8,0.8
6.782999992,-1.344409996,8,0.8
6.791999817,-1.347717437,8,0.8
6.801000118,-1.351151128,8,0.8
6.809999943,-1.354701017,8,0.8
6.818999767,-1.358352612,8,0.8
6.828000069,-1.36208064,8,0.8
6.836999893,-1.36586019,8,0.8
6.846000195,-1.369653298,8,0.8
6.855000019,-1.373430046,8,0.8
6.863999844,-1.377152035,8,0.8
6.873000145,-1.380789559,8,0.8
6.881999969,-1.384312247,8,0.8
6.890999794,-1.387696884,8,0.8
6.900000095,-1.390928966,8,0.8
6.90899992,-1.393998419,8,0.8
6.918000221,-1.396905719,8,0.8
6.927000046,-1.399657931,8,0.8
6.93599987,-1.402272758,8,0.8
6.945000172,-1.404772106,8,0.8
6.953999996,-1.407185159,8,0.8
6.962999821,-1.409546272,8,0.8
6.972000122,-1.411886436,8,0.8
6.980999947,-1.414243016,8,0.8
6.989999771,-1.416652308,8,0.8
6.999000072,-1.419142416,8,0.8
7.007999897,-1.42173791,8,0.8
7.017000198,-1.424460957,8,0.8
7.026000023,-1.427322205,8,0.8
7.034999847,-1.430328858,8,0.8
7.044000149,-1.433475235,8,0.8
7.052999973,-1.436750985,8,0.8
7.061999798,-1.440139674,8,0.8
7.071000099,-1.443618543,8,0.8
7.079999924,-1.447159937,8,0.8
7.089000225,-1.450734735,8,0.8
7.09800005,-1.454313389,8,0.8
7.106999874,-1.457865073,8,0.8
7.116000175,-1.461364419,8,0.8
7.125,-1.464789064,8,0.8
7.133999825,-1.468124018,8,0.8
7.143000126,-1.471358477,8,0.8
7.15199995,-1.474491385,8,0.8
7.160999775,-1.477528042,8,0.8
7.170000076,-1.480479171,8,0.8
7.178999901,-1.483366429,8,0.8
7.188000202,-1.486213391,8,0.8
7.197000027,-1.489050133,8,0.8
7.205999851,-1.491909924,8,0.8
7.215000153,-1.494824173,8,0.8
7.223999977,-1.497827663,8,0.8
7.232999802,-1.500951695,8,0.8
7.242000103,-1.504222187,8,0.8
7.250999928,-1.507660285,8,0.8
7.260000229,-1.511284769,8,0.8
7.269000053,-1.515104423,8,0.8
7.277999878,-1.519119772,8,0.8
7.287000179,-1.523328335,8,0.8
7.296000004,-1.52772016,8,0.8
7.304999828,-1.532275666,8,0.8
7.31400013,-1.536978796,8,0.8
7.322999954,-1.541803903,8,0.8
7.331999779,-1.546727312,8,0.8
7.34100008,-1.551724118,8,0.8
7.349999905,-1.556771868,8,0.8
7.359000206,-1.561850459,8,0.8
7.368000031,-1.566948702,8,0.8
7.376999855,-1.572055349,8,0.8
7.386000156,-1.577169565,8,0.8
7.394999981,-1.582294323,8,0.8
7.403999805,-1.587445272,8,0.8
7.413000107,-1.592635401,8,0.8
7.421999931,-1.597892934,8,0.8
7.431000233,-1.603245246,8,0.8
7.440000057,-1.60872474,8,0.8
7.448999882,-1.614366181,8,0.8
7.458000183,-1.62020379,8,0.8
7.467000008,-1.626271363,8,0.8
7.475999832,-1.632601305,8,0.8
7.485000134,-1.639218571,8,0.8
7.493999958,-1.646147782,8,0.8
7.502999783,-1.653406249,8,0.8
7.512000084,-1.661003871,8,0.8
7.520999908,-1.66894304,8,0.8
7.53000021,-1.677227126,8,0.8
7.539000034,-1.685845927,8,0.8
7.547999859,-1.694790453,8,0.8
7.55700016,-1.704046401,8,0.8
7.565999985,-1.713596205,8,0.8
7.574999809,-1.72342565,8,0.8
7.584000111,-1.733516691,8,0.8
7.592999935,-1.743859761,8,0.8
7.602000237,-1.754444928,8,0.8
7.611000061,-1.765268385,8,0.8
7.619999886,-1.77633152,8,0.8
7.629000187,-1.78764445,8,0.8
7.638000011,-1.799221777,8,0.8
7.646999836,-1.811084241,8,0.8
7.656000137,-1.823260119,8,0.8
7.664999962,-1.835781824,8,0.8
7.673999786,-1.848684947,8,0.8
7.683000088,-1.862009865,8,0.8
7.691999912,-1.875797969,8,0.8
7.701000214,-1.890087459,8,0.8
7.710000038,-1.90491816,8,0.8
7.718999863,-1.920324377,8,0.8
7.728000164,-1.936338168,8,0.8
7.736999989,-1.952982606,8,0.8
7.745999813,-1.970278433,8,0.8
7.755000114,-1.988237869,8,0.8
7.763999939,-2.006864674,8,0.8
7.772999763,-2.02615984,8,0.8
7.782000065,-2.046115155,8,0.8
7.790999889,-2.066716238,8,0.8
7.800000191,-2.087948201,8,0.8
7.809000015,-2.10978845,8,0.8
7.81799984,-2.132216082,8,0.8
7.827000141,-2.15520431,8,0.8
7.835999966,-2.178729592,8,0.8
7.84499979,-2.202768931,8,0.8
7.854000092,-2.227298174,8,0.8
7.862999916,-2.252296212,8,0.8
7.872000217,-2.277742277,8,0.8
7.881000042,-2.303618138,8,0.8
7.889999866,-2.329903741,8,0.8
7.899000168,-2.356576335,8,0.8
7.907999992,-2.383611143,8,0.8
7.916999817,-2.41097906,8,0.8
7.926000118,-2.438642838,8,0.8
7.934999943,-2.466556027,8,0.8
7.943999767,-2.494657254,8,0.8
7.953000069,-2.522875106,8,0.8
7.961999893,-2.55111896,8,0.8
7.971000195,-2.579280389,8,0.8
7.980000019,-2.607234697,8,0.8
7.988999844,-2.634833065,8,0.8
7.998000145,-2.661907174,8,0.8
8.006999969,-2.688271919,8,0.8
8.015999794,-2.713720048,8,0.8
8.024999619,-2.738030539,8,0.8
8.034000397,-2.76097191,8,0.8
8.043000221,-2.782298696,8,0.8
8.052000046,-2.80176245,8,0.8
8.06099987,-2.819116587,8,0.8
8.069999695,-2.834117604,8,0.8
8.079000473,-2.846535498,8,0.8
8.088000298,-2.856155567,8,0.8
8.097000122,-2.862785,8,0.8
8.105999947,-2.866260908,8,0.8
8.114999771,-2.866455206,8,0.8
8.123999596,-2.863266127,8,0.8
8.133000374,-2.856642685,8,0.8
8.142000198,-2.846563334,8,0.8
8.151000023,-2.833051066,8,0.8
8.159999847,-2.816173755,8,0.8
8.168999672,-2.796028236,8,0.8
8.17800045,-2.772751806,8,0.8
8.187000275,-2.746508262,8,0.8
8.196000099,-2.717494728,8,0.8
8.204999924,-2.685923019,8,0.8
8.213999748,-2.65202789,8,0.8
8.222999573,-2.616052464,8,0.8
8.232000351,-2.578246825,8,0.8
8.241000175,-2.538866569,8,0.8
8.25,-2.498163416,8,0.8
8.258999825,-2.456388115,8,0.8
8.267999649,-2.413778425,8,0.8
8.277000427,-2.370566647,8,0.8
8.286000252,-2.326971865,8,0.8
8.295000076,-2.283201764,8,0.8
8.303999901,-2.239447506,8,0.8
8.312999725,-2.195887859,8,0.8
8.32199955,-2.152688497,8,0.8
8.331000328,-2.109995466,8,0.8
8.340000153,-2.067946748,8,0.8
8.348999977,-2.026661847,8,0.8
8.357999802,-1.986245853,8,0.8
8.366999626,-1.946791855,8,0.8
8.376000404,-1.908378457,8,0.8
8.385000229,-1.871072158,8,0.8
8.394000053,-1.83492331,8,0.8
8.402999878,-1.799973208,8,0.8
8.411999702,-1.766250262,8,0.8
8.420999527,-1.733767922,8,0.8
8.430000305,-1.702533416,8,0.8
8.43900013,-1.672540633,8,0.8
8.447999954,-1.643775242,8,0.8
8.456999779,-1.616213635,8,0.8
8.465999603,-1.58982642,8,0.8
8.475000381,-1.564576891,8,0.8
8.484000206,-1.540424432,8,0.8
8.493000031,-1.517326683,8,0.8
8.501999855,-1.495236497,8,0.8
8.51099968,-1.474108147,8,0.8
8.520000458,-1.453896913,8,0.8
8.529000282,-1.434559535,8,0.8
8.538000107,-1.416057297,8,0.8
8.546999931,-1.398353894,8,0.8
8.555999756,-1.381417242,8,0.8
8.56499958,-1.365221914,8,0.8
8.574000359,-1.349747084,8,0.8
8.583000183,-1.334976628,8,0.8
8.592000008,-1.320898861,8,0.8
8.600999832,-1.307507395,8,0.8
8.609999657,-1.294793711,8,0.8
8.619000435,-1.282760496,8,0.8
8.628000259,-1.271403113,8,0.8
8.637000084,-1.260722599,8,0.8
8.645999908,-1.250715081,8,0.8
8.654999733,-1.241377732,8,0.8
8.663999557,-1.232705835,8,0.8
8.673000336,-1.224685521,8,0.8
8.68200016,-1.217309176,8,0.8
8.690999985,-1.210556036,8,0.8
8.699999809,-1.20440691,8,0.8
8.708999634,-1.198838009,8,0.8
8.718000412,-1.193823543,8,0.8
8.727000237,-1.189334876,8,0.8
8.736000061,-1.185341473,8,0.8
8.744999886,-1.181814663,8,0.8
8.75399971,-1.178725338,8,0.8
8.762999535,-1.17604689,8,0.8
8.772000313,-1.173755863,8,0.8
8.781000137,-1.171832906,8,0.8
8.789999962,-1.170261677,8,0.8
8.798999786,-1.16903653,8,0.8
8.807999611,-1.16815072,8,0.8
8.817000389,-1.167607762,8,0.8
8.826000214,-1.167414791,8,0.8
8.835000038,-1.167582553,8,0.8
8.843999863,-1.168128449,8,0.8
8.852999687,-1.169072003,8,0.8
8.862000465,-1.170438997,8,0.8
8.87100029,-1.17224787,8,0.8
8.880000114,-1.174527519,8,0.8
8.888999939,-1.177298374,8,0.8
8.897999763,-1.180584387,8,0.8
8.906999588,-1.184400717,8,0.8
8.916000366,-1.1887672,8,0.8
8.925000191,-1.193694351,8,0.8
8.934000015,-1.199189564,8,0.8
8.94299984,-1.205258372,8,0.8
8.951999664,-1.211900243,8,0.8
8.961000443,-1.219117176,8,0.8
8.970000267,-1.226903979,8,0.8
8.979000092,-1.235255415,8,0.8
8.987999916,-1.244170743,8,0.8
8.996999741,-1.253645945,8,0.8
9.005999565,-1.263680478,8,0.8
9.015000343,-1.274280218,8,0.8
9.024000168,-1.285452865,8,0.8
9.032999992,-1.297213945,8,0.8
9.041999817,-1.309582889,8,0.8
9.050999641,-1.322586327,8,0.8
9.06000042,-1.336259918,8,0.8
9.069000244,-1.35064048,8,0.8
9.078000069,-1.365775587,8,0.8
9.086999893,-1.38171501,8,0.8
9.095999718,-1.398512555,8,0.8
9.104999542,-1.416228228,8,0.8
9.11400032,-1.434919046,8,0.8
9.123000145,-1.454646951,8,0.8
9.131999969,-1.475470112,8,0.8
9.140999794,-1.497448788,8,0.8
9.149999619,-1.520636807,8,0.8
9.159000397,-1.54508603,8,0.8
9.168000221,-1.57084598,8,0.8
9.177000046,-1.597958737,8,0.8
9.18599987,-1.626464022,8,0.8
9.194999695,-1.6563955,8,0.8
9.204000473,-1.687783362,8,0.8
9.213000298,-1.720654162,8,0.8
9.222000122,-1.755027438,8,0.8
9.230999947,-1.790921729,8,0.8
9.239999771,-1.82835217,8,0.8
9.248999596,-1.867327418,8,0.8
9.258000374,-1.907855404,8,0.8
9.267000198,-1.949937499,8,0.8
9.276000023,-1.993569753,8,0.8
9.284999847,-2.038740574,8,0.8
9.293999672,-2.085429329,8,0.8
9.30300045,-2.133601427,8,0.8
9.312000275,-2.18320949,8,0.8
9.321000099,-2.234185506,8,0.8
9.329999924,-2.286436809,8,0.8
9.338999748,-2.339848912,8,0.8
9.347999573,-2.394269306,8,0.8
9.357000351,-2.449513042,8,0.8
9.366000175,-2.505353901,8,0.8
9.375,-2.56152321,8,0.8
9.383999825,-2.617706312,8,0.8
9.392999649,-2.673540953,8,0.8
9.402000427,-2.728618807,8,0.8
9.411000252,-2.782487101,8,0.8
9.420000076,-2.834653023,8,0.8
9.428999901,-2.884589144,8,0.8
9.437999725,-2.931747133,8,0.8
9.44699955,-2.975564493,8,0.8
9.456000328,-3.015479447,8,0.8
9.465000153,-3.050949416,8,0.8
9.473999977,-3.081465383,8,0.8
9.482999802,-3.106568357,8,0.8
9.491999626,-3.125871743,8,0.8
9.501000404,-3.139065218,8,0.8
9.510000229,-3.145939231,8,0.8
9.519000053,-3.146384491,8,0.8
9.527999878,-3.140404884,8,0.8
9.536999702,-3.128108,8,0.8
9.545999527,-3.109707458,8,0.8
9.555000305,-3.085513627,8,0.8
9.56400013,-3.055918015,8,0.8
9.572999954,-3.021380066,8,0.8
9.581999779,-2.982410633,8,0.8
9.590999603,-2.939553785,8,0.8
9.600000381,-2.893371009,8,0.8
9.609000206,-2.844421297,8,0.8
9.618000031,-2.793253058,8,0.8
9.626999855,-2.740384929,8,0.8
9.63599968,-2.686303673,8,0.8
9.645000458,-2.631452388,8,0.8
9.654000282,-2.576224773,8,0.8
9.663000107,-2.520972815,8,0.8
9.671999931,-2.465991893,8,0.8
9.680999756,-2.411536442,8,0.8
9.68999958,-2.357816206,8,0.8
9.699000359,-2.304998655,8,0.8
9.708000183,-2.25321922,8,0.8
9.717000008,-2.202582822,8,0.8
9.725999832,-2.153166078,8,0.8
9.734999657,-2.105030699,8,0.8
9.744000435,-2.05821773,8,0.8
9.753000259,-2.012759382,8,0.8
9.762000084,-1.96867907,8,0.8
9.770999908,-1.92599315,8,0.8
9.779999733,-1.884712572,8,0.8
9.788999557,-1.844851123,8,0.8
9.798000336,-1.806412999,8,0.8
9.80700016,-1.769404449,8,0.8
9.815999985,-1.733828232,8,0.8
9.824999809,-1.699682614,8,0.8
9.833999634,-1.666961645,8,0.8
9.843000412,-1.635654781,8,0.8
9.852000237,-1.605742155,8,0.8
9.861000061,-1.577198423,8,0.8
9.869999886,-1.54999217,8,0.8
9.87899971,-1.524078196,8,0.8
9.887999535,-1.499406748,8,0.8
9.897000313,-1.475919893,8,0.8
9.906000137,-1.453552582,8,0.8
9.914999962,-1.432234586,8,0.8
9.923999786,-1.411890918,8,0.8
9.932999611,-1.392444902,8,0.8
9.942000389,-1.373821592,8,0.8
9.951000214,-1.35594601,8,0.8
9.960000038,-1.338751347,8,0.8
9.968999863,-1.322172887,8,0.8
9.977999687,-1.306157279,8,0.8
9.987000465,-1.290660271,8,0.8
9.99600029,-1.275644821,8,0.8
10.00500011,-1.261088842,8,0.8
10.01399994,-1.246980563,8,0.8
10.02299976,-1.233314035,8,0.8
10.03199959,-1.220094748,8,0.8
10.04100037,-1.207336512,8,0.8
10.05000019,-1.195053812,8,0.8
10.05900002,-1.183269609,8,0.8
10.06799984,-1.172002431,8,0.8
10.07699966,-1.161270754,8,0.8
10.08600044,-1.151089906,8,0.8
10.09500027,-1.14146733,8,0.8
10.10400009,-1.132403868,8,0.8
10.11299992,-1.12389142,8,0.8
10.12199974,-1.115912678,8,0.8
10.13099957,-1.108441701,8,0.8
10.14000034,-1.101441671,8,0.8
10.14900017,-1.094870245,8,0.8
10.15799999,-1.088677253,8,0.8
10.16699982,-1.082808525,8,0.8
10.17599964,-1.077207283,8,0.8
10.18500042,-1.071820199,8,0.8
10.19400024,-1.066593837,8,0.8
10.20300007,-1.061480596,8,0.8
10.21199989,-1.056443337,8,0.8
10.22099972,-1.051449156,8,0.8
10.22999954,-1.046481249,8,0.8
10.23900032,-1.041530705,8,0.8
10.24800014,-1.036603132,8,0.8
10.25699997,-1.031714473,8,0.8
10.26599979,-1.026888764,8,0.8
10.27499962,-1.022160731,8,0.8
10.2840004,-1.017569805,8,0.8
10.29300022,-1.013161906,8,0.8
10.30200005,-1.00898006,8,0.8
10.31099987,-1.005067082,8,0.8
10.31999969,-1.001462056,8,0.8
10.32900047,-0.998194326,8,0.8
10.3380003,-0.995284914,8,0.8
10.34700012,-0.992746199,8,0.8
10.35599995,-0.990574623,8,0.8
10.36499977,-0.988756787,8,0.8
10.3739996,-0.987265128,8,0.8
10.38300037,-0.986064395,8,0.8
10.3920002,-0.985104857,8,0.8
10.40100002,-0.984334312,8,0.8
10.40999985,-0.98369299,8,0.8
10.41899967,-0.983123238,8,0.8
10.42800045,-0.982564698,8,0.8
10.43700027,-0.981965016,8,0.8
10.4460001,-0.981280301,8,0.8
10.45499992,-0.980474105,8,0.8
10.46399975,-0.979526576,8,0.8
10.47299957,-0.978427472,8,0.8
10.48200035,-0.977185642,8,0.8
10.49100018,-0.975820763,8,0.8
10.5,-0.974367045,8,0.8
1.5,-0.56179047,8,2
1.508999944,-0.572765381,8,2
1.518000007,-0.58366548,8,2
1.52699995,-0.594065181,8,2
1.536000013,-0.603559586,8,2
1.544999957,-0.611775033,8,2
1.55400002,-0.61838568,8,2
1.562999964,-0.623121297,8,2
1.572000027,-0.625780272,8,2
1.58099997,-0.626232739,8,2
1.590000033,-0.624427817,8,2
1.598999977,-0.620395284,8,2
1.60800004,-0.614237888,8,2
1.616999984,-0.606132649,8,2
1.626000047,-0.596321049,8,2
1.63499999,-0.585096978,8,2
1.644000053,-0.572798798,8,2
1.652999997,-0.559794099,8,2
1.661999941,-0.546468613,8,2
1.671000004,-0.53321294,8,2
1.679999948,-0.520406329,8,2
1.68900001,-0.508410014,8,2
1.697999954,-0.497551962,8,2
1.707000017,-0.488120294,8,2
1.715999961,-0.480354343,8,2
1.725000024,-0.474437029,8,2
1.733999968,-0.470491113,8,2
1.743000031,-0.468577879,8,2
1.751999974,-0.468695699,8,2
1.761000037,-0.470778258,8,2
1.769999981,-0.474696303,8,2
1.779000044,-0.480267916,8,2
1.787999988,-0.487258139,8,2
1.797000051,-0.495387344,8,2
1.805999994,-0.504342813,8,2
1.815000057,-0.513783885,8,2
1.824000001,-0.523358706,8,2
1.832999945,-0.53271108,8,2
1.842000008,-0.54149395,8,2
1.850999951,-0.549381067,8,2
1.860000014,-0.556079934,8,2
1.868999958,-0.56133858,8,2
1.878000021,-0.564957533,8,2
1.886999965,-0.566794568,8,2
1.896000028,-0.566770867,8,2
1.904999971,-0.564872387,8,2
1.914000034,-0.561150019,8,2
1.922999978,-0.555719779,8,2
1.932000041,-0.548750151,8,2
1.940999985,-0.540464174,8,2
1.950000048,-0.531126508,8,2
1.958999991,-0.521034201,8,2
1.968000054,-0.51050679,8,2
1.976999998,-0.499870956,8,2
1.985999942,-0.489457624,8,2
1.995000005,-0.479586438,8,2
2.003999949,-0.470551664,8,2
2.013000011,-0.462622779,8,2
2.022000074,-0.456028977,8,2
2.030999899,-0.450955961,8,2
2.039999962,-0.447539866,8,2
2.049000025,-0.445864278,8,2
2.058000088,-0.445958057,8,2
2.066999912,-0.447792964,8,2
2.075999975,-0.451288018,8,2
2.085000038,-0.456311278,8,2
2.094000101,-0.462682469,8,2
2.102999926,-0.470180786,8,2
2.111999989,-0.478549218,8,2
2.121000051,-0.487504698,8,2
2.130000114,-0.49674822,8,2
2.138999939,-0.505970704,8,2
2.148000002,-0.514867602,8,2
2.157000065,-0.523146115,8,2
2.165999889,-0.530536359,8,2
2.174999952,-0.5368005,8,2
2.184000015,-0.541743184,8,2
2.193000078,-0.545214367,8,2
2.201999903,-0.547117389,8,2
2.210999966,-0.547409394,8,2
2.220000029,-0.546108518,8,2
2.229000092,-0.543288679,8,2
2.237999916,-0.53907003,8,2
2.246999979,-0.533631003,8,2
2.256000042,-0.527182001,8,2
2.265000105,-0.519974661,8,2
2.273999929,-0.512283223,8,2
2.282999992,-0.504393436,8,2
2.292000055,-0.496602843,8,2
2.301000118,-0.489200779,8,2
2.309999943,-0.4824635,8,2
2.319000006,-0.476649403,8,2
2.328000069,-0.471983333,8,2
2.336999893,-0.468651868,8,2
2.345999956,-0.466807511,8,2
2.355000019,-0.466547617,8,2
2.364000082,-0.467925406,8,2
2.372999907,-0.470945467,8,2
2.381999969,-0.475560955,8,2
2.391000032,-0.481676192,8,2
2.400000095,-0.489152854,8,2
2.40899992,-0.497805247,8,2
2.417999983,-0.507423462,8,2
2.427000046,-0.51775918,8,2
2.436000109,-0.528548614,8,2
2.444999933,-0.53951902,8,2
2.453999996,-0.550387384,8,2
2.463000059,-0.560883204,8,2
2.471999884,-0.570749759,8,2
2.480999947,-0.579755813,8,2
2.49000001,-0.587704131,8,2
2.499000072,-0.594435919,8,2
2.507999897,-0.599838439,8,2
2.51699996,-0.603849155,8,2
2.526000023,-0.606453929,8,2
2.535000086,-0.607696593,8,2
2.54399991,-0.607667031,8,2
2.552999973,-0.606505203,8,2
2.562000036,-0.60438862,8,2
2.571000099,-0.60153322,8,2
2.579999924,-0.598182063,8,2
2.588999987,-0.594598817,8,2
2.59800005,-0.591055609,8,2
2.607000113,-0.587824805,8,2
2.615999937,-0.58517297,8,2
2.625,-0.583346492,8,2
2.634000063,-0.582572666,8,2
2.642999887,-0.583042561,8,2
2.65199995,-0.58491234,8,2
2.661000013,-0.58829158,8,2
2.670000076,-0.593249417,8,2
2.678999901,-0.599804127,8,2
2.687999964,-0.607922813,8,2
2.697000027,-0.617529741,8,2
2.70600009,-0.628497922,8,2
2.714999914,-0.640660362,8,2
2.723999977,-0.653812488,8,2
2.73300004,-0.667713491,8,2
2.742000103,-0.682103641,8,2
2.750999928,-0.696702505,8,2
2.75999999,-0.711222559,8,2
2.769000053,-0.725378101,8,2
2.778000116,-0.738890998,8,2
2.786999941,-0.751505465,8,2
2.796000004,-0.762991203,8,2
2.805000067,-0.773156837,8,2
2.813999891,-0.781849101,8,2
2.822999954,-0.788966464,8,2
2.832000017,-0.794455371,8,2
2.84100008,-0.798315699,8,2
2.849999905,-0.800599536,8,2
2.858999968,-0.80140611,8,2
2.868000031,-0.800886762,8,2
2.877000093,-0.799225409,8,2
2.885999918,-0.796642512,8,2
2.894999981,-0.793383894,8,2
2.904000044,-0.789707518,8,2
2.913000107,-0.785883692,8,2
2.921999931,-0.782176818,8,2
2.930999994,-0.778837374,8,2
2.940000057,-0.776099691,8,2
2.948999882,-0.774169632,8,2
2.957999945,-0.773215859,8,2
2.967000008,-0.773369658,8,2
2.976000071,-0.774716209,8,2
2.984999895,-0.777299215,8,2
2.993999958,-0.781104717,8,2
3.003000021,-0.786079892,8,2
3.012000084,-0.792120422,8,2
3.020999908,-0.799077879,8,2
3.029999971,-0.806771044,8,2
3.039000034,-0.814977937,8,2
3.048000097,-0.823456153,8,2
3.056999922,-0.831945555,8,2
3.065999985,-0.840172193,8,2
3.075000048,-0.847866299,8,2
3.084000111,-0.854766521,8,2
3.092999935,-0.860632575,8,2
3.101999998,-0.86524769,8,2
3.111000061,-0.868435042,8,2
3.119999886,-0.870060904,8,2
3.128999949,-0.870037979,8,2
3.138000011,-0.868332767,8,2
3.147000074,-0.864967558,8,2
3.155999899,-0.860015575,8,2
3.164999962,-0.853602957,8,2
3.174000025,-0.845905931,8,2
3.183000088,-0.837139802,8,2
3.191999912,-0.827554626,8,2
3.200999975,-0.817433339,8,2
3.210000038,-0.807065676,8,2
3.219000101,-0.79675655,8,2
3.227999926,-0.786806927,8,2
3.236999989,-0.777506887,8,2
3.246000051,-0.769121136,8,2
3.255000114,-0.761893022,8,2
3.263999939,-0.756023266,8,2
3.273000002,-0.751672358,8,2
3.282000065,-0.748953333,8,2
3.290999889,-0.747929257,8,2
3.299999952,-0.748610981,8,2
3.309000015,-0.750954955,8,2
3.318000078,-0.754867725,8,2
3.326999903,-0.760202513,8,2
3.335999966,-0.766774697,8,2
3.345000029,-0.774352544,8,2
3.354000092,-0.782675724,8,2
3.362999916,-0.791459794,8,2
3.371999979,-0.800402044,8,2
3.381000042,-0.809197974,8,2
3.390000105,-0.817543252,8,2
3.398999929,-0.825153976,8,2
3.407999992,-0.831769971,8,2
3.417000055,-0.83716434,8,2
3.426000118,-0.841157626,8,2
3.434999943,-0.843622124,8,2
3.444000006,-0.844484541,8,2
3.453000069,-0.843735038,8,2
3.461999893,-0.841426331,8,2
3.470999956,-0.83767173,8,2
3.480000019,-0.832641716,8,2
3.489000082,-0.826563159,8,2
3.497999907,-0.819707137,8,2
3.506999969,-0.81238129,8,2
3.516000032,-0.804922569,8,2
3.525000095,-0.797684348,8,2
3.53399992,-0.791022455,8,2
3.542999983,-0.785289925,8,2
3.552000046,-0.780822403,8,2
3.561000109,-0.777925699,8,2
3.569999933,-0.776869852,8,2
3.578999996,-0.777880625,8,2
3.588000059,-0.781132146,8,2
3.596999884,-0.786739074,8,2
3.605999947,-0.794756422,8,2
3.61500001,-0.805172302,8,2
3.624000072,-0.817913628,8,2
3.632999897,-0.832841697,8,2
3.64199996,-0.849760659,8,2
3.651000023,-0.868416975,8,2
3.660000086,-0.888508319,8,2
3.66899991,-0.909696463,8,2
3.677999973,-0.931611883,8,2
3.687000036,-0.953870133,8,2
3.696000099,-0.976081278,8,2
3.704999924,-0.997864924,8,2
3.713999987,-1.018868018,8,2
3.72300005,-1.038785054,8,2
3.732000113,-1.0573569,8,2
3.740999937,-1.07440006,8,2
3.75,-1.089811379,8,2
3.759000063,-1.103581347,8,2
3.767999887,-1.115790894,8,2
3.77699995,-1.126636576,8,2
3.786000013,-1.136403178,8,2
3.795000076,-1.145484213,8,2
3.803999901,-1.154364427,8,2
3.812999964,-1.163607038,8,2
3.822000027,-1.173852705,8,2
3.83100009,-1.185799483,8,2
3.839999914,-1.200189033,8,2
3.848999977,-1.217788496,8,2
3.85800004,-1.239380022,8,2
3.867000103,-1.265738743,8,2
3.875999928,-1.297622728,8,2
3.88499999,-1.335762056,8,2
3.894000053,-1.380832348,8,2
3.903000116,-1.433457744,8,2
3.911999941,-1.494188305,8,2
3.921000004,-1.56349136,8,2
3.930000067,-1.641743364,8,2
3.938999891,-1.729216328,8,2
3.947999954,-1.826059733,8,2
3.957000017,-1.932296844,8,2
3.96600008,-2.04779726,8,2
3.974999905,-2.172273343,8,2
3.983999968,-2.305246086,8,2
3.993000031,-2.446037836,8,2
4.001999855,-2.593732968,8,2
4.011000156,-2.747168848,8,2
4.019999981,-2.904906737,8,2
4.028999805,-3.065199277,8,2
4.038000107,-3.226001694,8,2
4.046999931,-3.384943247,8,2
4.056000233,-3.539353596,8,2
4.065000057,-3.686300696,8,2
4.073999882,-3.822644478,8,2
4.083000183,-3.945148711,8,2
4.092000008,-4.050596823,8,2
4.100999832,-4.135961131,8,2
4.110000134,-4.198575408,8,2
4.118999958,-4.236316324,8,2
4.127999783,-4.247763901,8,2
4.137000084,-4.232305842,8,2
4.145999908,-4.190204967,8,2
4.15500021,-4.12257164,8,2
4.164000034,-4.031288097,8,2
4.172999859,-3.918862335,8,2
4.18200016,-3.788263817,8,2
4.190999985,-3.642737888,8,2
4.199999809,-3.485623404,8,2
4.209000111,-3.320219363,8,2
4.217999935,-3.149645465,8,2
4.227000237,-2.976771957,8,2
4.236000061,-2.804168165,8,2
4.244999886,-2.634066768,8,2
4.254000187,-2.46836268,8,2
4.263000011,-2.308625436,8,2
4.271999836,-2.156121118,8,2
4.281000137,-2.011823606,8,2
4.289999962,-1.876459569,8,2
4.298999786,-1.750519202,8,2
4.308000088,-1.634296226,8,2
4.316999912,-1.527906616,8,2
4.326000214,-1.43130595,8,2
4.335000038,-1.344325628,8,2
4.343999863,-1.26667286,8,2
4.353000164,-1.197959119,8,2
4.361999989,-1.137717067,8,2
4.370999813,-1.085402304,8,2
4.380000114,-1.04041883,8,2
4.388999939,-1.002129442,8,2
4.397999763,-0.96986158,8,2
4.407000065,-0.942923028,8,2
4.415999889,-0.920612854,8,2
4.425000191,-0.902237227,8,2
4.434000015,-0.887113143,8,2
4.44299984,-0.874582415,8,2
4.452000141,-0.864020533,8,2
4.460999966,-0.854854175,8,2
4.46999979,-0.846557642,8,2
4.479000092,-0.838670577,8,2
4.487999916,-0.830797763,8,2
4.497000217,-0.822616787,8,2
4.506000042,-0.813878661,8,2
4.514999866,-0.804408914,8,2
4.524000168,-0.794107763,8,2
4.532999992,-0.7829405,8,2
4.541999817,-0.77093817,8,2
4.551000118,-0.758188424,8,2
4.559999943,-0.744826412,8,2
4.568999767,-0.731022641,8,2
4.578000069,-0.716980047,8,2
4.586999893,-0.702915816,8,2
4.596000195,-0.689058257,8,2
4.605000019,-0.675632122,8,2
4.613999844,-0.662854295,8,2
4.623000145,-0.650923802,8,2
4.631999969,-0.640013461,8,2
4.640999794,-0.630270188,8,2
4.650000095,-0.621808884,8,2
4.65899992,-0.614703435,8,2
4.668000221,-0.60899596,8,2
4.677000046,-0.604689958,8,2
4.68599987,-0.60175288,8,2
4.695000172,-0.600117979,8,2
4.703999996,-0.599688889,8,2
4.712999821,-0.600340507,8,2
4.722000122,-0.601925636,8,2
4.730999947,-0.604280131,8,2
4.739999771,-0.607226372,8,2
4.749000072,-0.610582591,8,2
4.757999897,-0.614160917,8,2
4.767000198,-0.617784845,8,2
4.776000023,-0.621282707,8,2
4.784999847,-0.624500285,8,2
4.794000149,-0.627301609,8,2
4.802999973,-0.629575818,8,2
4.811999798,-0.631235516,8,2
4.821000099,-0.632221334,8,2
4.829999924,-0.63250346,8,2
4.839000225,-0.632080908,8,2
4.84800005,-0.630979145,8,2
4.856999874,-0.629249171,8,2
4.866000175,-0.62696335,8,2
4.875,-0.624219466,8,2
4.883999825,-0.621123442,8,2
4.893000126,-0.617796744,8,2
4.90199995,-0.614365626,8,2
4.910999775,-0.610957356,8,2
4.920000076,-0.607701613,8,2
4.928999901,-0.604717449,8,2
4.938000202,-0.602112348,8,2
4.947000027,-0.599983385,8,2
4.955999851,-0.598411831,8,2
4.965000153,-0.597456898,8,2
4.973999977,-0.59715984,8,2
4.982999802,-0.597542931,8,2
4.992000103,-0.598605552,8,2
5.000999928,-0.60032809,8,2
5.010000229,-0.602669688,8,2
5.019000053,-0.605575184,8,2
5.027999878,-0.608973364,8,2
5.037000179,-0.612780157,8,2
5.046000004,-0.616901621,8,2
5.054999828,-0.621240061,8,2
5.06400013,-0.625691526,8,2
5.072999954,-0.630153069,8,2
5.081999779,-0.634527535,8,2
5.09100008,-0.638724015,8,2
5.099999905,-0.642659224,8,2
5.109000206,-0.646263858,8,2
5.118000031,-0.649482565,8,2
5.126999855,-0.652276547,8,2
5.136000156,-0.65462107,8,2
5.144999981,-0.656511318,8,2
5.153999805,-0.657957823,8,2
5.163000107,-0.658988724,8,2
5.171999931,-0.659643119,8,2
5.181000233,-0.659978559,8,2
5.190000057,-0.660060622,8,2
5.198999882,-0.659960507,8,2
5.208000183,-0.659761228,8,2
5.217000008,-0.65954314,8,2
5.225999832,-0.659389499,8,2
5.235000134,-0.659380203,8,2
5.243999958,-0.65959107,8,2
5.252999783,-0.660087327,8,2
5.262000084,-0.660928454,8,2
5.270999908,-0.662159192,8,2
5.28000021,-0.663814343,8,2
5.289000034,-0.665914112,8,2
5.297999859,-0.668466173,8,2
5.30700016,-0.671462715,8,2
5.315999985,-0.674886071,8,2
5.324999809,-0.678702302,8,2
5.334000111,-0.682869578,8,2
5.342999935,-0.687335634,8,2
5.352000237,-0.692040853,8,2
5.361000061,-0.696920992,8,2
5.369999886,-0.701907033,8,2
5.379000187,-0.706930174,8,2
5.388000011,-0.711923818,8,2
5.396999836,-0.716823872,8,2
5.406000137,-0.721568781,8,2
5.414999962,-0.726111605,8,2
5.423999786,-0.730410288,8,2
5.433000088,-0.734430279,8,2
5.441999912,-0.738155224,8,2
5.451000214,-0.741574717,8,2
5.460000038,-0.744693587,8,2
5.468999863,-0.747525589,8,2
5.478000164,-0.750097471,8,2
5.486999989,-0.752442788,8,2
5.495999813,-0.754609448,8,2
5.505000114,-0.756643634,8,2
5.513999939,-0.758605177,8,2
5.522999763,-0.760551028,8,2
5.532000065,-0.762540915,8,2
5.540999889,-0.764634956,8,2
5.550000191,-0.766888382,8,2
5.559000015,-0.769354852,8,2
5.56799984,-0.77207821,8,2
5.577000141,-0.775096233,8,2
5.585999966,-0.778438516,8,2
5.59499979,-0.782126175,8,2
5.604000092,-0.786166641,8,2
5.612999916,-0.790562853,8,2
5.622000217,-0.795303987,8,2
5.631000042,-0.800369205,8,2
5.639999866,-0.80573276,8,2
5.649000168,-0.811356801,8,2
5.657999992,-0.817201984,8,2
5.666999817,-0.82322184,8,2
5.676000118,-0.829364135,8,2
5.684999943,-0.835581089,8,2
5.693999767,-0.841819669,8,2
5.703000069,-0.848030255,8,2
5.711999893,-0.854169818,8,2
5.721000195,-0.860195108,8,2
5.730000019,-0.86607346,8,2
5.738999844,-0.871778519,8,2
5.748000145,-0.877291818,8,2
5.756999969,-0.882602679,8,2
5.765999794,-0.88771262,8,2
5.775000095,-0.892626969,8,2
5.78399992,-0.897366171,8,2
5.793000221,-0.901952614,8,2
5.802000046,-0.906420055,8,2
5.81099987,-0.910805528,8,2
5.820000172,-0.915152306,8,2
5.828999996,-0.919507395,8,2
5.837999821,-0.923917297,8,2
5.847000122,-0.928429943,8,2
5.855999947,-0.933091364,8,2
5.864999771,-0.937945444,8,2
5.874000072,-0.943030555,8,2
5.882999897,-0.948382471,8,2
5.892000198,-0.954028291,8,2
5.901000023,-0.959986821,8,2
5.909999847,-0.966271731,8,2
5.919000149,-0.97288771,8,2
5.927999973,-0.979832334,8,2
5.936999798,-0.987093204,8,2
5.946000099,-0.994653552,8,2
5.954999924,-1.002487204,8,2
5.964000225,-1.010565911,8,2
5.97300005,-1.018852897,8,2
5.981999874,-1.02731161,8,2
5.991000175,-1.035899992,8,2
6,-1.044580292,8,2
6.008999825,-1.05331134,8,2
6.018000126,-1.062055972,8,2
6.02699995,-1.070780159,8,2
6.035999775,-1.079455444,8,2
6.045000076,-1.088057748,8,2
6.053999901,-1.096570228,8,2
6.063000202,-1.104983725,8,2
6.072000027,-1.113294693,8,2
6.080999851,-1.12150839,8,2
6.090000153,-1.129638965,8,2
6.098999977,-1.137703534,8,2
6.107999802,-1.145730183,8,2
6.117000103,-1.153750286,8,2
6.125999928,-1.161798622,8,2
6.135000229,-1.169915172,8,2
6.144000053,-1.178142971,8,2
6.152999878,-1.186523827,8,2
6.162000179,-1.195100178,8,2
6.171000004,-1.203912151,8,2
6.179999828,-1.212999005,8,2
6.18900013,-1.222393617,8,2
6.197999954,-1.232125901,8,2
6.206999779,-1.242218281,8,2
6.21600008,-1.252687843,8,2
6.224999905,-1.263545906,8,2
6.234000206,-1.274795877,8,2
6.243000031,-1.286435569,8,2
6.251999855,-1.298453102,8,2
6.261000156,-1.310836934,8,2
6.269999981,-1.323561903,8,2
6.278999805,-1.33660641,8,2
6.288000107,-1.349940707,8,2
6.296999931,-1.363534397,8,2
6.306000233,-1.377355494,8,2
6.315000057,-1.391373104,8,2
6.323999882,-1.405554674,8,2
6.333000183,-1.4198748,8,2
6.342000008,-1.434307089,8,2
6.350999832,-1.448834934,8,2
6.360000134,-1.463442245,8,2
6.368999958,-1.478120134,8,2
6.377999783,-1.49286937,8,2
6.387000084,-1.507695678,8,2
6.395999908,-1.522609853,8,2
6.40500021,-1.537631765,8,2
6.414000034,-1.552786883,8,2
6.422999859,-1.568106884,8,2
6.43200016,-1.583628559,8,2
6.440999985,-1.599389413,8,2
6.449999809,-1.615434386,8,2
6.459000111,-1.631807965,8,2
6.467999935,-1.648554757,8,2
6.477000237,-1.665722182,8,2
6.486000061,-1.683352275,8,2
6.494999886,-1.701485255,8,2
6.504000187,-1.720158577,8,2
6.513000011,-1.739403199,8,2
6.521999836,-1.759248339,8,2
6.531000137,-1.779715811,8,2
6.539999962,-1.800817793,8,2
6.548999786,-1.822566331,8,2
6.558000088,-1.844962016,8,2
6.566999912,-1.868004978,8,2
6.576000214,-1.891684413,8,2
6.585000038,-1.915990162,8,2
6.593999863,-1.940903593,8,2
6.603000164,-1.966407569,8,2
6.611999989,-1.992478201,8,2
6.620999813,-2.019096512,8,2
6.630000114,-2.046239148,8,2
6.638999939,-2.073888461,8,2
6.647999763,-2.102026461,8,2
6.657000065,-2.130641254,8,2
6.665999889,-2.159723136,8,2
6.675000191,-2.189269802,8,2
6.684000015,-2.219286306,8,2
6.69299984,-2.24978145,8,2
6.702000141,-2.280773803,8,2
6.710999966,-2.312286227,8,2
6.71999979,-2.344348265,8,2
6.729000092,-2.37699936,8,2
6.737999916,-2.410278861,8,2
6.747000217,-2.444235496,8,2
6.756000042,-2.478920179,8,2
6.764999866,-2.514383996,8,2
6.774000168,-2.550685622,8,2
6.782999992,-2.587877635,8,2
6.791999817,-2.626014877,8,2
6.801000118,-2.665149673,8,2
6.809999943,-2.705329471,8,2
6.818999767,-2.746600184,8,2
6.828000069,-2.788998438,8,2
6.836999893,-2.832556389,8,2
6.846000195,-2.877299213,8,2
6.855000019,-2.923245866,8,2
6.863999844,-2.970403772,8,2
6.873000145,-3.018775825,8,2
6.881999969,-3.068357202,8,2
6.890999794,-3.119132713,8,2
6.900000095,-3.171083237,8,2
6.90899992,-3.224181231,8,2
6.918000221,-3.278396989,8,2
6.927000046,-3.333694134,8,2
6.93599987,-3.390029737,8,2
6.945000172,-3.4473676,8,2
6.953999996,-3.505659719,8,2
6.962999821,-3.564865787,8,2
6.972000122,-3.62494333,8,2
6.980999947,-3.685850399,8,2
6.989999771,-3.747550173,8,2
6.999000072,-3.810004637,8,2
7.007999897,-3.873183844,8,2
7.017000198,-3.93705428,8,2
7.026000023,-4.001591454,8,2
7.034999847,-4.066767955,8,2
7.044000149,-4.132559764,8,2
7.052999973,-4.19894094,8,2
7.061999798,-4.265884208,8,2
7.071000099,-4.333360446,8,2
7.079999924,-4.401332192,8,2
7.089000225,-4.469756707,8,2
7.09800005,-4.538579517,8,2
7.106999874,-4.607735663,8,2
7.116000175,-4.677147561,8,2
7.125,-4.746718725,8,2
7.133999825,-4.816336722,8,2
7.143000126,-4.885870983,8,2
7.15199995,-4.955167193,8,2
7.160999775,-5.024053246,8,2
7.170000076,-5.092333807,8,2
7.178999901,-5.159793392,8,2
7.188000202,-5.22619584,8,2
7.197000027,-5.291286703,8,2
7.205999851,-5.354793252,8,2
7.215000153,-5.416432146,8,2
7.223999977,-5.475907923,8,2
7.232999802,-5.532918713,8,2
7.242000103,-5.587162066,8,2
7.250999928,-5.638339869,8,2
7.260000229,-5.686159717,8,2
7.269000053,-5.7303458,8,2
7.277999878,-5.770638577,8,2
7.287000179,-5.806802543,8,2
7.296000004,-5.838633761,8,2
7.304999828,-5.865955775,8,2
7.31400013,-5.888629682,8,2
7.322999954,-5.906554578,8,2
7.331999779,-5.91966406,8,2
7.34100008,-5.927935297,8,2
7.349999905,-5.931380285,8,2
7.359000206,-5.930047855,8,2
7.368000031,-5.924019927,8,2
7.376999855,-5.913412031,8,2
7.386000156,-5.898362976,8,2
7.394999981,-5.879035865,8,2
7.403999805,-5.855615315,8,2
7.413000107,-5.828298464,8,2
7.421999931,-5.797293552,8,2
7.431000233,-5.762817498,8,2
7.440000057,-5.725091765,8,2
7.448999882,-5.68433623,8,2
7.458000183,-5.640771525,8,2
7.467000008,-5.594620215,8,2
7.475999832,-5.546093145,8,2
7.485000134,-5.495400583,8,2
7.493999958,-5.442749285,8,2
7.502999783,-5.38833671,8,2
7.512000084,-5.332358722,8,2
7.520999908,-5.275004023,8,2
7.53000021,-5.216458811,8,2
7.539000034,-5.156903468,8,2
7.547999859,-5.096516634,8,2
7.55700016,-5.035472706,8,2
7.565999985,-4.973941476,8,2
7.574999809,-4.912096839,8,2
7.584000111,-4.850100193,8,2
7.592999935,-4.788116002,8,2
7.602000237,-4.726305227,8,2
7.611000061,-4.664820834,8,2
7.619999886,-4.603813025,8,2
7.629000187,-4.543427179,8,2
7.638000011,-4.483801164,8,2
7.646999836,-4.425064826,8,2
7.656000137,-4.367340613,8,2
7.664999962,-4.310739654,8,2
7.673999786,-4.255364196,8,2
7.683000088,-4.201304454,8,2
7.691999912,-4.14864026,8,2
7.701000214,-4.097438689,8,2
7.710000038,-4.047754579,8,2
7.718999863,-3.999628856,8,2
7.728000164,-3.953095006,8,2
7.736999989,-3.908166702,8,2
7.745999813,-3.864853101,8,2
7.755000114,-3.82314639,8,2
7.763999939,-3.783034254,8,2
7.772999763,-3.744493168,8,2
7.782000065,-3.707491424,8,2
7.790999889,-3.671992819,8,2
7.800000191,-3.637954978,8,2
7.809000015,-3.605332135,8,2
7.81799984,-3.574078286,8,2
7.827000141,-3.544149708,8,2
7.835999966,-3.515499157,8,2
7.84499979,-3.488084266,8,2
7.854000092,-3.461872315,8,2
7.862999916,-3.436830435,8,2
7.872000217,-3.412936572,8,2
7.881000042,-3.390173706,8,2
7.889999866,-3.368537966,8,2
7.899000168,-3.348028762,8,2
7.907999992,-3.328656893,8,2
7.916999817,-3.310444076,8,2
7.926000118,-3.293418484,8,2
7.934999943,-3.277616718,8,2
7.943999767,-3.263081669,8,2
7.953000069,-3.249863036,8,2
7.961999893,-3.238014574,8,2
7.971000195,-3.22759396,8,2
7.980000019,-3.218662133,8,2
7.988999844,-3.211273777,8,2
7.998000145,-3.205489826,8,2
8.006999969,-3.201364793,8,2
8.015999794,-3.198949974,8,2
8.024999619,-3.198289544,8,2
8.034000397,-3.199422187,8,2
8.043000221,-3.202376486,8,2
8.052000046,-3.207175813,8,2
8.06099987,-3.213829647,8,2
8.069999695,-3.222342517,8,2
8.079000473,-3.232704223,8,2
8.088000298,-3.244895802,8,2
8.097000122,-3.258893586,8,2
8.105999947,-3.274657946,8,2
8.114999771,-3.292145157,8,2
8.123999596,-3.311304981,8,2
8.133000374,-3.332078935,8,2
8.142000198,-3.354406723,8,2
8.151000023,-3.378226667,8,2
8.159999847,-3.403473581,8,2
8.168999672,-3.430085091,8,2
8.17800045,-3.458003958,8,2
8.187000275,-3.487173779,8,2
8.196000099,-3.517547857,8,2
8.204999924,-3.549087343,8,2
8.213999748,-3.581761645,8,2
8.222999573,-3.61555363,8,2
8.232000351,-3.650457558,8,2
8.241000175,-3.686478804,8,2
8.25,-3.723636377,8,2
8.258999825,-3.761961668,8,2
8.267999649,-3.801502495,8,2
8.277000427,-3.842311754,8,2
8.286000252,-3.884460143,8,2
8.295000076,-3.928023775,8,2
8.303999901,-3.973090554,8,2
8.312999725,-4.019751882,8,2
8.32199955,-4.068108264,8,2
8.331000328,-4.118260755,8,2
8.340000153,-4.170313485,8,2
8.348999977,-4.224368725,8,2
8.357999802,-4.280528246,8,2
8.366999626,-4.338890105,8,2
8.376000404,-4.399548066,8,2
8.385000229,-4.462586453,8,2
8.394000053,-4.528087019,8,2
8.402999878,-4.596117747,8,2
8.411999702,-4.666742087,8,2
8.420999527,-4.740015422,8,2
8.430000305,-4.81597965,8,2
8.43900013,-4.894673767,8,2
8.447999954,-4.976127472,8,2
8.456999779,-5.060364181,8,2
8.465999603,-5.147398619,8,2
8.475000381,-5.237251775,8,2
8.484000206,-5.329930382,8,2
8.493000031,-5.42544999,8,2
8.501999855,-5.523825371,8,2
8.51099968,-5.625072479,8,2
8.520000458,-5.729214083,8,2
8.529000282,-5.836284482,8,2
8.538000107,-5.946319228,8,2
8.546999931,-6.059370012,8,2
8.555999756,-6.175493255,8,2
8.56499958,-6.294765634,8,2
8.574000359,-6.417265107,8,2
8.583000183,-6.543088817,8,2
8.592000008,-6.672341398,8,2
8.600999832,-6.805135568,8,2
8.609999657,-6.941593217,8,2
8.619000435,-7.0818397,8,2
8.628000259,-7.225998761,8,2
8.637000084,-7.374192745,8,2
8.645999908,-7.526542142,8,2
8.654999733,-7.683145141,8,2
8.663999557,-7.844088792,8,2
8.673000336,-8.009436498,8,2
8.68200016,-8.179210429,8,2
8.690999985,-8.35340342,8,2
8.699999809,-8.531958408,8,2
8.708999634,-8.714754106,8,2
8.718000412,-8.901608261,8,2
8.727000237,-9.092265598,8,2
8.736000061,-9.286368825,8,2
8.744999886,-9.483480969,8,2
8.75399971,-9.68303715,8,2
8.762999535,-9.884364887,8,2
8.772000313,-10.08665074,8,2
8.781000137,-10.2889503,8,2
8.789999962,-10.4901725,8,2
8.798999786,-10.6890751,8,2
8.807999611,-10.88427424,8,2
8.817000389,-11.07424828,8,2
8.826000214,-11.25735349,8,2
8.835000038,-11.43184992,8,2
8.843999863,-11.59593345,8,2
8.852999687,-11.74777763,8,2
8.862000465,-11.88559032,8,2
8.87100029,-12.00766287,8,2
8.880000114,-12.11244665,8,2
8.888999939,-12.19859663,8,2
8.897999763,-12.26504554,8,2
8.906999588,-12.31103235,8,2
8.916000366,-12.33614805,8,2
8.925000191,-12.34034227,8,2
8.934000015,-12.32391389,8,2
8.94299984,-12.28749609,8,2
8.951999664,-12.23200686,8,2
8.961000443,-12.15860852,8,2
8.970000267,-12.06864091,8,2
8.979000092,-11.96356894,8,2
8.987999916,-11.8449278,8,2
8.996999741,-11.71426705,8,2
9.005999565,-11.57311715,8,2
9.015000343,-11.42295357,8,2
9.024000168,-11.2651692,8,2
9.032999992,-11.10107023,8,2
9.041999817,-10.93185638,8,2
9.050999641,-10.75862457,8,2
9.06000042,-10.58237099,8,2
9.069000244,-10.40399216,8,2
9.078000069,-10.22429304,8,2
9.086999893,-10.04399704,8,2
9.095999718,-9.863750212,8,2
9.104999542,-9.684129899,8,2
9.11400032,-9.505655538,8,2
9.123000145,-9.328785888,8,2
9.131999969,-9.153937491,8,2
9.140999794,-8.981477155,8,2
9.149999619,-8.811732503,8,2
9.159000397,-8.644993943,8,2
9.168000221,-8.481516224,8,2
9.177000046,-8.321520553,8,2
9.18599987,-8.165198173,8,2
9.194999695,-8.012709229,8,2
9.204000473,-7.864180985,8,2
9.213000298,-7.719717088,8,2
9.222000122,-7.579389304,8,2
9.230999947,-7.443240964,8,2
9.239999771,-7.311292949,8,2
9.248999596,-7.183537112,8,2
9.258000374,-7.059939736,8,2
9.267000198,-6.940445543,8,2
9.276000023,-6.824975769,8,2
9.284999847,-6.713429928,8,2
9.293999672,-6.605691475,8,2
9.30300045,-6.501625496,8,2
9.312000275,-6.401078093,8,2
9.321000099,-6.303894044,8,2
9.329999924,-6.209896449,8,2
9.338999748,-6.118915214,8,2
9.347999573,-6.030763568,8,2
9.357000351,-5.945264814,8,2
9.366000175,-5.862239513,8,2
9.375,-5.781516553,8,2
9.383999825,-5.70293242,8,2
9.392999649,-5.626337244,8,2
9.402000427,-5.55158701,8,2
9.411000252,-5.478564079,8,2
9.420000076,-5.407158623,8,2
9.428999901,-5.337281834,8,2
9.437999725,-5.268867146,8,2
9.44699955,-5.201861309,8,2
9.456000328,-5.1362307,8,2
9.465000153,-5.071961548,8,2
9.473999977,-5.009054242,8,2
9.482999802,-4.947522247,8,2
9.491999626,-4.887390911,8,2
9.501000404,-4.828697072,8,2
9.510000229,-4.77147992,8,2
9.519000053,-4.715787695,8,2
9.527999878,-4.661666194,8,2
9.536999702,-4.609158977,8,2
9.545999527,-4.558303947,8,2
9.555000305,-4.509134896,8,2
9.56400013,-4.461675205,8,2
9.572999954,-4.415930657,8,2
9.581999779,-4.371900902,8,2
9.590999603,-4.329567242,8,2
9.600000381,-4.288896626,8,2
9.609000206,-4.249840336,8,2
9.618000031,-4.212335345,8,2
9.626999855,-4.176300698,8,2
9.63599968,-4.141646714,8,2
9.645000458,-4.108267595,8,2
9.654000282,-4.076048618,8,2
9.663000107,-4.044870823,8,2
9.671999931,-4.014608334,8,2
9.680999756,-3.985132723,8,2
9.68999958,-3.956317476,8,2
9.699000359,-3.92804173,8,2
9.708000183,-3.900193026,8,2
9.717000008,-3.872664739,8,2
9.725999832,-3.845367041,8,2
9.734999657,-3.818228448,8,2
9.744000435,-3.791187017,8,2
9.753000259,-3.764202987,8,2
9.762000084,-3.737257543,8,2
9.770999908,-3.710349349,8,2
9.779999733,-3.683496271,8,2
9.788999557,-3.656736682,8,2
9.798000336,-3.630118268,8,2
9.80700016,-3.603711138,8,2
9.815999985,-3.577592182,8,2
9.824999809,-3.551848238,8,2
9.833999634,-3.526570314,8,2
9.843000412,-3.501856188,8,2
9.852000237,-3.477795524,8,2
9.861000061,-3.454477294,8,2
9.869999886,-3.431983531,8,2
9.87899971,-3.410382678,8,2
9.887999535,-3.389730616,8,2
9.897000313,-3.370068081,8,2
9.906000137,-3.351418974,8,2
9.914999962,-3.33378658,8,2
9.923999786,-3.317154847,8,2
9.932999611,-3.301491457,8,2
9.942000389,-3.2867419,8,2
9.951000214,-3.272836464,8,2
9.960000038,-3.259685223,8,2
9.968999863,-3.247189204,8,2
9.977999687,-3.235235998,8,2
9.987000465,-3.223705668,8,2
9.99600029,-3.212473882,8,2
10.00500011,-3.201415223,8,2
10.01399994,-3.190406619,8,2
10.02299976,-3.179331785,8,2
10.03199959,-3.168086315,8,2
10.04100037,-3.156576439,8,2
10.05000019,-3.144730414,8,2
10.05900002,-3.132489039,8,2
10.06799984,-3.119817984,8,2
10.07699966,-3.106704062,8,2
10.08600044,-3.093158363,8,2
10.09500027,-3.079211325,8,2
10.10400009,-3.064919135,8,2
10.11299992,-3.05035428,8,2
10.12199974,-3.035605403,8,2
10.13099957,-3.020780112,8,2
10.14000034,-3.005993223,8,2
10.14900017,-2.991368969,8,2
10.15799999,-2.977033348,8,2
10.16699982,-2.963109851,8,2
10.17599964,-2.949718012,8,2
10.18500042,-2.936969021,8,2
10.19400024,-2.924959903,8,2
10.20300007,-2.913772252,8,2
10.21199989,-2.903468403,8,2
10.22099972,-2.894088655,8,2
10.22999954,-2.885651929,8,2
10.23900032,-2.878149792,8,2
10.24800014,-2.871556005,8,2
10.25699997,-2.865815926,8,2
10.26599979,-2.860856989,8,2
10.27499962,-2.856582025,8,2
10.2840004,-2.852876916,8,2
10.29300022,-2.849617942,8,2
10.30200005,-2.846664651,8,2
10.31099987,-2.843877742,8,2
10.31999969,-2.841105151,8,2
10.32900047,-2.838208396,8,2
10.3380003,-2.83504889,8,2
10.34700012,-2.83150372,8,2
10.35599995,-2.827467304,8,2
10.36499977,-2.822849407,8,2
10.3739996,-2.817585365,8,2
10.38300037,-2.811636014,8,2
10.3920002,-2.804991188,8,2
10.40100002,-2.797665386,8,2
10.40999985,-2.789703023,8,2
10.41899967,-2.781174261,8,2
10.42800045,-2.772172205,8,2
10.43700027,-2.762815659,8,2
10.4460001,-2.753235061,8,2
10.45499992,-2.743578886,8,2
10.46399975,-2.734002084,8,2
10.47299957,-2.724664717,8,2
10.48200035,-2.715723635,8,2
10.49100018,-2.707330217,8,2
10.5,-2.699623437,8,2
1.5,-0.754459291,8,3.2
1.508999944,-0.766590942,8,3.2
1.518000007,-0.779291871,8,3.2
1.52699995,-0.792372098,8,3.2
1.536000013,-0.805636529,8,3.2
1.544999957,-0.818888652,8,3.2
1.55400002,-0.831933698,8,3.2
1.562999964,-0.844579493,8,3.2
1.572000027,-0.856639864,8,3.2
1.58099997,-0.867941337,8,3.2
1.590000033,-0.878321783,8,3.2
1.598999977,-0.887635168,8,3.2
1.60800004,-0.895756223,8,3.2
1.616999984,-0.902575694,8,3.2
1.626000047,-0.908011213,8,3.2
1.63499999,-0.912002365,8,3.2
1.644000053,-0.9145125,8,3.2
1.652999997,-0.915533375,8,3.2
1.661999941,-0.915077486,8,3.2
1.671000004,-0.913183844,8,3.2
1.679999948,-0.909916329,8,3.2
1.68900001,-0.90536023,8,3.2
1.697999954,-0.89961812,8,3.2
1.707000017,-0.892815892,8,3.2
1.715999961,-0.885092442,8,3.2
1.725000024,-0.876599246,8,3.2
1.733999968,-0.867502502,8,3.2
1.743000031,-0.857972212,8,3.2
1.751999974,-0.848185815,8,3.2
1.761000037,-0.838321662,8,3.2
1.769999981,-0.828560612,8,3.2
1.779000044,-0.819079541,8,3.2
1.787999988,-0.810049423,8,3.2
1.797000051,-0.801634513,8,3.2
1.805999994,-0.793990774,8,3.2
1.815000057,-0.787261458,8,3.2
1.824000001,-0.781575233,8,3.2
1.832999945,-0.777047746,8,3.2
1.842000008,-0.773779223,8,3.2
1.850999951,-0.771850295,8,3.2
1.860000014,-0.771325313,8,3.2
1.868999958,-0.772249861,8,3.2
1.878000021,-0.774646223,8,3.2
1.886999965,-0.778521763,8,3.2
1.896000028,-0.783860115,8,3.2
1.904999971,-0.79062974,8,3.2
1.914000034,-0.798774604,8,3.2
1.922999978,-0.808221407,8,3.2
1.932000041,-0.818882371,8,3.2
1.940999985,-0.830648521,8,3.2
1.950000048,-0.843400435,8,3.2
1.958999991,-0.856999221,8,3.2
1.968000054,-0.871300627,8,3.2
1.976999998,-0.886146466,8,3.2
1.985999942,-0.901372483,8,3.2
1.995000005,-0.916809533,8,3.2
2.003999949,-0.932287723,8,3.2
2.013000011,-0.94763584,8,3.2
2.022000074,-0.962686766,8,3.2
2.030999899,-0.977278616,8,3.2
2.039999962,-0.991258202,8,3.2
2.049000025,-1.004485452,8,3.2
2.058000088,-1.016829923,8,3.2
2.066999912,-1.028184049,8,3.2
2.075999975,-1.038450137,8,3.2
2.085000038,-1.047552151,8,3.2
2.094000101,-1.05543852,8,3.2
2.102999926,-1.06207678,8,3.2
2.111999989,-1.067451846,8,3.2
2.121000051,-1.07157772,8,3.2
2.130000114,-1.074486198,8,3.2
2.138999939,-1.076228225,8,3.2
2.148000002,-1.07688046,8,3.2
2.157000065,-1.076535193,8,3.2
2.165999889,-1.075296339,8,3.2
2.174999952,-1.073292268,8,3.2
2.184000015,-1.070653962,8,3.2
2.193000078,-1.067528352,8,3.2
2.201999903,-1.064071014,8,3.2
2.210999966,-1.060440429,8,3.2
2.220000029,-1.056797439,8,3.2
2.229000092,-1.053306082,8,3.2
2.237999916,-1.050125962,8,3.2
2.246999979,-1.047408638,8,3.2
2.256000042,-1.045305485,8,3.2
2.265000105,-1.043958185,8,3.2
2.273999929,-1.04349083,8,3.2
2.282999992,-1.044021973,8,3.2
2.292000055,-1.045651263,8,3.2
2.301000118,-1.048467333,8,3.2
2.309999943,-1.052536346,8,3.2
2.319000006,-1.057909277,8,3.2
2.328000069,-1.064619442,8,3.2
2.336999893,-1.07267925,8,3.2
2.345999956,-1.082081577,8,3.2
2.355000019,-1.092800548,8,3.2
2.364000082,-1.104790342,8,3.2
2.372999907,-1.117985166,8,3.2
2.381999969,-1.132306499,8,3.2
2.391000032,-1.147651391,8,3.2
2.400000095,-1.163901489,8,3.2
2.40899992,-1.180932065,8,3.2
2.417999983,-1.198597623,8,3.2
2.427000046,-1.216745918,8,3.2
2.436000109,-1.235211934,8,3.2
2.444999933,-1.253828032,8,3.2
2.453999996,-1.272422571,8,3.2
2.463000059,-1.290819467,8,3.2
2.471999884,-1.308848643,8,3.2
2.480999947,-1.326341814,8,3.2
2.49000001,-1.343135111,8,3.2
2.499000072,-1.359076877,8,3.2
2.507999897,-1.374027242,8,3.2
2.51699996,-1.387858145,8,3.2
2.526000023,-1.400461218,8,3.2
2.535000086,-1.411743783,8,3.2
2.54399991,-1.421632908,8,3.2
2.552999973,-1.430077056,8,3.2
2.562000036,-1.437043523,8,3.2
2.571000099,-1.442529231,8,3.2
2.579999924,-1.446543875,8,3.2
2.588999987,-1.449125921,8,3.2
2.59800005,-1.450327086,8,3.2
2.607000113,-1.450227318,8,3.2
2.615999937,-1.448917465,8,3.2
2.625,-1.446509636,8,3.2
2.634000063,-1.443130503,8,3.2
2.642999887,-1.438915609,8,3.2
2.65199995,-1.43401106,8,3.2
2.661000013,-1.428571851,8,3.2
2.670000076,-1.42275932,8,3.2
2.678999901,-1.416733625,8,3.2
2.687999964,-1.410653519,8,3.2
2.697000027,-1.404678855,8,3.2
2.70600009,-1.398962508,8,3.2
2.714999914,-1.393648528,8,3.2
2.723999977,-1.388873758,8,3.2
2.73300004,-1.384760346,8,3.2
2.742000103,-1.381421069,8,3.2
2.750999928,-1.378947543,8,3.2
2.75999999,-1.377418727,8,3.2
2.769000053,-1.376901684,8,3.2
2.778000116,-1.377436555,8,3.2
2.786999941,-1.379047434,8,3.2
2.796000004,-1.381741643,8,3.2
2.805000067,-1.385508492,8,3.2
2.813999891,-1.390312349,8,3.2
2.822999954,-1.396106842,8,3.2
2.832000017,-1.402821373,8,3.2
2.84100008,-1.410373353,8,3.2
2.849999905,-1.418663254,8,3.2
2.858999968,-1.427577165,8,3.2
2.868000031,-1.436989892,8,3.2
2.877000093,-1.446765159,8,3.2
2.885999918,-1.456756441,8,3.2
2.894999981,-1.466816715,8,3.2
2.904000044,-1.476788672,8,3.2
2.913000107,-1.486516637,8,3.2
2.921999931,-1.49585092,8,3.2
2.930999994,-1.504636055,8,3.2
2.940000057,-1.512730853,8,3.2
2.948999882,-1.51999831,8,3.2
2.957999945,-1.526317333,8,3.2
2.967000008,-1.53157593,8,3.2
2.976000071,-1.535680832,8,3.2
2.984999895,-1.538554434,8,3.2
2.993999958,-1.540141087,8,3.2
3.003000021,-1.540400642,8,3.2
3.012000084,-1.539317056,8,3.2
3.020999908,-1.536896393,8,3.2
3.029999971,-1.53316648,8,3.2
3.039000034,-1.528171307,8,3.2
3.048000097,-1.521984581,8,3.2
3.056999922,-1.514690105,8,3.2
3.065999985,-1.506398567,8,3.2
3.075000048,-1.497230787,8,3.2
3.084000111,-1.487325171,8,3.2
3.092999935,-1.476831552,8,3.2
3.101999998,-1.46591276,8,3.2
3.111000061,-1.45473545,8,3.2
3.119999886,-1.443475353,8,3.2
3.128999949,-1.432305694,8,3.2
3.138000011,-1.421402035,8,3.2
3.147000074,-1.410939939,8,3.2
3.155999899,-1.401085213,8,3.2
3.164999962,-1.391999667,8,3.2
3.174000025,-1.38383427,8,3.2
3.183000088,-1.376725566,8,3.2
3.191999912,-1.370802401,8,3.2
3.200999975,-1.366173998,8,3.2
3.210000038,-1.362935891,8,3.2
3.219000101,-1.361161475,8,3.2
3.227999926,-1.360908098,8,3.2
3.236999989,-1.362219786,8,3.2
3.246000051,-1.365107148,8,3.2
3.255000114,-1.36957863,8,3.2
3.263999939,-1.375607304,8,3.2
3.273000002,-1.383155242,8,3.2
3.282000065,-1.392162374,8,3.2
3.290999889,-1.402554068,8,3.2
3.299999952,-1.414237692,8,3.2
3.309000015,-1.427099132,8,3.2
3.318000078,-1.441021689,8,3.2
3.326999903,-1.455867768,8,3.2
3.335999966,-1.471489402,8,3.2
3.345000029,-1.487734984,8,3.2
3.354000092,-1.504444344,8,3.2
3.362999916,-1.521453512,8,3.2
3.371999979,-1.538597233,8,3.2
3.381000042,-1.555716417,8,3.2
3.390000105,-1.57264976,8,3.2
3.398999929,-1.58925344,8,3.2
3.407999992,-1.605384862,8,3.2
3.417000055,-1.620916251,8,3.2
3.426000118,-1.635745336,8,3.2
3.434999943,-1.649772366,8,3.2
3.444000006,-1.66293434,8,3.2
3.453000069,-1.675179413,8,3.2
3.461999893,-1.686485767,8,3.2
3.470999956,-1.696858643,8,3.2
3.480000019,-1.706326403,8,3.2
3.489000082,-1.714946526,8,3.2
3.497999907,-1.722803447,8,3.2
3.506999969,-1.730011994,8,3.2
3.516000032,-1.736707962,8,3.2
3.525000095,-1.743056861,8,3.2
3.53399992,-1.749247047,8,3.2
3.542999983,-1.755485383,8,3.2
3.552000046,-1.7619997,8,3.2
3.561000109,-1.769036895,8,3.2
3.569999933,-1.776857599,8,3.2
3.578999996,-1.785728009,8,3.2
3.588000059,-1.795927468,8,3.2
3.596999884,-1.807742448,8,3.2
3.605999947,-1.821456701,8,3.2
3.61500001,-1.837359125,8,3.2
3.624000072,-1.855730993,8,3.2
3.632999897,-1.876848358,8,3.2
3.64199996,-1.900981917,8,3.2
3.651000023,-1.928390748,8,3.2
3.660000086,-1.959323348,8,3.2
3.66899991,-1.994011049,8,3.2
3.677999973,-2.032675239,8,3.2
3.687000036,-2.075514284,8,3.2
3.696000099,-2.122710935,8,3.2
3.704999924,-2.17443192,8,3.2
3.713999987,-2.230818076,8,3.2
3.72300005,-2.291993081,8,3.2
3.732000113,-2.358056826,8,3.2
3.740999937,-2.429085813,8,3.2
3.75,-2.505132028,8,3.2
3.759000063,-2.58621835,8,3.2
3.767999887,-2.672346289,8,3.2
3.77699995,-2.763483276,8,3.2
3.786000013,-2.859566354,8,3.2
3.795000076,-2.960495109,8,3.2
3.803999901,-3.066136688,8,3.2
3.812999964,-3.176317992,8,3.2
3.822000027,-3.290814685,8,3.2
3.83100009,-3.409359768,8,3.2
3.839999914,-3.531630726,8,3.2
3.848999977,-3.657240659,8,3.2
3.85800004,-3.785741623,8,3.2
3.867000103,-3.916612824,8,3.2
3.875999928,-4.049255281,8,3.2
3.88499999,-4.18298438,8,3.2
3.894000053,-4.317027884,8,3.2
3.903000116,-4.450521689,8,3.2
3.911999941,-4.582499945,8,3.2
3.921000004,-4.711904791,8,3.2
3.930000067,-4.837587984,8,3.2
3.938999891,-4.958312296,8,3.2
3.947999954,-5.072768969,8,3.2
3.957000017,-5.179596884,8,3.2
3.96600008,-5.277406854,8,3.2
3.974999905,-5.36481068,8,3.2
3.983999968,-5.440460626,8,3.2
3.993000031,-5.50309094,8,3.2
4.001999855,-5.551564572,8,3.2
4.011000156,-5.58490788,8,3.2
4.019999981,-5.602370043,8,3.2
4.028999805,-5.603444055,8,3.2
4.038000107,-5.587890879,8,3.2
4.046999931,-5.555765029,8,3.2
4.056000233,-5.507411313,8,3.2
4.065000057,-5.443446488,8,3.2
4.073999882,-5.364736644,8,3.2
4.083000183,-5.272368388,8,3.2
4.092000008,-5.167596989,8,3.2
4.100999832,-5.05181198,8,3.2
4.110000134,-4.926479846,8,3.2
4.118999958,-4.793107256,8,3.2
4.127999783,-4.65319731,8,3.2
4.137000084,-4.508217781,8,3.2
4.145999908,-4.359578859,8,3.2
4.15500021,-4.208600628,8,3.2
4.164000034,-4.056506554,8,3.2
4.172999859,-3.904417446,8,3.2
4.18200016,-3.753333826,8,3.2
4.190999985,-3.604155204,8,3.2
4.199999809,-3.457654802,8,3.2
4.209000111,-3.314509196,8,3.2
4.217999935,-3.175296409,8,3.2
4.227000237,-3.040490696,8,3.2
4.236000061,-2.910484208,8,3.2
4.244999886,-2.785586611,8,3.2
4.254000187,-2.666037125,8,3.2
4.263000011,-2.552005897,8,3.2
4.271999836,-2.443604485,8,3.2
4.281000137,-2.340889233,8,3.2
4.289999962,-2.243873554,8,3.2
4.298999786,-2.152521763,8,3.2
4.308000088,-2.06676462,8,3.2
4.316999912,-1.986503225,8,3.2
4.326000214,-1.911606542,8,3.2
4.335000038,-1.841916671,8,3.2
4.343999863,-1.777260508,8,3.2
4.353000164,-1.717443646,8,3.2
4.361999989,-1.662254959,8,3.2
4.370999813,-1.611476731,8,3.2
4.380000114,-1.564874863,8,3.2
4.388999939,-1.522212989,8,3.2
4.397999763,-1.48324744,8,3.2
4.407000065,-1.447731243,8,3.2
4.415999889,-1.415417315,8,3.2
4.425000191,-1.386056639,8,3.2
4.434000015,-1.359404341,8,3.2
4.44299984,-1.335219421,8,3.2
4.452000141,-1.313262282,8,3.2
4.460999966,-1.29330541,8,3.2
4.46999979,-1.275125725,8,3.2
4.479000092,-1.258508124,8,3.2
4.487999916,-1.243251226,8,3.2
4.497000217,-1.229160237,8,3.2
4.506000042,-1.216056939,8,3.2
4.514999866,-1.20377258,8,3.2
4.524000168,-1.192154989,8,3.2
4.532999992,-1.181062581,8,3.2
4.541999817,-1.170372737,8,3.2
4.551000118,-1.159972398,8,3.2
4.559999943,-1.149768596,8,3.2
4.568999767,-1.139680211,8,3.2
4.578000069,-1.129640736,8,3.2
4.586999893,-1.119599517,8,3.2
4.596000195,-1.109521082,8,3.2
4.605000019,-1.099378625,8,3.2
4.613999844,-1.089161011,8,3.2
4.623000145,-1.078866798,8,3.2
4.631999969,-1.068507879,8,3.2
4.640999794,-1.058102648,8,3.2
4.650000095,-1.047680077,8,3.2
4.65899992,-1.037272279,8,3.2
4.668000221,-1.026922122,8,3.2
4.677000046,-1.016672241,8,3.2
4.68599987,-1.006572564,8,3.2
4.695000172,-0.996673187,8,3.2
4.703999996,-0.98702273,8,3.2
4.712999821,-0.977674094,8,3.2
4.722000122,-0.968676012,8,3.2
4.730999947,-0.960076132,8,3.2
4.739999771,-0.951918423,8,3.2
4.749000072,-0.944243597,8,3.2
4.757999897,-0.93708694,8,3.2
4.767000198,-0.930480282,8,3.2
4.776000023,-0.924449655,8,3.2
4.784999847,-0.919014589,8,3.2
4.794000149,-0.91419231,8,3.2
4.802999973,-0.909987817,8,3.2
4.811999798,-0.906405773,8,3.2
4.821000099,-0.90344151,8,3.2
4.829999924,-0.901085492,8,3.2
4.839000225,-0.899325322,8,3.2
4.84800005,-0.898140848,8,3.2
4.856999874,-0.897506138,8,3.2
4.866000175,-0.897393418,8,3.2
4.875,-0.897770118,8,3.2
4.883999825,-0.898599911,8,3.2
4.893000126,-0.899844827,8,3.2
4.90199995,-0.901461927,8,3.2
4.910999775,-0.903410158,8,3.2
4.920000076,-0.905644536,8,3.2
4.928999901,-0.908121534,8,3.2
4.938000202,-0.910797498,8,3.2
4.947000027,-0.913628033,8,3.2
4.955999851,-0.916571595,8,3.2
4.965000153,-0.91958745,8,3.2
4.973999977,-0.92263916,8,3.2
4.982999802,-0.925690702,8,3.2
4.992000103,-0.928709096,8,3.2
5.000999928,-0.931668477,8,3.2
5.010000229,-0.934542965,8,3.2
5.019000053,-0.937312188,8,3.2
5.027999878,-0.939959064,8,3.2
5.037000179,-0.942475311,8,3.2
5.046000004,-0.944849975,8,3.2
5.054999828,-0.947081924,8,3.2
5.06400013,-0.949173062,8,3.2
5.072999954,-0.951127877,8,3.2
5.081999779,-0.952956773,8,3.2
5.09100008,-0.95467169,8,3.2
5.099999905,-0.956289582,8,3.2
5.109000206,-0.957830139,8,3.2
5.118000031,-0.959315544,8,3.2
5.126999855,-0.960771248,8,3.2
5.136000156,-0.962221948,8,3.2
5.144999981,-0.963695841,8,3.2
5.153999805,-0.965220521,8,3.2
5.163000107,-0.966826024,8,3.2
5.171999931,-0.968539187,8,3.2
5.181000233,-0.970389204,8,3.2
5.190000057,-0.972403419,8,3.2
5.198999882,-0.974607937,8,3.2
5.208000183,-0.977027671,8,3.2
5.217000008,-0.97968373,8,3.2
5.225999832,-0.982598348,8,3.2
5.235000134,-0.985787653,8,3.2
5.243999958,-0.989268089,8,3.2
5.252999783,-0.993051593,8,3.2
5.262000084,-0.997149549,8,3.2
5.270999908,-1.001566307,8,3.2
5.28000021,-1.0063078,8,3.2
5.289000034,-1.011373048,8,3.2
5.297999859,-1.016761897,8,3.2
5.30700016,-1.022467854,8,3.2
5.315999985,-1.028485332,8,3.2
5.324999809,-1.034805363,8,3.2
5.334000111,-1.041414313,8,3.2
5.342999935,-1.048298407,8,3.2
5.352000237,-1.055444092,8,3.2
5.361000061,-1.062831345,8,3.2
5.369999886,-1.070445294,8,3.2
5.379000187,-1.078264758,8,3.2
5.388000011,-1.086271128,8,3.2
5.396999836,-1.094445153,8,3.2
5.406000137,-1.102766851,8,3.2
5.414999962,-1.111218123,8,3.2
5.423999786,-1.119779265,8,3.2
5.433000088,-1.128434068,8,3.2
5.441999912,-1.137165934,8,3.2
5.451000214,-1.145960955,8,3.2
5.460000038,-1.15480649,8,3.2
5.468999863,-1.163692715,8,3.2
5.478000164,-1.172609336,8,3.2
5.486999989,-1.181552507,8,3.2
5.495999813,-1.190515734,8,3.2
5.505000114,-1.199499577,8,3.2
5.513999939,-1.20850448,8,3.2
5.522999763,-1.217535694,8,3.2
5.532000065,-1.226595844,8,3.2
5.540999889,-1.235694834,8,3.2
5.550000191,-1.244845134,8,3.2
5.559000015,-1.254057124,8,3.2
5.56799984,-1.263345487,8,3.2
5.577000141,-1.272728301,8,3.2
5.585999966,-1.282220569,8,3.2
5.59499979,-1.291844436,8,3.2
5.604000092,-1.301617565,8,3.2
5.612999916,-1.311562616,8,3.2
5.622000217,-1.321700365,8,3.2
5.631000042,-1.332053027,8,3.2
5.639999866,-1.342641484,8,3.2
5.649000168,-1.35348826,8,3.2
5.657999992,-1.364614968,8,3.2
5.666999817,-1.376039939,8,3.2
5.676000118,-1.387785242,8,3.2
5.684999943,-1.39986745,8,3.2
5.693999767,-1.412304623,8,3.2
5.703000069,-1.425112465,8,3.2
5.711999893,-1.438304407,8,3.2
5.721000195,-1.45189416,8,3.2
5.730000019,-1.465892599,8,3.2
5.738999844,-1.480307554,8,3.2
5.748000145,-1.495147487,8,3.2
5.756999969,-1.510416626,8,3.2
5.765999794,-1.526120841,8,3.2
5.775000095,-1.542260287,8,3.2
5.78399992,-1.558836357,8,3.2
5.793000221,-1.575846656,8,3.2
5.802000046,-1.593291311,8,3.2
5.81099987,-1.61116463,8,3.2
5.820000172,-1.629463537,8,3.2
5.828999996,-1.648179739,8,3.2
5.837999821,-1.66731053,8,3.2
5.847000122,-1.686846516,8,3.2
5.855999947,-1.706780837,8,3.2
5.864999771,-1.727109097,8,3.2
5.874000072,-1.747821092,8,3.2
5.882999897,-1.768912123,8,3.2
5.892000198,-1.790375347,8,3.2
5.901000023,-1.812206664,8,3.2
5.909999847,-1.83440227,8,3.2
5.919000149,-1.856957206,8,3.2
5.927999973,-1.879871697,8,3.2
5.936999798,-1.90314538,8,3.2
5.946000099,-1.926780446,8,3.2
5.954999924,-1.950778446,8,3.2
5.964000225,-1.975146672,8,3.2
5.97300005,-1.999890438,8,3.2
5.981999874,-2.025020879,8,3.2
5.991000175,-2.05054717,8,3.2
6,-2.07648243,8,3.2
6.008999825,-2.102842496,8,3.2
6.018000126,-2.129642706,8,3.2
6.02699995,-2.156902586,8,3.2
6.035999775,-2.184641331,8,3.2
6.045000076,-2.212881221,8,3.2
6.053999901,-2.241643742,8,3.2
6.063000202,-2.27095303,8,3.2
6.072000027,-2.300833331,8,3.2
6.080999851,-2.331311143,8,3.2
6.090000153,-2.362411968,8,3.2
6.098999977,-2.394161104,8,3.2
6.107999802,-2.426586485,8,3.2
6.117000103,-2.459711287,8,3.2
6.125999928,-2.493563614,8,3.2
6.135000229,-2.528166281,8,3.2
6.144000053,-2.563543764,8,3.2
6.152999878,-2.599720228,8,3.2
6.162000179,-2.636713276,8,3.2
6.171000004,-2.674545075,8,3.2
6.179999828,-2.713233385,8,3.2
6.18900013,-2.75279281,8,3.2
6.197999954,-2.793237637,8,3.2
6.206999779,-2.834578879,8,3.2
6.21600008,-2.87682495,8,3.2
6.224999905,-2.919982193,8,3.2
6.234000206,-2.964054009,8,3.2
6.243000031,-3.009041531,8,3.2
6.251999855,-3.054942536,8,3.2
6.261000156,-3.101751452,8,3.2
6.269999981,-3.149460253,8,3.2
6.278999805,-3.198058611,8,3.2
6.288000107,-3.247530344,8,3.2
6.296999931,-3.297860905,8,3.2
6.306000233,-3.349030818,8,3.2
6.315000057,-3.401016469,8,3.2
6.323999882,-3.453791741,8,3.2
6.333000183,-3.507330483,8,3.2
6.342000008,-3.561601208,8,3.2
6.350999832,-3.616571651,8,3.2
6.360000134,-3.67220405,8,3.2
6.368999958,-3.728464603,8,3.2
6.377999783,-3.785310601,8,3.2
6.387000084,-3.842701341,8,3.2
6.395999908,-3.900591939,8,3.2
6.40500021,-3.95893733,8,3.2
6.414000034,-4.017690088,8,3.2
6.422999859,-4.076800763,8,3.2
6.43200016,-4.136218264,8,3.2
6.440999985,-4.195889157,8,3.2
6.449999809,-4.255759858,8,3.2
6.459000111,-4.315775867,8,3.2
6.467999935,-4.375874965,8,3.2
6.477000237,-4.436002536,8,3.2
6.486000061,-4.496094963,8,3.2
6.494999886,-4.556088778,8,3.2
6.504000187,-4.615920857,8,3.2
6.513000011,-4.675521791,8,3.2
6.521999836,-4.734822885,8,3.2
6.531000137,-4.793753215,8,3.2
6.539999962,-4.85223819,8,3.2
6.548999786,-4.910199964,8,3.2
6.558000088,-4.96756037,8,3.2
6.566999912,-5.02423673,8,3.2
6.576000214,-5.080145074,8,3.2
6.585000038,-5.135196612,8,3.2
6.593999863,-5.189301497,8,3.2
6.603000164,-5.242365954,8,3.2
6.611999989,-5.294297703,8,3.2
6.620999813,-5.344993934,8,3.2
6.630000114,-5.394359396,8,3.2
6.638999939,-5.442292458,8,3.2
6.647999763,-5.488689135,8,3.2
6.657000065,-5.533450094,8,3.2
6.665999889,-5.57646952,8,3.2
6.675000191,-5.617649092,8,3.2
6.684000015,-5.656887231,8,3.2
6.69299984,-5.694087285,8,3.2
6.702000141,-5.729157279,8,3.2
6.710999966,-5.762007443,8,3.2
6.71999979,-5.792554592,8,3.2
6.729000092,-5.820719157,8,3.2
6.737999916,-5.846435059,8,3.2
6.747000217,-5.869640109,8,3.2
6.756000042,-5.890282573,8,3.2
6.764999866,-5.908321068,8,3.2
6.774000168,-5.923724615,8,3.2
6.782999992,-5.936475746,8,3.2
6.791999817,-5.9465659,8,3.2
6.801000118,-5.954002302,8,3.2
6.809999943,-5.958801441,8,3.2
6.818999767,-5.960994938,8,3.2
6.828000069,-5.960625675,8,3.2
6.836999893,-5.957749231,8,3.2
6.846000195,-5.952432981,8,3.2
6.855000019,-5.94475472,8,3.2
6.863999844,-5.9348009,8,3.2
6.873000145,-5.922672063,8,3.2
6.881999969,-5.908472164,8,3.2
6.890999794,-5.89231606,8,3.2
6.900000095,-5.874322252,8,3.2
6.90899992,-5.85461696,8,3.2
6.918000221,-5.833327193,8,3.2
6.927000046,-5.810585436,8,3.2
6.93599987,-5.786523641,8,3.2
6.945000172,-5.761275603,8,3.2
6.953999996,-5.734973412,8,3.2
6.962999821,-5.707748444,8,3.2
6.972000122,-5.679729144,8,3.2
6.980999947,-5.651040571,8,3.2
6.989999771,-5.621804298,8,3.2
6.999000072,-5.592134327,8,3.2
7.007999897,-5.562143509,8,3.2
7.017000198,-5.531937139,8,3.2
7.026000023,-5.501612096,8,3.2
7.034999847,-5.47126345,8,3.2
7.044000149,-5.44097576,8,3.2
7.052999973,-5.410828589,8,3.2
7.061999798,-5.3808954,8,3.2
7.071000099,-5.351241463,8,3.2
7.079999924,-5.321926884,8,3.2
7.089000225,-5.293004333,8,3.2
7.09800005,-5.264520432,8,3.2
7.106999874,-5.23651716,8,3.2
7.116000175,-5.209029593,8,3.2
7.125,-5.182088617,8,3.2
7.133999825,-5.155719465,8,3.2
7.143000126,-5.129944304,8,3.2
7.15199995,-5.104778086,8,3.2
7.160999775,-5.080236558,8,3.2
7.170000076,-5.056328125,8,3.2
7.178999901,-5.03306126,8,3.2
7.188000202,-5.010441011,8,3.2
7.197000027,-4.988470687,8,3.2
7.205999851,-4.967152008,8,3.2
7.215000153,-4.946485114,8,3.2
7.223999977,-4.926471988,8,3.2
7.232999802,-4.907110358,8,3.2
7.242000103,-4.888400517,8,3.2
7.250999928,-4.870343946,8,3.2
7.260000229,-4.852939497,8,3.2
7.269000053,-4.836190133,8,3.2
7.277999878,-4.820098914,8,3.2
7.287000179,-4.804668655,8,3.2
7.296000004,-4.789907083,8,3.2
7.304999828,-4.775819984,8,3.2
7.31400013,-4.762418493,8,3.2
7.322999954,-4.749711311,8,3.2
7.331999779,-4.737715132,8,3.2
7.34100008,-4.726441526,8,3.2
7.349999905,-4.715907979,8,3.2
7.359000206,-4.706135635,8,3.2
7.368000031,-4.697142742,8,3.2
7.376999855,-4.688952142,8,3.2
7.386000156,-4.681588639,8,3.2
7.394999981,-4.675078305,8,3.2
7.403999805,-4.669445297,8,3.2
7.413000107,-4.664720007,8,3.2
7.421999931,-4.660930834,8,3.2
7.431000233,-4.658108053,8,3.2
7.440000057,-4.656281328,8,3.2
7.448999882,-4.655482506,8,3.2
7.458000183,-4.655743389,8,3.2
7.467000008,-4.657094066,8,3.2
7.475999832,-4.659567496,8,3.2
7.485000134,-4.663194668,8,3.2
7.493999958,-4.668007215,8,3.2
7.502999783,-4.674035811,8,3.2
7.512000084,-4.68130855,8,3.2
7.520999908,-4.689856985,8,3.2
7.53000021,-4.699709291,8,3.2
7.539000034,-4.710892517,8,3.2
7.547999859,-4.723432102,8,3.2
7.55700016,-4.737356754,8,3.2
7.565999985,-4.752687333,8,3.2
7.574999809,-4.769450087,8,3.2
7.584000111,-4.787665997,8,3.2
7.592999935,-4.807356208,8,3.2
7.602000237,-4.828540832,8,3.2
7.611000061,-4.851240371,8,3.2
7.619999886,-4.875470087,8,3.2
7.629000187,-4.901249684,8,3.2
7.638000011,-4.928593125,8,3.2
7.646999836,-4.95751956,8,3.2
7.656000137,-4.988040133,8,3.2
7.664999962,-5.020171522,8,3.2
7.673999786,-5.053927745,8,3.2
7.683000088,-5.089322007,8,3.2
7.691999912,-5.126369543,8,3.2
7.701000214,-5.165082393,8,3.2
7.710000038,-5.205476401,8,3.2
7.718999863,-5.247563621,8,3.2
7.728000164,-5.291361448,8,3.2
7.736999989,-5.336884072,8,3.2
7.745999813,-5.384149613,8,3.2
7.755000114,-5.43317389,8,3.2
7.763999939,-5.48397805,8,3.2
7.772999763,-5.536579012,8,3.2
7.782000065,-5.591000406,8,3.2
7.790999889,-5.647263811,8,3.2
7.800000191,-5.705394709,8,3.2
7.809000015,-5.765419061,8,3.2
7.81799984,-5.827364737,8,3.2
7.827000141,-5.891262314,8,3.2
7.835999966,-5.957143973,8,3.2
7.84499979,-6.025042489,8,3.2
7.854000092,-6.094995791,8,3.2
7.862999916,-6.16704078,8,3.2
7.872000217,-6.241218182,8,3.2
7.881000042,-6.317569297,8,3.2
7.889999866,-6.396139148,8,3.2
7.899000168,-6.476973548,8,3.2
7.907999992,-6.56012049,8,3.2
7.916999817,-6.645631452,8,3.2
7.926000118,-6.733555907,8,3.2
7.934999943,-6.823948867,8,3.2
7.943999767,-6.916865506,8,3.2
7.953000069,-7.012360878,8,3.2
7.961999893,-7.11049214,8,3.2
7.971000195,-7.211320322,8,3.2
7.980000019,-7.314905272,8,3.2
7.988999844,-7.421305771,8,3.2
7.998000145,-7.530585218,8,3.2
8.006999969,-7.642806209,8,3.2
8.015999794,-7.758029971,8,3.2
8.024999619,-7.876318896,8,3.2
8.034000397,-7.997736208,8,3.2
8.043000221,-8.122344406,8,3.2
8.052000046,-8.250204265,8,3.2
8.06099987,-8.381376301,8,3.2
8.069999695,-8.515921595,8,3.2
8.079000473,-8.653894861,8,3.2
8.088000298,-8.795352222,8,3.2
8.097000122,-8.940347779,8,3.2
8.105999947,-9.088928623,8,3.2
8.114999771,-9.241142103,8,3.2
8.123999596,-9.397026217,8,3.2
8.133000374,-9.556617433,8,3.2
8.142000198,-9.719942519,8,3.2
8.151000023,-9.887018387,8,3.2
8.159999847,-10.05785657,8,3.2
8.168999672,-10.23245311,8,3.2
8.17800045,-10.41079133,8,3.2
8.187000275,-10.59283859,8,3.2
8.196000099,-10.77854204,8,3.2
8.204999924,-10.96782993,8,3.2
8.213999748,-11.16059898,8,3.2
8.222999573,-11.35672047,8,3.2
8.232000351,-11.55602794,8,3.2
8.241000175,-11.75831297,8,3.2
8.25,-11.96332543,8,3.2
8.258999825,-12.17075483,8,3.2
8.267999649,-12.3802339,8,3.2
8.277000427,-12.59132651,8,3.2
8.286000252,-12.80351642,8,3.2
8.295000076,-13.01619938,8,3.2
8.303999901,-13.22868194,8,3.2
8.312999725,-13.4401641,8,3.2
8.32199955,-13.64973107,8,3.2
8.331000328,-13.85635254,8,3.2
8.340000153,-14.0588829,8,3.2
8.348999977,-14.25605104,8,3.2
8.357999802,-14.44647781,8,3.2
8.366999626,-14.62867049,8,3.2
8.376000404,-14.80106909,8,3.2
8.385000229,-14.96204307,8,3.2
8.394000053,-15.1099487,8,3.2
8.402999878,-15.24315906,8,3.2
8.411999702,-15.36012368,8,3.2
8.420999527,-15.45942427,8,3.2
8.430000305,-15.53982327,8,3.2
8.43900013,-15.60033003,8,3.2
8.447999954,-15.6402367,8,3.2
8.456999779,-15.65916408,8,3.2
8.465999603,-15.65706915,8,3.2
8.475000381,-15.63426613,8,3.2
8.484000206,-15.59138939,8,3.2
8.493000031,-15.52938388,8,3.2
8.501999855,-15.44944558,8,3.2
8.51099968,-15.35298013,8,3.2
8.520000458,-15.24153269,8,3.2
8.529000282,-15.11674512,8,3.2
8.538000107,-14.98029555,8,3.2
8.546999931,-14.83385335,8,3.2
8.555999756,-14.67903931,8,3.2
8.56499958,-14.51739431,8,3.2
8.574000359,-14.35036396,8,3.2
8.583000183,-14.17927842,8,3.2
8.592000008,-14.00534755,8,3.2
8.600999832,-13.82965818,8,3.2
8.609999657,-13.6531766,8,3.2
8.619000435,-13.47675022,8,3.2
8.628000259,-13.30112144,8,3.2
8.637000084,-13.12692998,8,3.2
8.645999908,-12.95471976,8,3.2
8.654999733,-12.7849588,8,3.2
8.663999557,-12.61803101,8,3.2
8.673000336,-12.45426076,8,3.2
8.68200016,-12.29391328,8,3.2
8.690999985,-12.13719545,8,3.2
8.699999809,-11.98427811,8,3.2
8.708999634,-11.83528615,8,3.2
8.718000412,-11.69031284,8,3.2
8.727000237,-11.54942059,8,3.2
8.736000061,-11.41264409,8,3.2
8.744999886,-11.28000163,8,3.2
8.75399971,-11.15148725,8,3.2
8.762999535,-11.02708029,8,3.2
8.772000313,-10.90674586,8,3.2
8.781000137,-10.79043737,8,3.2
8.789999962,-10.67809677,8,3.2
8.798999786,-10.56965739,8,3.2
8.807999611,-10.46504799,8,3.2
8.817000389,-10.36418635,8,3.2
8.826000214,-10.26698997,8,3.2
8.835000038,-10.17336718,8,3.2
8.843999863,-10.08322635,8,3.2
8.852999687,-9.996472638,8,3.2
8.862000465,-9.913006704,8,3.2
8.87100029,-9.832729006,8,3.2
8.880000114,-9.755539804,8,3.2
8.888999939,-9.681338074,8,3.2
8.897999763,-9.61002123,8,3.2
8.906999588,-9.541487034,8,3.2
8.916000366,-9.47563738,8,3.2
8.925000191,-9.412369967,8,3.2
8.934000015,-9.351586086,8,3.2
8.94299984,-9.293191355,8,3.2
8.951999664,-9.237086728,8,3.2
8.961000443,-9.183180765,8,3.2
8.970000267,-9.131382348,8,3.2
8.979000092,-9.081603514,8,3.2
8.987999916,-9.033758271,8,3.2
8.996999741,-8.987763398,8,3.2
9.005999565,-8.943541044,8,3.2
9.015000343,-8.901015856,8,3.2
9.024000168,-8.860113094,8,3.2
9.032999992,-8.820764264,8,3.2
9.041999817,-8.782907049,8,3.2
9.050999641,-8.746476,8,3.2
9.06000042,-8.711418842,8,3.2
9.069000244,-8.677678734,8,3.2
9.078000069,-8.64520364,8,3.2
9.086999893,-8.613951341,8,3.2
9.095999718,-8.583875694,8,3.2
9.104999542,-8.554939403,8,3.2
9.11400032,-8.527103261,8,3.2
9.123000145,-8.500338003,8,3.2
9.131999969,-8.474610784,8,3.2
9.140999794,-8.449892967,8,3.2
9.149999619,-8.426161261,8,3.2
9.159000397,-8.403393305,8,3.2
9.168000221,-8.38156271,8,3.2
9.177000046,-8.360653589,8,3.2
9.18599987,-8.34064477,8,3.2
9.194999695,-8.321515753,8,3.2
9.204000473,-8.303251732,8,3.2
9.213000298,-8.285834627,8,3.2
9.222000122,-8.269245284,8,3.2
9.230999947,-8.253463557,8,3.2
9.239999771,-8.238471279,8,3.2
9.248999596,-8.224244444,8,3.2
9.258000374,-8.210763559,8,3.2
9.267000198,-8.198002645,8,3.2
9.276000023,-8.185940107,8,3.2
9.284999847,-8.174539937,8,3.2
9.293999672,-8.16377548,8,3.2
9.30300045,-8.153615139,8,3.2
9.312000275,-8.144019466,8,3.2
9.321000099,-8.134952457,8,3.2
9.329999924,-8.126370488,8,3.2
9.338999748,-8.118232214,8,3.2
9.347999573,-8.110493657,8,3.2
9.357000351,-8.103101201,8,3.2
9.366000175,-8.096008338,8,3.2
9.375,-8.089160094,8,3.2
9.383999825,-8.082501595,8,3.2
9.392999649,-8.075977577,8,3.2
9.402000427,-8.069530645,8,3.2
9.411000252,-8.063101896,8,3.2
9.420000076,-8.056634352,8,3.2
9.428999901,-8.050069367,8,3.2
9.437999725,-8.043342894,8,3.2
9.44699955,-8.036405429,8,3.2
9.456000328,-8.029199648,8,3.2
9.465000153,-8.021668679,8,3.2
9.473999977,-8.013761249,8,3.2
9.482999802,-8.005428587,8,3.2
9.491999626,-7.996623547,8,3.2
9.501000404,-7.987304899,8,3.2
9.510000229,-7.977434049,8,3.2
9.519000053,-7.9669785,8,3.2
9.527999878,-7.95590569,8,3.2
9.536999702,-7.944193962,8,3.2
9.545999527,-7.931823126,8,3.2
9.555000305,-7.918778544,8,3.2
9.56400013,-7.905051986,8,3.2
9.572999954,-7.890643297,8,3.2
9.581999779,-7.875550692,8,3.2
9.590999603,-7.859786275,8,3.2
9.600000381,-7.84336232,8,3.2
9.609000206,-7.826294138,8,3.2
9.618000031,-7.808608235,8,3.2
9.626999855,-7.79033079,8,3.2
9.63599968,-7.771492895,8,3.2
9.645000458,-7.752133641,8,3.2
9.654000282,-7.732286199,8,3.2
9.663000107,-7.711995345,8,3.2
9.671999931,-7.691303466,8,3.2
9.680999756,-7.670255577,8,3.2
9.68999958,-7.648900917,8,3.2
9.699000359,-7.627280856,8,3.2
9.708000183,-7.605445251,8,3.2
9.717000008,-7.583441081,8,3.2
9.725999832,-7.561311258,8,3.2
9.734999657,-7.539096884,8,3.2
9.744000435,-7.516842787,8,3.2
9.753000259,-7.494583609,8,3.2
9.762000084,-7.472357824,8,3.2
9.770999908,-7.450192716,8,3.2
9.779999733,-7.428119906,8,3.2
9.788999557,-7.406161904,8,3.2
9.798000336,-7.384335641,8,3.2
9.80700016,-7.362659637,8,3.2
9.815999985,-7.341141009,8,3.2
9.824999809,-7.319784493,8,3.2
9.833999634,-7.29859669,8,3.2
9.843000412,-7.277564735,8,3.2
9.852000237,-7.256687269,8,3.2
9.861000061,-7.235949693,8,3.2
9.869999886,-7.215336339,8,3.2
9.87899971,-7.194827655,8,3.2
9.887999535,-7.174398504,8,3.2
9.897000313,-7.154024821,8,3.2
9.906000137,-7.133675789,8,3.2
9.914999962,-7.113327733,8,3.2
9.923999786,-7.092941567,8,3.2
9.932999611,-7.072488512,8,3.2
9.942000389,-7.051935466,8,3.2
9.951000214,-7.031254145,8,3.2
9.960000038,-7.010408847,8,3.2
9.968999863,-6.989372675,8,3.2
9.977999687,-6.968119339,8,3.2
9.987000465,-6.946624003,8,3.2
9.99600029,-6.92486888,8,3.2
10.00500011,-6.902832624,8,3.2
10.01399994,-6.880505058,8,3.2
10.02299976,-6.857878736,8,3.2
10.03199959,-6.834951119,8,3.2
10.04100037,-6.811719006,8,3.2
10.05000019,-6.788197419,8,3.2
10.05900002,-6.764396066,8,3.2
10.06799984,-6.740331319,8,3.2
10.07699966,-6.716028074,8,3.2
10.08600044,-6.69151914,8,3.2
10.09500027,-6.666831004,8,3.2
10.10400009,-6.642008665,8,3.2
10.11299992,-6.617091075,8,3.2
10.12199974,-6.592125958,8,3.2
10.13099957,-6.567163835,8,3.2
10.14000034,-6.542256464,8,3.2
10.14900017,-6.517458283,8,3.2
10.15799999,-6.492825787,8,3.2
10.16699982,-6.468414927,8,3.2
10.17599964,-6.444285253,8,3.2
10.18500042,-6.420492908,8,3.2
10.19400024,-6.397091435,8,3.2
10.20300007,-6.374136343,8,3.2
10.21199989,-6.351677491,8,3.2
10.22099972,-6.329765006,8,3.2
10.22999954,-6.308441736,8,3.2
10.23900032,-6.287750139,8,3.2
10.24800014,-6.267723975,8,3.2
10.25699997,-6.248393173,8,3.2
10.26599979,-6.229786168,8,3.2
10.27499962,-6.21192257,8,3.2
10.2840004,-6.194813565,8,3.2
10.29300022,-6.178469444,8,3.2
10.30200005,-6.162893389,8,3.2
10.31099987,-6.148079025,8,3.2
10.31999969,-6.134018985,8,3.2
10.32900047,-6.120695804,8,3.2
10.3380003,-6.108090375,8,3.2
10.34700012,-6.096175812,8,3.2
10.35599995,-6.084919486,8,3.2
10.36499977,-6.074287158,8,3.2
10.3739996,-6.064242031,8,3.2
10.38300037,-6.054737025,8,3.2
10.3920002,-6.045729038,8,3.2
10.40100002,-6.037171259,8,3.2
10.40999985,-6.029014241,8,3.2
10.41899967,-6.021207692,8,3.2
10.42800045,-6.013704286,8,3.2
10.43700027,-6.006452095,8,3.2
10.4460001,-5.999406762,8,3.2
10.45499992,-5.992522403,8,3.2
10.46399975,-5.98576087,8,3.2
10.47299957,-5.979079583,8,3.2
10.48200035,-5.972449875,8,3.2
10.49100018,-5.965840496,8,3.2
10.5,-5.959231622,8,3.2
1.5,-0.415456499,11.26315789,0.8
1.508999944,-0.416277614,11.26315789,0.8
1.518000007,-0.413791819,11.26315789,0.8
1.52699995,-0.408178571,11.26315789,0.8
1.536000013,-0.399695477,11.26315789,0.8
1.544999957,-0.388661235,11.26315789,0.8
1.55400002,-0.37545731,11.26315789,0.8
1.562999964,-0.360504836,11.26315789,0.8
1.572000027,-0.344257619,11.26315789,0.8
1.58099997,-0.327195381,11.26315789,0.8
1.590000033,-0.309801466,11.26315789,0.8
1.598999977,-0.292561708,11.26315789,0.8
1.60800004,-0.275947939,11.26315789,0.8
1.616999984,-0.260413824,11.26315789,0.8
1.626000047,-0.246379029,11.26315789,0.8
1.63499999,-0.234231034,11.26315789,0.8
1.644000053,-0.224313005,11.26315789,0.8
1.652999997,-0.216916833,11.26315789,0.8
1.661999941,-0.212285083,11.26315789,0.8
1.671000004,-0.210598713,11.26315789,0.8
1.679999948,-0.211977079,11.26315789,0.8
1.68900001,-0.216479927,11.26315789,0.8
1.697999954,-0.224098402,11.26315789,0.8
1.707000017,-0.234758055,11.26315789,0.8
1.715999961,-0.248319991,11.26315789,0.8
1.725000024,-0.264580811,11.26315789,0.8
1.733999968,-0.283274877,11.26315789,0.8
1.743000031,-0.304082064,11.26315789,0.8
1.751999974,-0.32662892,11.26315789,0.8
1.761000037,-0.35050062,11.26315789,0.8
1.769999981,-0.375244656,11.26315789,0.8
1.779000044,-0.400385613,11.26315789,0.8
1.787999988,-0.425431895,11.26315789,0.8
1.797000051,-0.449894299,11.26315789,0.8
1.805999994,-0.473291806,11.26315789,0.8
1.815000057,-0.495169041,11.26315789,0.8
1.824000001,-0.51510609,11.26315789,0.8
1.832999945,-0.532731526,11.26315789,0.8
1.842000008,-0.547733012,11.26315789,0.8
1.850999951,-0.559868007,11.26315789,0.8
1.860000014,-0.568961674,11.26315789,0.8
1.868999958,-0.574925618,11.26315789,0.8
1.878000021,-0.577744695,11.26315789,0.8
1.886999965,-0.577486678,11.26315789,0.8
1.896000028,-0.574297068,11.26315789,0.8
1.904999971,-0.568388761,11.26315789,0.8
1.914000034,-0.560041684,11.26315789,0.8
1.922999978,-0.549589681,11.26315789,0.8
1.932000041,-0.537414285,11.26315789,0.8
1.940999985,-0.523931964,11.26315789,0.8
1.950000048,-0.509584036,11.26315789,0.8
1.958999991,-0.494827559,11.26315789,0.8
1.968000054,-0.480117086,11.26315789,0.8
1.976999998,-0.465907642,11.26315789,0.8
1.985999942,-0.452638332,11.26315789,0.8
1.995000005,-0.440718859,11.26315789,0.8
2.003999949,-0.430526526,11.26315789,0.8
2.013000011,-0.4224024,11.26315789,0.8
2.022000074,-0.416636791,11.26315789,0.8
2.030999899,-0.413468943,11.26315789,0.8
2.039999962,-0.413083067,11.26315789,0.8
2.049000025,-0.415602105,11.26315789,0.8
2.058000088,-0.421083842,11.26315789,0.8
2.066999912,-0.429526455,11.26315789,0.8
2.075999975,-0.440858302,11.26315789,0.8
2.085000038,-0.45494476,11.26315789,0.8
2.094000101,-0.471592608,11.26315789,0.8
2.102999926,-0.490544888,11.26315789,0.8
2.111999989,-0.51149395,11.26315789,0.8
2.121000051,-0.534083143,11.26315789,0.8
2.130000114,-0.557915747,11.26315789,0.8
2.138999939,-0.582562734,11.26315789,0.8
2.148000002,-0.607571836,11.26315789,0.8
2.157000065,-0.632480183,11.26315789,0.8
2.165999889,-0.65682619,11.26315789,0.8
2.174999952,-0.680158863,11.26315789,0.8
2.184000015,-0.702049479,11.26315789,0.8
2.193000078,-0.722100502,11.26315789,0.8
2.201999903,-0.739964433,11.26315789,0.8
2.210999966,-0.755342857,11.26315789,0.8
2.220000029,-0.76800522,11.26315789,0.8
2.229000092,-0.777782277,11.26315789,0.8
2.237999916,-0.784580959,11.26315789,0.8
2.246999979,-0.788382848,11.26315789,0.8
2.256000042,-0.789240451,11.26315789,0.8
2.265000105,-0.7872782,11.26315789,0.8
2.273999929,-0.782691783,11.26315789,0.8
2.282999992,-0.775734579,11.26315789,0.8
2.292000055,-0.766716164,11.26315789,0.8
2.301000118,-0.755989333,11.26315789,0.8
2.309999943,-0.743944998,11.26315789,0.8
2.319000006,-0.730995174,11.26315789,0.8
2.328000069,-0.717574575,11.26315789,0.8
2.336999893,-0.704113619,11.26315789,0.8
2.345999956,-0.691043397,11.26315789,0.8
2.355000019,-0.678777091,11.26315789,0.8
2.364000082,-0.667704031,11.26315789,0.8
2.372999907,-0.6581821,11.26315789,0.8
2.381999969,-0.650529528,11.26315789,0.8
2.391000032,-0.645014242,11.26315789,0.8
2.400000095,-0.641859689,11.26315789,0.8
2.40899992,-0.641228144,11.26315789,0.8
2.417999983,-0.643225235,11.26315789,0.8
2.427000046,-0.647895514,11.26315789,0.8
2.436000109,-0.655224456,11.26315789,0.8
2.444999933,-0.665132573,11.26315789,0.8
2.453999996,-0.677485223,11.26315789,0.8
2.463000059,-0.692091613,11.26315789,0.8
2.471999884,-0.708703605,11.26315789,0.8
2.480999947,-0.727034172,11.26315789,0.8
2.49000001,-0.74674988,11.26315789,0.8
2.499000072,-0.767486444,11.26315789,0.8
2.507999897,-0.788856317,11.26315789,0.8
2.51699996,-0.810452298,11.26315789,0.8
2.526000023,-0.831863989,11.26315789,0.8
2.535000086,-0.852679286,11.26315789,0.8
2.54399991,-0.872503519,11.26315789,0.8
2.552999973,-0.890962417,11.26315789,0.8
2.562000036,-0.907713025,11.26315789,0.8
2.571000099,-0.922454164,11.26315789,0.8
2.579999924,-0.934931868,11.26315789,0.8
2.588999987,-0.94494438,11.26315789,0.8
2.59800005,-0.952352418,11.26315789,0.8
2.607000113,-0.957078023,11.26315789,0.8
2.615999937,-0.959104324,11.26315789,0.8
2.625,-0.958486284,11.26315789,0.8
2.634000063,-0.955331192,11.26315789,0.8
2.642999887,-0.949814056,11.26315789,0.8
2.65199995,-0.942154672,11.26315789,0.8
2.661000013,-0.932625272,11.26315789,0.8
2.670000076,-0.921535939,11.26315789,0.8
2.678999901,-0.909224317,11.26315789,0.8
2.687999964,-0.896054457,11.26315789,0.8
2.697000027,-0.882398159,11.26315789,0.8
2.70600009,-0.868632182,11.26315789,0.8
2.714999914,-0.855125706,11.26315789,0.8
2.723999977,-0.842233717,11.26315789,0.8
2.73300004,-0.830288661,11.26315789,0.8
2.742000103,-0.819591356,11.26315789,0.8
2.750999928,-0.810410615,11.26315789,0.8
2.75999999,-0.802967198,11.26315789,0.8
2.769000053,-0.797440012,11.26315789,0.8
2.778000116,-0.793962165,11.26315789,0.8
2.786999941,-0.792612644,11.26315789,0.8
2.796000004,-0.793421332,11.26315789,0.8
2.805000067,-0.796365632,11.26315789,0.8
2.813999891,-0.80137851,11.26315789,0.8
2.822999954,-0.808340395,11.26315789,0.8
2.832000017,-0.817092058,11.26315789,0.8
2.84100008,-0.827431329,11.26315789,0.8
2.849999905,-0.839126348,11.26315789,0.8
2.858999968,-0.851908394,11.26315789,0.8
2.868000031,-0.86549423,11.26315789,0.8
2.877000093,-0.879575919,11.26315789,0.8
2.885999918,-0.893842656,11.26315789,0.8
2.894999981,-0.907971496,11.26315789,0.8
2.904000044,-0.921652617,11.26315789,0.8
2.913000107,-0.934583397,11.26315789,0.8
2.921999931,-0.946480318,11.26315789,0.8
2.930999994,-0.957086734,11.26315789,0.8
2.940000057,-0.966169046,11.26315789,0.8
2.948999882,-0.973540687,11.26315789,0.8
2.957999945,-0.97905135,11.26315789,0.8
2.967000008,-0.982593703,11.26315789,0.8
2.976000071,-0.984108628,11.26315789,0.8
2.984999895,-0.983587795,11.26315789,0.8
2.993999958,-0.981067123,11.26315789,0.8
3.003000021,-0.976629261,11.26315789,0.8
3.012000084,-0.970402086,11.26315789,0.8
3.020999908,-0.962553413,11.26315789,0.8
3.029999971,-0.953284627,11.26315789,0.8
3.039000034,-0.942830333,11.26315789,0.8
3.048000097,-0.931445504,11.26315789,0.8
3.056999922,-0.91940038,11.26315789,0.8
3.065999985,-0.906981282,11.26315789,0.8
3.075000048,-0.894468489,11.26315789,0.8
3.084000111,-0.882142572,11.26315789,0.8
3.092999935,-0.870274184,11.26315789,0.8
3.101999998,-0.85911667,11.26315789,0.8
3.111000061,-0.84889765,11.26315789,0.8
3.119999886,-0.839821023,11.26315789,0.8
3.128999949,-0.832063497,11.26315789,0.8
3.138000011,-0.825762907,11.26315789,0.8
3.147000074,-0.821026999,11.26315789,0.8
3.155999899,-0.817924051,11.26315789,0.8
3.164999962,-0.816486441,11.26315789,0.8
3.174000025,-0.816709955,11.26315789,0.8
3.183000088,-0.818556555,11.26315789,0.8
3.191999912,-0.821952506,11.26315789,0.8
3.200999975,-0.826794896,11.26315789,0.8
3.210000038,-0.83295091,11.26315789,0.8
3.219000101,-0.840263378,11.26315789,0.8
3.227999926,-0.848552031,11.26315789,0.8
3.236999989,-0.857623319,11.26315789,0.8
3.246000051,-0.867267445,11.26315789,0.8
3.255000114,-0.877265531,11.26315789,0.8
3.263999939,-0.887396766,11.26315789,0.8
3.273000002,-0.89744101,11.26315789,0.8
3.282000065,-0.907183795,11.26315789,0.8
3.290999889,-0.916421408,11.26315789,0.8
3.299999952,-0.924964477,11.26315789,0.8
3.309000015,-0.932644272,11.26315789,0.8
3.318000078,-0.939316819,11.26315789,0.8
3.326999903,-0.944861691,11.26315789,0.8
3.335999966,-0.949188825,11.26315789,0.8
3.345000029,-0.952240653,11.26315789,0.8
3.354000092,-0.95399267,11.26315789,0.8
3.362999916,-0.954452974,11.26315789,0.8
3.371999979,-0.953661626,11.26315789,0.8
3.381000042,-0.9516948,11.26315789,0.8
3.390000105,-0.948653265,11.26315789,0.8
3.398999929,-0.944667453,11.26315789,0.8
3.407999992,-0.939891249,11.26315789,0.8
3.417000055,-0.934498193,11.26315789,0.8
3.426000118,-0.928677829,11.26315789,0.8
3.434999943,-0.922627992,11.26315789,0.8
3.444000006,-0.916554685,11.26315789,0.8
3.453000069,-0.910665369,11.26315789,0.8
3.461999893,-0.905163395,11.26315789,0.8
3.470999956,-0.900244725,11.26315789,0.8
3.480000019,-0.896094183,11.26315789,0.8
3.489000082,-0.892880681,11.26315789,0.8
3.497999907,-0.890757455,11.26315789,0.8
3.506999969,-0.889855521,11.26315789,0.8
3.516000032,-0.890283421,11.26315789,0.8
3.525000095,-0.892131254,11.26315789,0.8
3.53399992,-0.895457493,11.26315789,0.8
3.542999983,-0.900302195,11.26315789,0.8
3.552000046,-0.906678347,11.26315789,0.8
3.561000109,-0.914575344,11.26315789,0.8
3.569999933,-0.923961357,11.26315789,0.8
3.578999996,-0.93478199,11.26315789,0.8
3.588000059,-0.946966557,11.26315789,0.8
3.596999884,-0.960422734,11.26315789,0.8
3.605999947,-0.975045808,11.26315789,0.8
3.61500001,-0.990717278,11.26315789,0.8
3.624000072,-1.007312846,11.26315789,0.8
3.632999897,-1.024699123,11.26315789,0.8
3.64199996,-1.04273745,11.26315789,0.8
3.651000023,-1.061292525,11.26315789,0.8
3.660000086,-1.080232388,11.26315789,0.8
3.66899991,-1.09943099,11.26315789,0.8
3.677999973,-1.118773816,11.26315789,0.8
3.687000036,-1.138158602,11.26315789,0.8
3.696000099,-1.157499982,11.26315789,0.8
3.704999924,-1.176736685,11.26315789,0.8
3.713999987,-1.195823402,11.26315789,0.8
3.72300005,-1.214745119,11.26315789,0.8
3.732000113,-1.233507899,11.26315789,0.8
3.740999937,-1.252150799,11.26315789,0.8
3.75,-1.270736643,11.26315789,0.8
3.759000063,-1.289359781,11.26315789,0.8
3.767999887,-1.308138253,11.26315789,0.8
3.77699995,-1.327222644,11.26315789,0.8
3.786000013,-1.346786694,11.26315789,0.8
3.795000076,-1.367026163,11.26315789,0.8
3.803999901,-1.38816082,11.26315789,0.8
3.812999964,-1.410429986,11.26315789,0.8
3.822000027,-1.43408974,11.26315789,0.8
3.83100009,-1.459411523,11.26315789,0.8
3.839999914,-1.48667877,11.26315789,0.8
3.848999977,-1.516186735,11.26315789,0.8
3.85800004,-1.548239209,11.26315789,0.8
3.867000103,-1.583146632,11.26315789,0.8
3.875999928,-1.621227051,11.26315789,0.8
3.88499999,-1.662804437,11.26315789,0.8
3.894000053,-1.708207638,11.26315789,0.8
3.903000116,-1.757769863,11.26315789,0.8
3.911999941,-1.81183124,11.26315789,0.8
3.921000004,-1.870739264,11.26315789,0.8
3.930000067,-1.9348495,11.26315789,0.8
3.938999891,-2.004525663,11.26315789,0.8
3.947999954,-2.080143275,11.26315789,0.8
3.957000017,-2.162088174,11.26315789,0.8
3.96600008,-2.250764163,11.26315789,0.8
3.974999905,-2.346587536,11.26315789,0.8
3.983999968,-2.449995941,11.26315789,0.8
3.993000031,-2.561441357,11.26315789,0.8
4.001999855,-2.68139814,11.26315789,0.8
4.011000156,-2.810361156,11.26315789,0.8
4.019999981,-2.948845174,11.26315789,0.8
4.028999805,-3.09737726,11.26315789,0.8
4.038000107,-3.256501643,11.26315789,0.8
4.046999931,-3.426769176,11.26315789,0.8
4.056000233,-3.608727263,11.26315789,0.8
4.065000057,-3.802905245,11.26315789,0.8
4.073999882,-4.009802495,11.26315789,0.8
4.083000183,-4.229850584,11.26315789,0.8
4.092000008,-4.463386746,11.26315789,0.8
4.100999832,-4.71060408,11.26315789,0.8
4.110000134,-4.971487365,11.26315789,0.8
4.118999958,-5.245732048,11.26315789,0.8
4.127999783,-5.532642961,11.26315789,0.8
4.137000084,-5.830999883,11.26315789,0.8
4.145999908,-6.138907072,11.26315789,0.8
4.15500021,-6.453606399,11.26315789,0.8
4.164000034,-6.771283748,11.26315789,0.8
4.172999859,-7.086872108,11.26315789,0.8
4.18200016,-7.39391417,11.26315789,0.8
4.190999985,-7.684526745,11.26315789,0.8
4.199999809,-7.949549294,11.26315789,0.8
4.209000111,-8.178985794,11.26315789,0.8
4.217999935,-8.362762842,11.26315789,0.8
4.227000237,-8.491798482,11.26315789,0.8
4.236000061,-8.559204502,11.26315789,0.8
4.244999886,-8.561360454,11.26315789,0.8
4.254000187,-8.498528913,11.26315789,0.8
4.263000011,-8.374835644,11.26315789,0.8
4.271999836,-8.197581725,11.26315789,0.8
4.281000137,-7.976149743,11.26315789,0.8
4.289999962,-7.720808065,11.26315789,0.8
4.298999786,-7.441629157,11.26315789,0.8
4.308000088,-7.147773383,11.26315789,0.8
4.316999912,-6.847072588,11.26315789,0.8
4.326000214,-6.545884913,11.26315789,0.8
4.335000038,-6.249145666,11.26315789,0.8
4.343999863,-5.960517673,11.26315789,0.8
4.353000164,-5.682592665,11.26315789,0.8
4.361999989,-5.417081605,11.26315789,0.8
4.370999813,-5.165010561,11.26315789,0.8
4.380000114,-4.926863111,11.26315789,0.8
4.388999939,-4.702732202,11.26315789,0.8
4.397999763,-4.492412997,11.26315789,0.8
4.407000065,-4.295492664,11.26315789,0.8
4.415999889,-4.111412555,11.26315789,0.8
4.425000191,-3.93952052,11.26315789,0.8
4.434000015,-3.779111351,11.26315789,0.8
4.44299984,-3.629448358,11.26315789,0.8
4.452000141,-3.489795566,11.26315789,0.8
4.460999966,-3.359426733,11.26315789,0.8
4.46999979,-3.237639052,11.26315789,0.8
4.479000092,-3.123757947,11.26315789,0.8
4.487999916,-3.017146422,11.26315789,0.8
4.497000217,-2.9172155,11.26315789,0.8
4.506000042,-2.823407747,11.26315789,0.8
4.514999866,-2.73521714,11.26315789,0.8
4.524000168,-2.652176018,11.26315789,0.8
4.532999992,-2.573865266,11.26315789,0.8
4.541999817,-2.499901762,11.26315789,0.8
4.551000118,-2.429945355,11.26315789,0.8
4.559999943,-2.363694394,11.26315789,0.8
4.568999767,-2.30087721,11.26315789,0.8
4.578000069,-2.241261604,11.26315789,0.8
4.586999893,-2.184641447,11.26315789,0.8
4.596000195,-2.13083817,11.26315789,0.8
4.605000019,-2.079698954,11.26315789,0.8
4.613999844,-2.031089973,11.26315789,0.8
4.623000145,-1.984896729,11.26315789,0.8
4.631999969,-1.941021507,11.26315789,0.8
4.640999794,-1.899378662,11.26315789,0.8
4.650000095,-1.859890914,11.26315789,0.8
4.65899992,-1.822493818,11.26315789,0.8
4.668000221,-1.787126753,11.26315789,0.8
4.677000046,-1.75373152,11.26315789,0.8
4.68599987,-1.722255639,11.26315789,0.8
4.695000172,-1.692643779,11.26315789,0.8
4.703999996,-1.664845717,11.26315789,0.8
4.712999821,-1.638805726,11.26315789,0.8
4.722000122,-1.614469825,11.26315789,0.8
4.730999947,-1.59177691,11.26315789,0.8
4.739999771,-1.570668937,11.26315789,0.8
4.749000072,-1.551082623,11.26315789,0.8
4.757999897,-1.532953313,11.26315789,0.8
4.767000198,-1.51621184,11.26315789,0.8
4.776000023,-1.500790781,11.26315789,0.8
4.784999847,-1.486618229,11.26315789,0.8
4.794000149,-1.473623596,11.26315789,0.8
4.802999973,-1.461734305,11.26315789,0.8
4.811999798,-1.450883184,11.26315789,0.8
4.821000099,-1.441002533,11.26315789,0.8
4.829999924,-1.432023512,11.26315789,0.8
4.839000225,-1.423888667,11.26315789,0.8
4.84800005,-1.416537985,11.26315789,0.8
4.856999874,-1.409918217,11.26315789,0.8
4.866000175,-1.403984752,11.26315789,0.8
4.875,-1.398696916,11.26315789,0.8
4.883999825,-1.394022726,11.26315789,0.8
4.893000126,-1.389933681,11.26315789,0.8
4.90199995,-1.386414118,11.26315789,0.8
4.910999775,-1.38345099,11.26315789,0.8
4.920000076,-1.381043274,11.26315789,0.8
4.928999901,-1.379192397,11.26315789,0.8
4.938000202,-1.377913379,11.26315789,0.8
4.947000027,-1.377221098,11.26315789,0.8
4.955999851,-1.377142307,11.26315789,0.8
4.965000153,-1.377706673,11.26315789,0.8
4.973999977,-1.378948147,11.26315789,0.8
4.982999802,-1.380906233,11.26315789,0.8
4.992000103,-1.383622107,11.26315789,0.8
5.000999928,-1.38714152,11.26315789,0.8
5.010000229,-1.391509951,11.26315789,0.8
5.019000053,-1.396776081,11.26315789,0.8
5.027999878,-1.402984224,11.26315789,0.8
5.037000179,-1.410182197,11.26315789,0.8
5.046000004,-1.418415419,11.26315789,0.8
5.054999828,-1.427726076,11.26315789,0.8
5.06400013,-1.438153594,11.26315789,0.8
5.072999954,-1.449737582,11.26315789,0.8
5.081999779,-1.462512637,11.26315789,0.8
5.09100008,-1.476510839,11.26315789,0.8
5.099999905,-1.49175984,11.26315789,0.8
5.109000206,-1.508287742,11.26315789,0.8
5.118000031,-1.526118225,11.26315789,0.8
5.126999855,-1.545272033,11.26315789,0.8
5.136000156,-1.565771256,11.26315789,0.8
5.144999981,-1.587635958,11.26315789,0.8
5.153999805,-1.610884731,11.26315789,0.8
5.163000107,-1.635542748,11.26315789,0.8
5.171999931,-1.6616321,11.26315789,0.8
5.181000233,-1.689181746,11.26315789,0.8
5.190000057,-1.718224184,11.26315789,0.8
5.198999882,-1.748801923,11.26315789,0.8
5.208000183,-1.780959274,11.26315789,0.8
5.217000008,-1.814754738,11.26315789,0.8
5.225999832,-1.850255208,11.26315789,0.8
5.235000134,-1.887542524,11.26315789,0.8
5.243999958,-1.926709563,11.26315789,0.8
5.252999783,-1.967865021,11.26315789,0.8
5.262000084,-2.011135494,11.26315789,0.8
5.270999908,-2.056664073,11.26315789,0.8
5.28000021,-2.104614527,11.26315789,0.8
5.289000034,-2.155170871,11.26315789,0.8
5.297999859,-2.208535854,11.26315789,0.8
5.30700016,-2.264938672,11.26315789,0.8
5.315999985,-2.324630913,11.26315789,0.8
5.324999809,-2.387888029,11.26315789,0.8
5.334000111,-2.45501021,11.26315789,0.8
5.342999935,-2.526324474,11.26315789,0.8
5.352000237,-2.602185822,11.26315789,0.8
5.361000061,-2.682976633,11.26315789,0.8
5.369999886,-2.769108968,11.26315789,0.8
5.379000187,-2.861023569,11.26315789,0.8
5.388000011,-2.959190552,11.26315789,0.8
5.396999836,-3.064115312,11.26315789,0.8
5.406000137,-3.176333852,11.26315789,0.8
5.414999962,-3.296416152,11.26315789,0.8
5.423999786,-3.424969364,11.26315789,0.8
5.433000088,-3.562636756,11.26315789,0.8
5.441999912,-3.710095391,11.26315789,0.8
5.451000214,-3.868066886,11.26315789,0.8
5.460000038,-4.037309092,11.26315789,0.8
5.468999863,-4.218622823,11.26315789,0.8
5.478000164,-4.412846321,11.26315789,0.8
5.486999989,-4.62085889,11.26315789,0.8
5.495999813,-4.843579723,11.26315789,0.8
5.505000114,-5.081958585,11.26315789,0.8
5.513999939,-5.336979784,11.26315789,0.8
5.522999763,-5.609642876,11.26315789,0.8
5.532000065,-5.900952012,11.26315789,0.8
5.540999889,-6.211896172,11.26315789,0.8
5.550000191,-6.543415768,11.26315789,0.8
5.559000015,-6.896356617,11.26315789,0.8
5.56799984,-7.271399798,11.26315789,0.8
5.577000141,-7.668969113,11.26315789,0.8
5.585999966,-8.089087646,11.26315789,0.8
5.59499979,-8.531184068,11.26315789,0.8
5.604000092,-8.993819322,11.26315789,0.8
5.612999916,-9.474308559,11.26315789,0.8
5.622000217,-9.968236276,11.26315789,0.8
5.631000042,-10.46883592,11.26315789,0.8
5.639999866,-10.9662914,11.26315789,0.8
5.649000168,-11.44709515,11.26315789,0.8
5.657999992,-11.89369343,11.26315789,0.8
5.666999817,-12.28492177,11.26315789,0.8
5.676000118,-12.59767694,11.26315789,0.8
5.684999943,-12.81014478,11.26315789,0.8
5.693999767,-12.9061025,11.26315789,0.8
5.703000069,-12.87885787,11.26315789,0.8
5.711999893,-12.73305039,11.26315789,0.8
5.721000195,-12.48333801,11.26315789,0.8
5.730000019,-12.15068268,11.26315789,0.8
5.738999844,-11.75799611,11.26315789,0.8
5.748000145,-11.32668821,11.26315789,0.8
5.756999969,-10.87474254,11.26315789,0.8
5.765999794,-10.4161283,11.26315789,0.8
5.775000095,-9.961054845,11.26315789,0.8
5.78399992,-9.516597917,11.26315789,0.8
5.793000221,-9.087396448,11.26315789,0.8
5.802000046,-8.676290785,11.26315789,0.8
5.81099987,-8.284834642,11.26315789,0.8
5.820000172,-7.913683664,11.26315789,0.8
5.828999996,-7.562883951,11.26315789,0.8
5.837999821,-7.232079466,11.26315789,0.8
5.847000122,-6.92065549,11.26315789,0.8
5.855999947,-6.627842062,11.26315789,0.8
5.864999771,-6.352778912,11.26315789,0.8
5.874000072,-6.094571895,11.26315789,0.8
5.882999897,-5.852312854,11.26315789,0.8
5.892000198,-5.625111257,11.26315789,0.8
5.901000023,-5.412101516,11.26315789,0.8
5.909999847,-5.212454946,11.26315789,0.8
5.919000149,-5.025378118,11.26315789,0.8
5.927999973,-4.850123976,11.26315789,0.8
5.936999798,-4.685983976,11.26315789,0.8
5.946000099,-4.532291272,11.26315789,0.8
5.954999924,-4.388420836,11.26315789,0.8
5.964000225,-4.253782651,11.26315789,0.8
5.97300005,-4.127825354,11.26315789,0.8
5.981999874,-4.010027107,11.26315789,0.8
5.991000175,-3.89990194,11.26315789,0.8
6,-3.796989988,11.26315789,0.8
6.008999825,-3.700860698,11.26315789,0.8
6.018000126,-3.61110607,11.26315789,0.8
6.02699995,-3.527344402,11.26315789,0.8
6.035999775,-3.449214453,11.26315789,0.8
6.045000076,-3.376377254,11.26315789,0.8
6.053999901,-3.30850658,11.26315789,0.8
6.063000202,-3.245299267,11.26315789,0.8
6.072000027,-3.186469816,11.26315789,0.8
6.080999851,-3.131745116,11.26315789,0.8
6.090000153,-3.080866425,11.26315789,0.8
6.098999977,-3.033593721,11.26315789,0.8
6.107999802,-2.989696663,11.26315789,0.8
6.117000103,-2.948959616,11.26315789,0.8
6.125999928,-2.911184101,11.26315789,0.8
6.135000229,-2.876177133,11.26315789,0.8
6.144000053,-2.843763697,11.26315789,0.8
6.152999878,-2.813781035,11.26315789,0.8
6.162000179,-2.786078984,11.26315789,0.8
6.171000004,-2.760520095,11.26315789,0.8
6.179999828,-2.73697662,11.26315789,0.8
6.18900013,-2.71534084,11.26315789,0.8
6.197999954,-2.695510822,11.26315789,0.8
6.206999779,-2.677400521,11.26315789,0.8
6.21600008,-2.660935765,11.26315789,0.8
6.224999905,-2.646056831,11.26315789,0.8
6.234000206,-2.632716738,11.26315789,0.8
6.243000031,-2.620875936,11.26315789,0.8
6.251999855,-2.610512538,11.26315789,0.8
6.261000156,-2.601613508,11.26315789,0.8
6.269999981,-2.594180197,11.26315789,0.8
6.278999805,-2.588221151,11.26315789,0.8
6.288000107,-2.583754127,11.26315789,0.8
6.296999931,-2.580812766,11.26315789,0.8
6.306000233,-2.579433899,11.26315789,0.8
6.315000057,-2.57966425,11.26315789,0.8
6.323999882,-2.581558274,11.26315789,0.8
6.333000183,-2.58517991,11.26315789,0.8
6.342000008,-2.590592934,11.26315789,0.8
6.350999832,-2.59787227,11.26315789,0.8
6.360000134,-2.607091595,11.26315789,0.8
6.368999958,-2.618331279,11.26315789,0.8
6.377999783,-2.631676337,11.26315789,0.8
6.387000084,-2.647208052,11.26315789,0.8
6.395999908,-2.665009531,11.26315789,0.8
6.40500021,-2.685168598,11.26315789,0.8
6.414000034,-2.707766439,11.26315789,0.8
6.422999859,-2.732889356,11.26315789,0.8
6.43200016,-2.760617483,11.26315789,0.8
6.440999985,-2.791028137,11.26315789,0.8
6.449999809,-2.824198981,11.26315789,0.8
6.459000111,-2.860201805,11.26315789,0.8
6.467999935,-2.899109166,11.26315789,0.8
6.477000237,-2.940986652,11.26315789,0.8
6.486000061,-2.98589989,11.26315789,0.8
6.494999886,-3.033910508,11.26315789,0.8
6.504000187,-3.085077694,11.26315789,0.8
6.513000011,-3.139458212,11.26315789,0.8
6.521999836,-3.197110739,11.26315789,0.8
6.531000137,-3.258092517,11.26315789,0.8
6.539999962,-3.322462459,11.26315789,0.8
6.548999786,-3.39027911,11.26315789,0.8
6.558000088,-3.461607997,11.26315789,0.8
6.566999912,-3.536519834,11.26315789,0.8
6.576000214,-3.615089139,11.26315789,0.8
6.585000038,-3.697402067,11.26315789,0.8
6.593999863,-3.783549228,11.26315789,0.8
6.603000164,-3.873637646,11.26315789,0.8
6.611999989,-3.96778103,11.26315789,0.8
6.620999813,-4.066112031,11.26315789,0.8
6.630000114,-4.168769173,11.26315789,0.8
6.638999939,-4.27591027,11.26315789,0.8
6.647999763,-4.387704024,11.26315789,0.8
6.657000065,-4.504331153,11.26315789,0.8
6.665999889,-4.625979979,11.26315789,0.8
6.675000191,-4.752846364,11.26315789,0.8
6.684000015,-4.885132016,11.26315789,0.8
6.69299984,-5.023031121,11.26315789,0.8
6.702000141,-5.16673032,11.26315789,0.8
6.710999966,-5.316399786,11.26315789,0.8
6.71999979,-5.472175374,11.26315789,0.8
6.729000092,-5.634154307,11.26315789,0.8
6.737999916,-5.802374967,11.26315789,0.8
6.747000217,-5.97679925,11.26315789,0.8
6.756000042,-6.157293227,11.26315789,0.8
6.764999866,-6.343596353,11.26315789,0.8
6.774000168,-6.535307756,11.26315789,0.8
6.782999992,-6.731838197,11.26315789,0.8
6.791999817,-6.932400787,11.26315789,0.8
6.801000118,-7.13594922,11.26315789,0.8
6.809999943,-7.341175299,11.26315789,0.8
6.818999767,-7.546458869,11.26315789,0.8
6.828000069,-7.749858657,11.26315789,0.8
6.836999893,-7.949099873,11.26315789,0.8
6.846000195,-8.141588105,11.26315789,0.8
6.855000019,-8.324439419,11.26315789,0.8
6.863999844,-8.494545029,11.26315789,0.8
6.873000145,-8.648683367,11.26315789,0.8
6.881999969,-8.783640308,11.26315789,0.8
6.890999794,-8.896383572,11.26315789,0.8
6.900000095,-8.984238903,11.26315789,0.8
6.90899992,-9.045067685,11.26315789,0.8
6.918000221,-9.077434476,11.26315789,0.8
6.927000046,-9.080701936,11.26315789,0.8
6.93599987,-9.055089839,11.26315789,0.8
6.945000172,-9.001642989,11.26315789,0.8
6.953999996,-8.922141264,11.26315789,0.8
6.962999821,-8.818959567,11.26315789,0.8
6.972000122,-8.694895802,11.26315789,0.8
6.980999947,-8.552982601,11.26315789,0.8
6.989999771,-8.396340504,11.26315789,0.8
6.999000072,-8.228012657,11.26315789,0.8
7.007999897,-8.050882515,11.26315789,0.8
7.017000198,-7.86758149,11.26315789,0.8
7.026000023,-7.680454704,11.26315789,0.8
7.034999847,-7.491544156,11.26315789,0.8
7.044000149,-7.30258904,11.26315789,0.8
7.052999973,-7.115048881,11.26315789,0.8
7.061999798,-6.930115627,11.26315789,0.8
7.071000099,-6.748749951,11.26315789,0.8
7.079999924,-6.571710049,11.26315789,0.8
7.089000225,-6.39957729,11.26315789,0.8
7.09800005,-6.232784139,11.26315789,0.8
7.106999874,-6.071639615,11.26315789,0.8
7.116000175,-5.916349647,11.26315789,0.8
7.125,-5.767035083,11.26315789,0.8
7.133999825,-5.623751523,11.26315789,0.8
7.143000126,-5.486495322,11.26315789,0.8
7.15199995,-5.355223098,11.26315789,0.8
7.160999775,-5.22985852,11.26315789,0.8
7.170000076,-5.110292538,11.26315789,0.8
7.178999901,-4.996401941,11.26315789,0.8
7.188000202,-4.888046812,11.26315789,0.8
7.197000027,-4.785076134,11.26315789,0.8
7.205999851,-4.687332345,11.26315789,0.8
7.215000153,-4.594652524,11.26315789,0.8
7.223999977,-4.506873068,11.26315789,0.8
7.232999802,-4.423825185,11.26315789,0.8
7.242000103,-4.345345025,11.26315789,0.8
7.250999928,-4.271269364,11.26315789,0.8
7.260000229,-4.201436847,11.26315789,0.8
7.269000053,-4.135689519,11.26315789,0.8
7.277999878,-4.073873095,11.26315789,0.8
7.287000179,-4.015839404,11.26315789,0.8
7.296000004,-3.96144398,11.26315789,0.8
7.304999828,-3.910549867,11.26315789,0.8
7.31400013,-3.863023589,11.26315789,0.8
7.322999954,-3.818740808,11.26315789,0.8
7.331999779,-3.777582957,11.26315789,0.8
7.34100008,-3.739438994,11.26315789,0.8
7.349999905,-3.704204561,11.26315789,0.8
7.359000206,-3.671786416,11.26315789,0.8
7.368000031,-3.64209754,11.26315789,0.8
7.376999855,-3.615061117,11.26315789,0.8
7.386000156,-3.59060863,11.26315789,0.8
7.394999981,-3.568680526,11.26315789,0.8
7.403999805,-3.549227311,11.26315789,0.8
7.413000107,-3.532206833,11.26315789,0.8
7.421999931,-3.517588027,11.26315789,0.8
7.431000233,-3.505343788,11.26315789,0.8
7.440000057,-3.495458107,11.26315789,0.8
7.448999882,-3.487923538,11.26315789,0.8
7.458000183,-3.482734249,11.26315789,0.8
7.467000008,-3.479891265,11.26315789,0.8
7.475999832,-3.479400736,11.26315789,0.8
7.485000134,-3.481269872,11.26315789,0.8
7.493999958,-3.485509418,11.26315789,0.8
7.502999783,-3.492124403,11.26315789,0.8
7.512000084,-3.501123964,11.26315789,0.8
7.520999908,-3.512511325,11.26315789,0.8
7.53000021,-3.526285143,11.26315789,0.8
7.539000034,-3.54243825,11.26315789,0.8
7.547999859,-3.56095429,11.26315789,0.8
7.55700016,-3.581811187,11.26315789,0.8
7.565999985,-3.6049756,11.26315789,0.8
7.574999809,-3.630401416,11.26315789,0.8
7.584000111,-3.658035875,11.26315789,0.8
7.592999935,-3.687813332,11.26315789,0.8
7.602000237,-3.719659089,11.26315789,0.8
7.611000061,-3.753486587,11.26315789,0.8
7.619999886,-3.789204269,11.26315789,0.8
7.629000187,-3.826712282,11.26315789,0.8
7.638000011,-3.865909684,11.26315789,0.8
7.646999836,-3.906693356,11.26315789,0.8
7.656000137,-3.948964998,11.26315789,0.8
7.664999962,-3.992628672,11.26315789,0.8
7.673999786,-4.037607313,11.26315789,0.8
7.683000088,-4.083837621,11.26315789,0.8
7.691999912,-4.131269509,11.26315789,0.8
7.701000214,-4.179891799,11.26315789,0.8
7.710000038,-4.2297158,11.26315789,0.8
7.718999863,-4.280794371,11.26315789,0.8
7.728000164,-4.333218089,11.26315789,0.8
7.736999989,-4.387128149,11.26315789,0.8
7.745999813,-4.44270789,11.26315789,0.8
7.755000114,-4.500202442,11.26315789,0.8
7.763999939,-4.559908024,11.26315789,0.8
7.772999763,-4.622177649,11.26315789,0.8
7.782000065,-4.687426158,11.26315789,0.8
7.790999889,-4.756131269,11.26315789,0.8
7.800000191,-4.82882735,11.26315789,0.8
7.809000015,-4.906108815,11.26315789,0.8
7.81799984,-4.988629496,11.26315789,0.8
7.827000141,-5.077104854,11.26315789,0.8
7.835999966,-5.17230024,11.26315789,0.8
7.84499979,-5.275036841,11.26315789,0.8
7.854000092,-5.386190148,11.26315789,0.8
7.862999916,-5.506679288,11.26315789,0.8
7.872000217,-5.637479085,11.26315789,0.8
7.881000042,-5.779603722,11.26315789,0.8
7.889999866,-5.93411991,11.26315789,0.8
7.899000168,-6.10213885,11.26315789,0.8
7.907999992,-6.284817343,11.26315789,0.8
7.916999817,-6.483373819,11.26315789,0.8
7.926000118,-6.699075394,11.26315789,0.8
7.934999943,-6.933260254,11.26315789,0.8
7.943999767,-7.187350303,11.26315789,0.8
7.953000069,-7.462854976,11.26315789,0.8
7.961999893,-7.761403998,11.26315789,0.8
7.971000195,-8.084773548,11.26315789,0.8
7.980000019,-8.434913897,11.26315789,0.8
7.988999844,-8.813998692,11.26315789,0.8
7.998000145,-9.224483741,11.26315789,0.8
8.006999969,-9.669180139,11.26315789,0.8
8.015999794,-10.15134044,11.26315789,0.8
8.024999619,-10.67478261,11.26315789,0.8
8.034000397,-11.24403705,11.26315789,0.8
8.043000221,-11.86454806,11.26315789,0.8
8.052000046,-12.54291715,11.26315789,0.8
8.06099987,-13.28724123,11.26315789,0.8
8.069999695,-14.10750502,11.26315789,0.8
8.079000473,-15.01608466,11.26315789,0.8
8.088000298,-16.0282087,11.26315789,0.8
8.097000122,-17.16216028,11.26315789,0.8
8.105999947,-18.43819512,11.26315789,0.8
8.114999771,-19.87315061,11.26315789,0.8
8.123999596,-21.46166612,11.26315789,0.8
8.133000374,-23.11979412,11.26315789,0.8
8.142000198,-24.55690082,11.26315789,0.8
8.151000023,-25.19544639,11.26315789,0.8
8.159999847,-24.63813949,11.26315789,0.8
8.168999672,-23.24353778,11.26315789,0.8
8.17800045,-21.59919477,11.26315789,0.8
8.187000275,-20.01327079,11.26315789,0.8
8.196000099,-18.57761739,11.26315789,0.8
8.204999924,-17.29992109,11.26315789,0.8
8.213999748,-16.16366686,11.26315789,0.8
8.222999573,-15.14833037,11.26315789,0.8
8.232000351,-14.23522513,11.26315789,0.8
8.241000175,-13.40874194,11.26315789,0.8
8.25,-12.65618963,11.26315789,0.8
8.258999825,-11.96733488,11.26315789,0.8
8.267999649,-11.33391341,11.26315789,0.8
8.277000427,-10.74921977,11.26315789,0.8
8.286000252,-10.2077838,11.26315789,0.8
8.295000076,-9.705110829,11.26315789,0.8
8.303999901,-9.237494176,11.26315789,0.8
8.312999725,-8.80185176,11.26315789,0.8
8.32199955,-8.395609884,11.26315789,0.8
8.331000328,-8.016607891,11.26315789,0.8
8.340000153,-7.663024366,11.26315789,0.8
8.348999977,-7.333303228,11.26315789,0.8
8.357999802,-7.02611986,11.26315789,0.8
8.366999626,-6.740318245,11.26315789,0.8
8.376000404,-6.474888908,11.26315789,0.8
8.385000229,-6.228932018,11.26315789,0.8
8.394000053,-6.001624953,11.26315789,0.8
8.402999878,-5.792211262,11.26315789,0.8
8.411999702,-5.599965054,11.26315789,0.8
8.420999527,-5.424186278,11.26315789,0.8
8.430000305,-5.26417505,11.26315789,0.8
8.43900013,-5.119224051,11.26315789,0.8
8.447999954,-4.988614188,11.26315789,0.8
8.456999779,-4.871587032,11.26315789,0.8
8.465999603,-4.76736506,11.26315789,0.8
8.475000381,-4.67512297,11.26315789,0.8
8.484000206,-4.594006094,11.26315789,0.8
8.493000031,-4.523120632,11.26315789,0.8
8.501999855,-4.461535445,11.26315789,0.8
8.51099968,-4.408292329,11.26315789,0.8
8.520000458,-4.3624081,11.26315789,0.8
8.529000282,-4.322887087,11.26315789,0.8
8.538000107,-4.288716918,11.26315789,0.8
8.546999931,-4.258899361,11.26315789,0.8
8.555999756,-4.232445789,11.26315789,0.8
8.56499958,-4.20839608,11.26315789,0.8
8.574000359,-4.185830373,11.26315789,0.8
8.583000183,-4.163881779,11.26315789,0.8
8.592000008,-4.141747197,11.26315789,0.8
8.600999832,-4.118704164,11.26315789,0.8
8.609999657,-4.094120455,11.26315789,0.8
8.619000435,-4.067458767,11.26315789,0.8
8.628000259,-4.038286151,11.26315789,0.8
8.637000084,-4.006288763,11.26315789,0.8
8.645999908,-3.971260554,11.26315789,0.8
8.654999733,-3.93310734,11.26315789,0.8
8.663999557,-3.891852037,11.26315789,0.8
8.673000336,-3.847619323,11.26315789,0.8
8.68200016,-3.800627746,11.26315789,0.8
8.690999985,-3.751186475,11.26315789,0.8
8.699999809,-3.699673389,11.26315789,0.8
8.708999634,-3.646530977,11.26315789,0.8
8.718000412,-3.592239483,11.26315789,0.8
8.727000237,-3.537316588,11.26315789,0.8
8.736000061,-3.482286142,11.26315789,0.8
8.744999886,-3.427679596,11.26315789,0.8
8.75399971,-3.374015461,11.26315789,0.8
8.762999535,-3.321784554,11.26315789,0.8
8.772000313,-3.271444916,11.26315789,0.8
8.781000137,-3.223407582,11.26315789,0.8
8.789999962,-3.178036653,11.26315789,0.8
8.798999786,-3.135639427,11.26315789,0.8
8.807999611,-3.09645859,11.26315789,0.8
8.817000389,-3.060678823,11.26315789,0.8
8.826000214,-3.028417692,11.26315789,0.8
8.835000038,-2.999728839,11.26315789,0.8
8.843999863,-2.974608561,11.26315789,0.8
8.852999687,-2.952982601,11.26315789,0.8
8.862000465,-2.934731563,11.26315789,0.8
8.87100029,-2.919673224,11.26315789,0.8
8.880000114,-2.907584045,11.26315789,0.8
8.888999939,-2.898193671,11.26315789,0.8
8.897999763,-2.891196021,11.26315789,0.8
8.906999588,-2.886250558,11.26315789,0.8
8.916000366,-2.882995494,11.26315789,0.8
8.925000191,-2.881047152,11.26315789,0.8
8.934000015,-2.880017602,11.26315789,0.8
8.94299984,-2.879509284,11.26315789,0.8
8.951999664,-2.879130698,11.26315789,0.8
8.961000443,-2.878505971,11.26315789,0.8
8.970000267,-2.877268475,11.26315789,0.8
8.979000092,-2.875089862,11.26315789,0.8
8.987999916,-2.871669409,11.26315789,0.8
8.996999741,-2.866746465,11.26315789,0.8
9.005999565,-2.86010553,11.26315789,0.8
9.015000343,-2.851581096,11.26315789,0.8
9.024000168,-2.841063089,11.26315789,0.8
9.032999992,-2.828494153,11.26315789,0.8
9.041999817,-2.813872696,11.26315789,0.8
9.050999641,-2.797253077,11.26315789,0.8
9.06000042,-2.778742059,11.26315789,0.8
9.069000244,-2.758498823,11.26315789,0.8
9.078000069,-2.736720929,11.26315789,0.8
9.086999893,-2.713647336,11.26315789,0.8
9.095999718,-2.689549412,11.26315789,0.8
9.104999542,-2.664723026,11.26315789,0.8
9.11400032,-2.639478227,11.26315789,0.8
9.123000145,-2.614133171,11.26315789,0.8
9.131999969,-2.589012077,11.26315789,0.8
9.140999794,-2.564424755,11.26315789,0.8
9.149999619,-2.540674359,11.26315789,0.8
9.159000397,-2.518041957,11.26315789,0.8
9.168000221,-2.49678667,11.26315789,0.8
9.177000046,-2.477137221,11.26315789,0.8
9.18599987,-2.459289334,11.26315789,0.8
9.194999695,-2.443407102,11.26315789,0.8
9.204000473,-2.429616726,11.26315789,0.8
9.213000298,-2.418009412,11.26315789,0.8
9.222000122,-2.408635704,11.26315789,0.8
9.230999947,-2.401513054,11.26315789,0.8
9.239999771,-2.396618645,11.26315789,0.8
9.248999596,-2.393902697,11.26315789,0.8
9.258000374,-2.39327829,11.26315789,0.8
9.267000198,-2.394629542,11.26315789,0.8
9.276000023,-2.397816508,11.26315789,0.8
9.284999847,-2.402674945,11.26315789,0.8
9.293999672,-2.409018522,11.26315789,0.8
9.30300045,-2.416649122,11.26315789,0.8
9.312000275,-2.425353139,11.26315789,0.8
9.321000099,-2.434911211,11.26315789,0.8
9.329999924,-2.445098719,11.26315789,0.8
9.338999748,-2.455694919,11.26315789,0.8
9.347999573,-2.466482563,11.26315789,0.8
9.357000351,-2.477254636,11.26315789,0.8
9.366000175,-2.487821039,11.26315789,0.8
9.375,-2.498006547,11.26315789,0.8
9.383999825,-2.507662793,11.26315789,0.8
9.392999649,-2.516664381,11.26315789,0.8
9.402000427,-2.524919543,11.26315789,0.8
9.411000252,-2.532361662,11.26315789,0.8
9.420000076,-2.538963677,11.26315789,0.8
9.428999901,-2.544730878,11.26315789,0.8
9.437999725,-2.549701263,11.26315789,0.8
9.44699955,-2.55394744,11.26315789,0.8
9.456000328,-2.557574529,11.26315789,0.8
9.465000153,-2.560717622,11.26315789,0.8
9.473999977,-2.563538075,11.26315789,0.8
9.482999802,-2.566223177,11.26315789,0.8
9.491999626,-2.56897691,11.26315789,0.8
9.501000404,-2.57202211,11.26315789,0.8
9.510000229,-2.575593163,11.26315789,0.8
9.519000053,-2.579933044,11.26315789,0.8
9.527999878,-2.585285975,11.26315789,0.8
9.536999702,-2.591900155,11.26315789,0.8
9.545999527,-2.60001999,11.26315789,0.8
9.555000305,-2.609885036,11.26315789,0.8
9.56400013,-2.62172029,11.26315789,0.8
9.572999954,-2.635751798,11.26315789,0.8
9.581999779,-2.652182536,11.26315789,0.8
9.590999603,-2.671211061,11.26315789,0.8
9.600000381,-2.693018674,11.26315789,0.8
9.609000206,-2.717774855,11.26315789,0.8
9.618000031,-2.745633146,11.26315789,0.8
9.626999855,-2.776739539,11.26315789,0.8
9.63599968,-2.811225537,11.26315789,0.8
9.645000458,-2.849213338,11.26315789,0.8
9.654000282,-2.890814404,11.26315789,0.8
9.663000107,-2.936136595,11.26315789,0.8
9.671999931,-2.985279526,11.26315789,0.8
9.680999756,-3.03834474,11.26315789,0.8
9.68999958,-3.095428588,11.26315789,0.8
9.699000359,-3.156632859,11.26315789,0.8
9.708000183,-3.22206426,11.26315789,0.8
9.717000008,-3.291836629,11.26315789,0.8
9.725999832,-3.366076777,11.26315789,0.8
9.734999657,-3.4449239,11.26315789,0.8
9.744000435,-3.528536772,11.26315789,0.8
9.753000259,-3.617095217,11.26315789,0.8
9.762000084,-3.710804912,11.26315789,0.8
9.770999908,-3.80990167,11.26315789,0.8
9.779999733,-3.914654637,11.26315789,0.8
9.788999557,-4.025372075,11.26315789,0.8
9.798000336,-4.142404899,11.26315789,0.8
9.80700016,-4.266153944,11.26315789,0.8
9.815999985,-4.397074854,11.26315789,0.8
9.824999809,-4.535680573,11.26315789,0.8
9.833999634,-4.682553346,11.26315789,0.8
9.843000412,-4.838352496,11.26315789,0.8
9.852000237,-5.003813648,11.26315789,0.8
9.861000061,-5.17977159,11.26315789,0.8
9.869999886,-5.36715983,11.26315789,0.8
9.87899971,-5.567029903,11.26315789,0.8
9.887999535,-5.780564314,11.26315789,0.8
9.897000313,-6.009094358,11.26315789,0.8
9.906000137,-6.254119063,11.26315789,0.8
9.914999962,-6.517337837,11.26315789,0.8
9.923999786,-6.80067416,11.26315789,0.8
9.932999611,-7.106319004,11.26315789,0.8
9.942000389,-7.436778213,11.26315789,0.8
9.951000214,-7.794935827,11.26315789,0.8
9.960000038,-8.184129827,11.26315789,0.8
9.968999863,-8.608252832,11.26315789,0.8
9.977999687,-9.071887232,11.26315789,0.8
9.987000465,-9.580468601,11.26315789,0.8
9.99600029,-10.14052518,11.26315789,0.8
10.00500011,-10.75998179,11.26315789,0.8
10.01399994,-11.44858564,11.26315789,0.8
10.02299976,-12.2184759,11.26315789,0.8
10.03199959,-13.08498028,11.26315789,0.8
10.04100037,-14.06763859,11.26315789,0.8
10.05000019,-15.19142428,11.26315789,0.8
10.05900002,-16.48765527,11.26315789,0.8
10.06799984,-17.99223927,11.26315789,0.8
10.07699966,-19.73217857,11.26315789,0.8
10.08600044,-21.66621152,11.26315789,0.8
10.09500027,-23.48574232,11.26315789,0.8
10.10400009,-24.32497422,11.26315789,0.8
10.11299992,-23.48161508,11.26315789,0.8
10.12199974,-21.63061065,11.26315789,0.8
10.13099957,-19.65131224,11.26315789,0.8
10.14000034,-17.8644535,11.26315789,0.8
10.14900017,-16.31535766,11.26315789,0.8
10.15799999,-14.97818167,11.26315789,0.8
10.16699982,-13.81739842,11.26315789,0.8
10.17599964,-12.80189752,11.26315789,0.8
10.18500042,-11.90684819,11.26315789,0.8
10.19400024,-11.11282675,11.26315789,0.8
10.20300007,-10.40459673,11.26315789,0.8
10.21199989,-9.770063003,11.26315789,0.8
10.22099972,-9.199481517,11.26315789,0.8
10.22999954,-8.684886092,11.26315789,0.8
10.23900032,-8.219659094,11.26315789,0.8
10.24800014,-7.798227505,11.26315789,0.8
10.25699997,-7.415831171,11.26315789,0.8
10.26599979,-7.068355325,11.26315789,0.8
10.27499962,-6.752201082,11.26315789,0.8
10.2840004,-6.464189264,11.26315789,0.8
10.29300022,-6.201483255,11.26315789,0.8
10.30200005,-5.961534615,11.26315789,0.8
10.31099987,-5.742030228,11.26315789,0.8
10.31999969,-5.540867588,11.26315789,0.8
10.32900047,-5.356114514,11.26315789,0.8
10.3380003,-5.185996507,11.26315789,0.8
10.34700012,-5.028873365,11.26315789,0.8
10.35599995,-4.883235445,11.26315789,0.8
10.36499977,-4.747678875,11.26315789,0.8
10.3739996,-4.620917142,11.26315789,0.8
10.38300037,-4.5017623,11.26315789,0.8
10.3920002,-4.389130048,11.26315789,0.8
10.40100002,-4.282041148,11.26315789,0.8
10.40999985,-4.179609322,11.26315789,0.8
10.41899967,-4.081056058,11.26315789,0.8
10.42800045,-3.985706037,11.26315789,0.8
10.43700027,-3.892984534,11.26315789,0.8
10.4460001,-3.802423156,11.26315789,0.8
10.45499992,-3.713649836,11.26315789,0.8
10.46399975,-3.626399088,11.26315789,0.8
10.47299957,-3.540492015,11.26315789,0.8
10.48200035,-3.455844788,11.26315789,0.8
10.49100018,-3.372453259,11.26315789,0.8
10.5,-3.290381252,11.26315789,0.8
1.5,-0.006694757,11.26315789,2
1.508999944,-0.001845152,11.26315789,2
1.518000007,-4.01E-07,11.26315789,2
1.52699995,-0.00115473,11.26315789,2
1.536000013,-0.005249358,11.26315789,2
1.544999957,-0.012164526,11.26315789,2
1.55400002,-0.021732534,11.26315789,2
1.562999964,-0.03372994,11.26315789,2
1.572000027,-0.047896091,11.26315789,2
1.58099997,-0.063926243,11.26315789,2
1.590000033,-0.081481154,11.26315789,2
1.598999977,-0.100193361,11.26315789,2
1.60800004,-0.119679644,11.26315789,2
1.616999984,-0.139536972,11.26315789,2
1.626000047,-0.15936208,11.26315789,2
1.63499999,-0.178750017,11.26315789,2
1.644000053,-0.197311573,11.26315789,2
1.652999997,-0.21467701,11.26315789,2
1.661999941,-0.230501985,11.26315789,2
1.671000004,-0.24448435,11.26315789,2
1.679999948,-0.256362909,11.26315789,2
1.68900001,-0.26592644,11.26315789,2
1.697999954,-0.27302111,11.26315789,2
1.707000017,-0.277552983,11.26315789,2
1.715999961,-0.279488365,11.26315789,2
1.725000024,-0.278853452,11.26315789,2
1.733999968,-0.275737513,11.26315789,2
1.743000031,-0.270284292,11.26315789,2
1.751999974,-0.26269147,11.26315789,2
1.761000037,-0.253202647,11.26315789,2
1.769999981,-0.242097639,11.26315789,2
1.779000044,-0.229689372,11.26315789,2
1.787999988,-0.216314552,11.26315789,2
1.797000051,-0.202319502,11.26315789,2
1.805999994,-0.18805779,11.26315789,2
1.815000057,-0.173880117,11.26315789,2
1.824000001,-0.160124843,11.26315789,2
1.832999945,-0.147113302,11.26315789,2
1.842000008,-0.135142376,11.26315789,2
1.850999951,-0.124478497,11.26315789,2
1.860000014,-0.115356206,11.26315789,2
1.868999958,-0.107968215,11.26315789,2
1.878000021,-0.1024718,11.26315789,2
1.886999965,-0.098978794,11.26315789,2
1.896000028,-0.097561363,11.26315789,2
1.904999971,-0.098246713,11.26315789,2
1.914000034,-0.101017961,11.26315789,2
1.922999978,-0.105818696,11.26315789,2
1.932000041,-0.112552364,11.26315789,2
1.940999985,-0.1210843,11.26315789,2
1.950000048,-0.13124646,11.26315789,2
1.958999991,-0.1428392,11.26315789,2
1.968000054,-0.155634102,11.26315789,2
1.976999998,-0.169381403,11.26315789,2
1.985999942,-0.18381578,11.26315789,2
1.995000005,-0.19865682,11.26315789,2
2.003999949,-0.213617587,11.26315789,2
2.013000011,-0.2284106,11.26315789,2
2.022000074,-0.242755812,11.26315789,2
2.030999899,-0.256380596,11.26315789,2
2.039999962,-0.269034844,11.26315789,2
2.049000025,-0.280490128,11.26315789,2
2.058000088,-0.290544217,11.26315789,2
2.066999912,-0.299030321,11.26315789,2
2.075999975,-0.305822861,11.26315789,2
2.085000038,-0.310830038,11.26315789,2
2.094000101,-0.314004363,11.26315789,2
2.102999926,-0.315345505,11.26315789,2
2.111999989,-0.314890994,11.26315789,2
2.121000051,-0.312722374,11.26315789,2
2.130000114,-0.308958869,11.26315789,2
2.138999939,-0.303753542,11.26315789,2
2.148000002,-0.29729205,11.26315789,2
2.157000065,-0.289784846,11.26315789,2
2.165999889,-0.281463845,11.26315789,2
2.174999952,-0.272571171,11.26315789,2
2.184000015,-0.263360365,11.26315789,2
2.193000078,-0.254085441,11.26315789,2
2.201999903,-0.244997835,11.26315789,2
2.210999966,-0.236338775,11.26315789,2
2.220000029,-0.228335407,11.26315789,2
2.229000092,-0.22119889,11.26315789,2
2.237999916,-0.215114707,11.26315789,2
2.246999979,-0.210246054,11.26315789,2
2.256000042,-0.206726098,11.26315789,2
2.265000105,-0.204657151,11.26315789,2
2.273999929,-0.204112754,11.26315789,2
2.282999992,-0.205133711,11.26315789,2
2.292000055,-0.207726834,11.26315789,2
2.301000118,-0.211867995,11.26315789,2
2.309999943,-0.217504904,11.26315789,2
2.319000006,-0.224548526,11.26315789,2
2.328000069,-0.232890615,11.26315789,2
2.336999893,-0.242389653,11.26315789,2
2.345999956,-0.252886726,11.26315789,2
2.355000019,-0.264202658,11.26315789,2
2.364000082,-0.276139315,11.26315789,2
2.372999907,-0.288490206,11.26315789,2
2.381999969,-0.301040621,11.26315789,2
2.391000032,-0.313571516,11.26315789,2
2.400000095,-0.325866331,11.26315789,2
2.40899992,-0.337714231,11.26315789,2
2.417999983,-0.348916343,11.26315789,2
2.427000046,-0.359289714,11.26315789,2
2.436000109,-0.368667061,11.26315789,2
2.444999933,-0.37691057,11.26315789,2
2.453999996,-0.383904181,11.26315789,2
2.463000059,-0.389565604,11.26315789,2
2.471999884,-0.393840478,11.26315789,2
2.480999947,-0.396708634,11.26315789,2
2.49000001,-0.398182078,11.26315789,2
2.499000072,-0.398305806,11.26315789,2
2.507999897,-0.397153537,11.26315789,2
2.51699996,-0.394830699,11.26315789,2
2.526000023,-0.391465524,11.26315789,2
2.535000086,-0.387210686,11.26315789,2
2.54399991,-0.382235751,11.26315789,2
2.552999973,-0.376724436,11.26315789,2
2.562000036,-0.370871533,11.26315789,2
2.571000099,-0.364875336,11.26315789,2
2.579999924,-0.358934055,11.26315789,2
2.588999987,-0.353245407,11.26315789,2
2.59800005,-0.347996443,11.26315789,2
2.607000113,-0.343364315,11.26315789,2
2.615999937,-0.339509669,11.26315789,2
2.625,-0.336576032,11.26315789,2
2.634000063,-0.334686257,11.26315789,2
2.642999887,-0.333940605,11.26315789,2
2.65199995,-0.334415675,11.26315789,2
2.661000013,-0.336161725,11.26315789,2
2.670000076,-0.339203717,11.26315789,2
2.678999901,-0.343540322,11.26315789,2
2.687999964,-0.349146378,11.26315789,2
2.697000027,-0.355967419,11.26315789,2
2.70600009,-0.363929336,11.26315789,2
2.714999914,-0.372932371,11.26315789,2
2.723999977,-0.382857336,11.26315789,2
2.73300004,-0.39356911,11.26315789,2
2.742000103,-0.404913535,11.26315789,2
2.750999928,-0.416726451,11.26315789,2
2.75999999,-0.428835554,11.26315789,2
2.769000053,-0.441061709,11.26315789,2
2.778000116,-0.453225116,11.26315789,2
2.786999941,-0.46514832,11.26315789,2
2.796000004,-0.476661006,11.26315789,2
2.805000067,-0.487602251,11.26315789,2
2.813999891,-0.497826297,11.26315789,2
2.822999954,-0.507201458,11.26315789,2
2.832000017,-0.515623024,11.26315789,2
2.84100008,-0.523002837,11.26315789,2
2.849999905,-0.529282776,11.26315789,2
2.858999968,-0.534428176,11.26315789,2
2.868000031,-0.538433051,11.26315789,2
2.877000093,-0.541320041,11.26315789,2
2.885999918,-0.543136804,11.26315789,2
2.894999981,-0.543957495,11.26315789,2
2.904000044,-0.543881775,11.26315789,2
2.913000107,-0.54302729,11.26315789,2
2.921999931,-0.541532927,11.26315789,2
2.930999994,-0.539551611,11.26315789,2
2.940000057,-0.537249802,11.26315789,2
2.948999882,-0.53479854,11.26315789,2
2.957999945,-0.53237683,11.26315789,2
2.967000008,-0.53016135,11.26315789,2
2.976000071,-0.528326766,11.26315789,2
2.984999895,-0.527041337,11.26315789,2
2.993999958,-0.526463225,11.26315789,2
3.003000021,-0.526736445,11.26315789,2
3.012000084,-0.527991386,11.26315789,2
3.020999908,-0.530339352,11.26315789,2
3.029999971,-0.533872738,11.26315789,2
3.039000034,-0.538661706,11.26315789,2
3.048000097,-0.544754044,11.26315789,2
3.056999922,-0.552176361,11.26315789,2
3.065999985,-0.56092936,11.26315789,2
3.075000048,-0.57099284,11.26315789,2
3.084000111,-0.582319094,11.26315789,2
3.092999935,-0.594845174,11.26315789,2
3.101999998,-0.608483247,11.26315789,2
3.111000061,-0.623125192,11.26315789,2
3.119999886,-0.638649855,11.26315789,2
3.128999949,-0.654917233,11.26315789,2
3.138000011,-0.67178145,11.26315789,2
3.147000074,-0.689081237,11.26315789,2
3.155999899,-0.706655085,11.26315789,2
3.164999962,-0.724336087,11.26315789,2
3.174000025,-0.741962149,11.26315789,2
3.183000088,-0.759375896,11.26315789,2
3.191999912,-0.77642655,11.26315789,2
3.200999975,-0.792979858,11.26315789,2
3.210000038,-0.808916542,11.26315789,2
3.219000101,-0.824137197,11.26315789,2
3.227999926,-0.838563353,11.26315789,2
3.236999989,-0.852142768,11.26315789,2
3.246000051,-0.864845228,11.26315789,2
3.255000114,-0.87667112,11.26315789,2
3.263999939,-0.887647135,11.26315789,2
3.273000002,-0.897828055,11.26315789,2
3.282000065,-0.907290547,11.26315789,2
3.290999889,-0.916140881,11.26315789,2
3.299999952,-0.924506254,11.26315789,2
3.309000015,-0.932533188,11.26315789,2
3.318000078,-0.940387285,11.26315789,2
3.326999903,-0.948246997,11.26315789,2
3.335999966,-0.956301091,11.26315789,2
3.345000029,-0.964746577,11.26315789,2
3.354000092,-0.973785195,11.26315789,2
3.362999916,-0.983615315,11.26315789,2
3.371999979,-0.994434777,11.26315789,2
3.381000042,-1.006435006,11.26315789,2
3.390000105,-1.019794472,11.26315789,2
3.398999929,-1.034682421,11.26315789,2
3.407999992,-1.051251558,11.26315789,2
3.417000055,-1.069637574,11.26315789,2
3.426000118,-1.08995885,11.26315789,2
3.434999943,-1.112309025,11.26315789,2
3.444000006,-1.136763151,11.26315789,2
3.453000069,-1.163376662,11.26315789,2
3.461999893,-1.19217372,11.26315789,2
3.470999956,-1.22316631,11.26315789,2
3.480000019,-1.256334992,11.26315789,2
3.489000082,-1.291646404,11.26315789,2
3.497999907,-1.329043124,11.26315789,2
3.506999969,-1.368450214,11.26315789,2
3.516000032,-1.409775347,11.26315789,2
3.525000095,-1.452919636,11.26315789,2
3.53399992,-1.497767273,11.26315789,2
3.542999983,-1.544200525,11.26315789,2
3.552000046,-1.592097358,11.26315789,2
3.561000109,-1.641337042,11.26315789,2
3.569999933,-1.691804859,11.26315789,2
3.578999996,-1.743400936,11.26315789,2
3.588000059,-1.796035591,11.26315789,2
3.596999884,-1.849643487,11.26315789,2
3.605999947,-1.904182542,11.26315789,2
3.61500001,-1.959639422,11.26315789,2
3.624000072,-2.016033022,11.26315789,2
3.632999897,-2.073420526,11.26315789,2
3.64199996,-2.131895841,11.26315789,2
3.651000023,-2.191596938,11.26315789,2
3.660000086,-2.252701531,11.26315789,2
3.66899991,-2.315435772,11.26315789,2
3.677999973,-2.380065199,11.26315789,2
3.687000036,-2.446900782,11.26315789,2
3.696000099,-2.516295198,11.26315789,2
3.704999924,-2.588646334,11.26315789,2
3.713999987,-2.66438219,11.26315789,2
3.72300005,-2.743972828,11.26315789,2
3.732000113,-2.827917953,11.26315789,2
3.740999937,-2.916749945,11.26315789,2
3.75,-3.011021398,11.26315789,2
3.759000063,-3.111310737,11.26315789,2
3.767999887,-3.218210769,11.26315789,2
3.77699995,-3.332330184,11.26315789,2
3.786000013,-3.454288366,11.26315789,2
3.795000076,-3.584700345,11.26315789,2
3.803999901,-3.724190032,11.26315789,2
3.812999964,-3.873362342,11.26315789,2
3.822000027,-4.032816678,11.26315789,2
3.83100009,-4.203122756,11.26315789,2
3.839999914,-4.384824689,11.26315789,2
3.848999977,-4.578412003,11.26315789,2
3.85800004,-4.784327724,11.26315789,2
3.867000103,-5.002929039,11.26315789,2
3.875999928,-5.234481027,11.26315789,2
3.88499999,-5.479120241,11.26315789,2
3.894000053,-5.736820753,11.26315789,2
3.903000116,-6.007358001,11.26315789,2
3.911999941,-6.290250256,11.26315789,2
3.921000004,-6.584696778,11.26315789,2
3.930000067,-6.88950245,11.26315789,2
3.938999891,-7.202981851,11.26315789,2
3.947999954,-7.522864222,11.26315789,2
3.957000017,-7.846183657,11.26315789,2
3.96600008,-8.169172997,11.26315789,2
3.974999905,-8.487180582,11.26315789,2
3.983999968,-8.794627094,11.26315789,2
3.993000031,-9.085056151,11.26315789,2
4.001999855,-9.351293293,11.26315789,2
4.011000156,-9.585761791,11.26315789,2
4.019999981,-9.78098093,11.26315789,2
4.028999805,-9.930202509,11.26315789,2
4.038000107,-10.02809408,11.26315789,2
4.046999931,-10.07138058,11.26315789,2
4.056000233,-10.05925081,11.26315789,2
4.065000057,-9.993456369,11.26315789,2
4.073999882,-9.878050205,11.26315789,2
4.083000183,-9.71886458,11.26315789,2
4.092000008,-9.522827954,11.26315789,2
4.100999832,-9.297291194,11.26315789,2
4.110000134,-9.049460009,11.26315789,2
4.118999958,-8.785981587,11.26315789,2
4.127999783,-8.512714309,11.26315789,2
4.137000084,-8.234622809,11.26315789,2
4.145999908,-7.95578561,11.26315789,2
4.15500021,-7.679456285,11.26315789,2
4.164000034,-7.40816661,11.26315789,2
4.172999859,-7.143829158,11.26315789,2
4.18200016,-6.887851155,11.26315789,2
4.190999985,-6.64122272,11.26315789,2
4.199999809,-6.404607495,11.26315789,2
4.209000111,-6.178405388,11.26315789,2
4.217999935,-5.962814893,11.26315789,2
4.227000237,-5.757878302,11.26315789,2
4.236000061,-5.563516545,11.26315789,2
4.244999886,-5.379561673,11.26315789,2
4.254000187,-5.205775385,11.26315789,2
4.263000011,-5.04186964,11.26315789,2
4.271999836,-4.887521876,11.26315789,2
4.281000137,-4.742382281,11.26315789,2
4.289999962,-4.606082616,11.26315789,2
4.298999786,-4.47824243,11.26315789,2
4.308000088,-4.358478,11.26315789,2
4.316999912,-4.246399578,11.26315789,2
4.326000214,-4.141619272,11.26315789,2
4.335000038,-4.043752137,11.26315789,2
4.343999863,-3.952416523,11.26315789,2
4.353000164,-3.867239185,11.26315789,2
4.361999989,-3.787854009,11.26315789,2
4.370999813,-3.713905612,11.26315789,2
4.380000114,-3.645045714,11.26315789,2
4.388999939,-3.580942091,11.26315789,2
4.397999763,-3.521272299,11.26315789,2
4.407000065,-3.465731046,11.26315789,2
4.415999889,-3.414027707,11.26315789,2
4.425000191,-3.365885802,11.26315789,2
4.434000015,-3.321048418,11.26315789,2
4.44299984,-3.279275526,11.26315789,2
4.452000141,-3.240347142,11.26315789,2
4.460999966,-3.204060952,11.26315789,2
4.46999979,-3.17023515,11.26315789,2
4.479000092,-3.138706293,11.26315789,2
4.487999916,-3.109333695,11.26315789,2
4.497000217,-3.081992152,11.26315789,2
4.506000042,-3.056578127,11.26315789,2
4.514999866,-3.03300344,11.26315789,2
4.524000168,-3.011199358,11.26315789,2
4.532999992,-2.99111141,11.26315789,2
4.541999817,-2.972699878,11.26315789,2
4.551000118,-2.955940697,11.26315789,2
4.559999943,-2.940815894,11.26315789,2
4.568999767,-2.927324729,11.26315789,2
4.578000069,-2.915468224,11.26315789,2
4.586999893,-2.90526031,11.26315789,2
4.596000195,-2.896715327,11.26315789,2
4.605000019,-2.889853174,11.26315789,2
4.613999844,-2.884698532,11.26315789,2
4.623000145,-2.88127081,11.26315789,2
4.631999969,-2.879594512,11.26315789,2
4.640999794,-2.879689149,11.26315789,2
4.650000095,-2.881578761,11.26315789,2
4.65899992,-2.885276932,11.26315789,2
4.668000221,-2.890797032,11.26315789,2
4.677000046,-2.898150534,11.26315789,2
4.68599987,-2.907342314,11.26315789,2
4.695000172,-2.918377927,11.26315789,2
4.703999996,-2.931254705,11.26315789,2
4.712999821,-2.945974203,11.26315789,2
4.722000122,-2.96252917,11.26315789,2
4.730999947,-2.980914607,11.26315789,2
4.739999771,-3.001126179,11.26315789,2
4.749000072,-3.023159432,11.26315789,2
4.757999897,-3.04701346,11.26315789,2
4.767000198,-3.072687668,11.26315789,2
4.776000023,-3.100186196,11.26315789,2
4.784999847,-3.129522115,11.26315789,2
4.794000149,-3.16070984,11.26315789,2
4.802999973,-3.193776443,11.26315789,2
4.811999798,-3.228752109,11.26315789,2
4.821000099,-3.265680954,11.26315789,2
4.829999924,-3.304616434,11.26315789,2
4.839000225,-3.34561503,11.26315789,2
4.84800005,-3.3887522,11.26315789,2
4.856999874,-3.434108101,11.26315789,2
4.866000175,-3.481777403,11.26315789,2
4.875,-3.531857989,11.26315789,2
4.883999825,-3.584459866,11.26315789,2
4.893000126,-3.639702329,11.26315789,2
4.90199995,-3.697705049,11.26315789,2
4.910999775,-3.758598979,11.26315789,2
4.920000076,-3.82251408,11.26315789,2
4.928999901,-3.889578846,11.26315789,2
4.938000202,-3.959928394,11.26315789,2
4.947000027,-4.033686863,11.26315789,2
4.955999851,-4.11097266,11.26315789,2
4.965000153,-4.19189741,11.26315789,2
4.973999977,-4.276565339,11.26315789,2
4.982999802,-4.365051682,11.26315789,2
4.992000103,-4.457428656,11.26315789,2
5.000999928,-4.553736692,11.26315789,2
5.010000229,-4.653990974,11.26315789,2
5.019000053,-4.75818066,11.26315789,2
5.027999878,-4.866257404,11.26315789,2
5.037000179,-4.978135309,11.26315789,2
5.046000004,-5.09368509,11.26315789,2
5.054999828,-5.212737179,11.26315789,2
5.06400013,-5.335054204,11.26315789,2
5.072999954,-5.460358821,11.26315789,2
5.081999779,-5.588300645,11.26315789,2
5.09100008,-5.71846727,11.26315789,2
5.099999905,-5.850382071,11.26315789,2
5.109000206,-5.983484953,11.26315789,2
5.118000031,-6.117146758,11.26315789,2
5.126999855,-6.250662822,11.26315789,2
5.136000156,-6.383245795,11.26315789,2
5.144999981,-6.514040593,11.26315789,2
5.153999805,-6.642122662,11.26315789,2
5.163000107,-6.766503779,11.26315789,2
5.171999931,-6.886147527,11.26315789,2
5.181000233,-6.999984441,11.26315789,2
5.190000057,-7.106923141,11.26315789,2
5.198999882,-7.205886125,11.26315789,2
5.208000183,-7.295815786,11.26315789,2
5.217000008,-7.375722883,11.26315789,2
5.225999832,-7.444697648,11.26315789,2
5.235000134,-7.501941106,11.26315789,2
5.243999958,-7.546800567,11.26315789,2
5.252999783,-7.578776421,11.26315789,2
5.262000084,-7.597556755,11.26315789,2
5.270999908,-7.603009963,11.26315789,2
5.28000021,-7.595201581,11.26315789,2
5.289000034,-7.574380946,11.26315789,2
5.297999859,-7.540980608,11.26315789,2
5.30700016,-7.495586379,11.26315789,2
5.315999985,-7.438918337,11.26315789,2
5.324999809,-7.371813104,11.26315789,2
5.334000111,-7.295186594,11.26315789,2
5.342999935,-7.210009904,11.26315789,2
5.352000237,-7.11728572,11.26315789,2
5.361000061,-7.018017496,11.26315789,2
5.369999886,-6.913197721,11.26315789,2
5.379000187,-6.803784836,11.26315789,2
5.388000011,-6.69069056,11.26315789,2
5.396999836,-6.57476855,11.26315789,2
5.406000137,-6.456814859,11.26315789,2
5.414999962,-6.337553381,11.26315789,2
5.423999786,-6.217640725,11.26315789,2
5.433000088,-6.097664948,11.26315789,2
5.441999912,-5.978150108,11.26315789,2
5.451000214,-5.859551028,11.26315789,2
5.460000038,-5.742266816,11.26315789,2
5.468999863,-5.626638103,11.26315789,2
5.478000164,-5.512958007,11.26315789,2
5.486999989,-5.401466243,11.26315789,2
5.495999813,-5.292364641,11.26315789,2
5.505000114,-5.185817665,11.26315789,2
5.513999939,-5.081951174,11.26315789,2
5.522999763,-4.980869526,11.26315789,2
5.532000065,-4.882639039,11.26315789,2
5.540999889,-4.78731471,11.26315789,2
5.550000191,-4.694923785,11.26315789,2
5.559000015,-4.60548064,11.26315789,2
5.56799984,-4.51898472,11.26315789,2
5.577000141,-4.435420445,11.26315789,2
5.585999966,-4.354765257,11.26315789,2
5.59499979,-4.276986064,11.26315789,2
5.604000092,-4.2020416,11.26315789,2
5.612999916,-4.129886195,11.26315789,2
5.622000217,-4.06046986,11.26315789,2
5.631000042,-3.993734034,11.26315789,2
5.639999866,-3.929623287,11.26315789,2
5.649000168,-3.868073506,11.26315789,2
5.657999992,-3.809019828,11.26315789,2
5.666999817,-3.752395786,11.26315789,2
5.676000118,-3.698134744,11.26315789,2
5.684999943,-3.64616467,11.26315789,2
5.693999767,-3.596413495,11.26315789,2
5.703000069,-3.548807032,11.26315789,2
5.711999893,-3.503274274,11.26315789,2
5.721000195,-3.459736048,11.26315789,2
5.730000019,-3.418116029,11.26315789,2
5.738999844,-3.378335926,11.26315789,2
5.748000145,-3.340316934,11.26315789,2
5.756999969,-3.303981166,11.26315789,2
5.765999794,-3.269244756,11.26315789,2
5.775000095,-3.236029123,11.26315789,2
5.78399992,-3.204255337,11.26315789,2
5.793000221,-3.173843009,11.26315789,2
5.802000046,-3.144716033,11.26315789,2
5.81099987,-3.116796791,11.26315789,2
5.820000172,-3.090012959,11.26315789,2
5.828999996,-3.06429174,11.26315789,2
5.837999821,-3.039567331,11.26315789,2
5.847000122,-3.015777615,11.26315789,2
5.855999947,-2.992861637,11.26315789,2
5.864999771,-2.97077173,11.26315789,2
5.874000072,-2.949461468,11.26315789,2
5.882999897,-2.928888065,11.26315789,2
5.892000198,-2.909021347,11.26315789,2
5.901000023,-2.889834791,11.26315789,2
5.909999847,-2.871314164,11.26315789,2
5.919000149,-2.853450975,11.26315789,2
5.927999973,-2.836240367,11.26315789,2
5.936999798,-2.819691999,11.26315789,2
5.946000099,-2.80382148,11.26315789,2
5.954999924,-2.788650615,11.26315789,2
5.964000225,-2.774208429,11.26315789,2
5.97300005,-2.760530006,11.26315789,2
5.981999874,-2.747657461,11.26315789,2
5.991000175,-2.735634932,11.26315789,2
6,-2.724516415,11.26315789,2
6.008999825,-2.714353239,11.26315789,2
6.018000126,-2.70520045,11.26315789,2
6.02699995,-2.697113209,11.26315789,2
6.035999775,-2.690150517,11.26315789,2
6.045000076,-2.684365226,11.26315789,2
6.053999901,-2.67981038,11.26315789,2
6.063000202,-2.676536535,11.26315789,2
6.072000027,-2.674589911,11.26315789,2
6.080999851,-2.674008397,11.26315789,2
6.090000153,-2.6748306,11.26315789,2
6.098999977,-2.677085345,11.26315789,2
6.107999802,-2.680794113,11.26315789,2
6.117000103,-2.685972471,11.26315789,2
6.125999928,-2.692630509,11.26315789,2
6.135000229,-2.700769047,11.26315789,2
6.144000053,-2.71038359,11.26315789,2
6.152999878,-2.721465805,11.26315789,2
6.162000179,-2.733993334,11.26315789,2
6.171000004,-2.747948981,11.26315789,2
6.179999828,-2.763303461,11.26315789,2
6.18900013,-2.780029927,11.26315789,2
6.197999954,-2.798099808,11.26315789,2
6.206999779,-2.817477847,11.26315789,2
6.21600008,-2.838135947,11.26315789,2
6.224999905,-2.860047853,11.26315789,2
6.234000206,-2.883192274,11.26315789,2
6.243000031,-2.907552475,11.26315789,2
6.251999855,-2.933121324,11.26315789,2
6.261000156,-2.95990101,11.26315789,2
6.269999981,-2.987903629,11.26315789,2
6.278999805,-3.017160273,11.26315789,2
6.288000107,-3.047709418,11.26315789,2
6.296999931,-3.079610773,11.26315789,2
6.306000233,-3.112942346,11.26315789,2
6.315000057,-3.147796187,11.26315789,2
6.323999882,-3.184288213,11.26315789,2
6.333000183,-3.222552658,11.26315789,2
6.342000008,-3.262746416,11.26315789,2
6.350999832,-3.305042316,11.26315789,2
6.360000134,-3.349641468,11.26315789,2
6.368999958,-3.396760537,11.26315789,2
6.377999783,-3.446638249,11.26315789,2
6.387000084,-3.499534445,11.26315789,2
6.395999908,-3.55572682,11.26315789,2
6.40500021,-3.615512144,11.26315789,2
6.414000034,-3.679208131,11.26315789,2
6.422999859,-3.747145317,11.26315789,2
6.43200016,-3.819675668,11.26315789,2
6.440999985,-3.897165931,11.26315789,2
6.449999809,-3.979998143,11.26315789,2
6.459000111,-4.068570402,11.26315789,2
6.467999935,-4.163300548,11.26315789,2
6.477000237,-4.26461749,11.26315789,2
6.486000061,-4.372972055,11.26315789,2
6.494999886,-4.488830085,11.26315789,2
6.504000187,-4.612676084,11.26315789,2
6.513000011,-4.745018222,11.26315789,2
6.521999836,-4.886387926,11.26315789,2
6.531000137,-5.037338155,11.26315789,2
6.539999962,-5.198456205,11.26315789,2
6.548999786,-5.370357013,11.26315789,2
6.558000088,-5.553693046,11.26315789,2
6.566999912,-5.749157223,11.26315789,2
6.576000214,-5.957489398,11.26315789,2
6.585000038,-6.179479304,11.26315789,2
6.593999863,-6.415974317,11.26315789,2
6.603000164,-6.667887127,11.26315789,2
6.611999989,-6.936202441,11.26315789,2
6.620999813,-7.221980223,11.26315789,2
6.630000114,-7.526370739,11.26315789,2
6.638999939,-7.850616403,11.26315789,2
6.647999763,-8.196053951,11.26315789,2
6.657000065,-8.564123601,11.26315789,2
6.665999889,-8.95635966,11.26315789,2
6.675000191,-9.374379009,11.26315789,2
6.684000015,-9.819850156,11.26315789,2
6.69299984,-10.29443585,11.26315789,2
6.702000141,-10.79969271,11.26315789,2
6.710999966,-11.33689757,11.26315789,2
6.71999979,-11.9067588,11.26315789,2
6.729000092,-12.5089514,11.26315789,2
6.737999916,-13.14136793,11.26315789,2
6.747000217,-13.7989623,11.26315789,2
6.756000042,-14.47202718,11.26315789,2
6.764999866,-15.14386012,11.26315789,2
6.774000168,-15.7880547,11.26315789,2
6.782999992,-16.36651077,11.26315789,2
6.791999817,-16.83052572,11.26315789,2
6.801000118,-17.12818904,11.26315789,2
6.809999943,-17.21889654,11.26315789,2
6.818999767,-17.08906838,11.26315789,2
6.828000069,-16.75825358,11.26315789,2
6.836999893,-16.27052449,11.26315789,2
6.846000195,-15.67820597,11.26315789,2
6.855000019,-15.02845905,11.26315789,2
6.863999844,-14.3572579,11.26315789,2
6.873000145,-13.68909198,11.26315789,2
6.881999969,-13.03923858,11.26315789,2
6.890999794,-12.41643148,11.26315789,2
6.900000095,-11.82510998,11.26315789,2
6.90899992,-11.26699848,11.26315789,2
6.918000221,-10.74220257,11.26315789,2
6.927000046,-10.24987451,11.26315789,2
6.93599987,-9.788651704,11.26315789,2
6.945000172,-9.356920766,11.26315789,2
6.953999996,-8.95296472,11.26315789,2
6.962999821,-8.575064034,11.26315789,2
6.972000122,-8.221548411,11.26315789,2
6.980999947,-7.89081182,11.26315789,2
6.989999771,-7.581346307,11.26315789,2
6.999000072,-7.291726951,11.26315789,2
7.007999897,-7.020617956,11.26315789,2
7.017000198,-6.766773179,11.26315789,2
7.026000023,-6.529025798,11.26315789,2
7.034999847,-6.306277683,11.26315789,2
7.044000149,-6.097505902,11.26315789,2
7.052999973,-5.901750162,11.26315789,2
7.061999798,-5.71810985,11.26315789,2
7.071000099,-5.545739671,11.26315789,2
7.079999924,-5.383846218,11.26315789,2
7.089000225,-5.231679248,11.26315789,2
7.09800005,-5.088543099,11.26315789,2
7.106999874,-4.953779212,11.26315789,2
7.116000175,-4.826773707,11.26315789,2
7.125,-4.706950141,11.26315789,2
7.133999825,-4.593771423,11.26315789,2
7.143000126,-4.486734059,11.26315789,2
7.15199995,-4.385375866,11.26315789,2
7.160999775,-4.289263331,11.26315789,2
7.170000076,-4.198001236,11.26315789,2
7.178999901,-4.111222059,11.26315789,2
7.188000202,-4.028591788,11.26315789,2
7.197000027,-3.949803884,11.26315789,2
7.205999851,-3.874582697,11.26315789,2
7.215000153,-3.802677537,11.26315789,2
7.223999977,-3.733864785,11.26315789,2
7.232999802,-3.667943425,11.26315789,2
7.242000103,-3.604735859,11.26315789,2
7.250999928,-3.544084126,11.26315789,2
7.260000229,-3.485851236,11.26315789,2
7.269000053,-3.429917913,11.26315789,2
7.277999878,-3.376177862,11.26315789,2
7.287000179,-3.324542893,11.26315789,2
7.296000004,-3.274934839,11.26315789,2
7.304999828,-3.227289648,11.26315789,2
7.31400013,-3.181549771,11.26315789,2
7.322999954,-3.137669604,11.26315789,2
7.331999779,-3.095608409,11.26315789,2
7.34100008,-3.05533592,11.26315789,2
7.349999905,-3.016820823,11.26315789,2
7.359000206,-2.980044001,11.26315789,2
7.368000031,-2.944984258,11.26315789,2
7.376999855,-2.911632926,11.26315789,2
7.386000156,-2.879974936,11.26315789,2
7.394999981,-2.850004517,11.26315789,2
7.403999805,-2.821718085,11.26315789,2
7.413000107,-2.795114956,11.26315789,2
7.421999931,-2.770197613,11.26315789,2
7.431000233,-2.746972961,11.26315789,2
7.440000057,-2.725448956,11.26315789,2
7.448999882,-2.70564075,11.26315789,2
7.458000183,-2.687564044,11.26315789,2
7.467000008,-2.671239315,11.26315789,2
7.475999832,-2.656691324,11.26315789,2
7.485000134,-2.643948665,11.26315789,2
7.493999958,-2.633044078,11.26315789,2
7.502999783,-2.624011454,11.26315789,2
7.512000084,-2.616888472,11.26315789,2
7.520999908,-2.611717004,11.26315789,2
7.53000021,-2.608538942,11.26315789,2
7.539000034,-2.607397823,11.26315789,2
7.547999859,-2.608338779,11.26315789,2
7.55700016,-2.61140347,11.26315789,2
7.565999985,-2.616633862,11.26315789,2
7.574999809,-2.624065652,11.26315789,2
7.584000111,-2.633734014,11.26315789,2
7.592999935,-2.645663779,11.26315789,2
7.602000237,-2.659874806,11.26315789,2
7.611000061,-2.676376244,11.26315789,2
7.619999886,-2.69516332,11.26315789,2
7.629000187,-2.716222667,11.26315789,2
7.638000011,-2.739520011,11.26315789,2
7.646999836,-2.765009087,11.26315789,2
7.656000137,-2.792620023,11.26315789,2
7.664999962,-2.822262411,11.26315789,2
7.673999786,-2.853824401,11.26315789,2
7.683000088,-2.887167587,11.26315789,2
7.691999912,-2.922129374,11.26315789,2
7.701000214,-2.958514068,11.26315789,2
7.710000038,-2.996103619,11.26315789,2
7.718999863,-3.034642791,11.26315789,2
7.728000164,-3.073854384,11.26315789,2
7.736999989,-3.11342491,11.26315789,2
7.745999813,-3.153014693,11.26315789,2
7.755000114,-3.19225597,11.26315789,2
7.763999939,-3.230759338,11.26315789,2
7.772999763,-3.268113219,11.26315789,2
7.782000065,-3.303885564,11.26315789,2
7.790999889,-3.337637809,11.26315789,2
7.800000191,-3.36892532,11.26315789,2
7.809000015,-3.397305924,11.26315789,2
7.81799984,-3.422346827,11.26315789,2
7.827000141,-3.443636375,11.26315789,2
7.835999966,-3.460792813,11.26315789,2
7.84499979,-3.473469661,11.26315789,2
7.854000092,-3.481367166,11.26315789,2
7.862999916,-3.484243961,11.26315789,2
7.872000217,-3.481916719,11.26315789,2
7.881000042,-3.47427284,11.26315789,2
7.889999866,-3.461271034,11.26315789,2
7.899000168,-3.442945688,11.26315789,2
7.907999992,-3.41940334,11.26315789,2
7.916999817,-3.390827488,11.26315789,2
7.926000118,-3.357466337,11.26315789,2
7.934999943,-3.319634981,11.26315789,2
7.943999767,-3.27770311,11.26315789,2
7.953000069,-3.232087943,11.26315789,2
7.961999893,-3.183245858,11.26315789,2
7.971000195,-3.131663617,11.26315789,2
7.980000019,-3.077845313,11.26315789,2
7.988999844,-3.022307031,11.26315789,2
7.998000145,-2.965563799,11.26315789,2
8.006999969,-2.908123158,11.26315789,2
8.015999794,-2.850480023,11.26315789,2
8.024999619,-2.793106647,11.26315789,2
8.034000397,-2.736449038,11.26315789,2
8.043000221,-2.680923912,11.26315789,2
8.052000046,-2.626911038,11.26315789,2
8.06099987,-2.574758262,11.26315789,2
8.069999695,-2.524769086,11.26315789,2
8.079000473,-2.477213316,11.26315789,2
8.088000298,-2.432320164,11.26315789,2
8.097000122,-2.390275585,11.26315789,2
8.105999947,-2.351232028,11.26315789,2
8.114999771,-2.315299008,11.26315789,2
8.123999596,-2.282553146,11.26315789,2
8.133000374,-2.253031718,11.26315789,2
8.142000198,-2.226742035,11.26315789,2
8.151000023,-2.203655086,11.26315789,2
8.159999847,-2.183715121,11.26315789,2
8.168999672,-2.166833108,11.26315789,2
8.17800045,-2.152897952,11.26315789,2
8.187000275,-2.141771656,11.26315789,2
8.196000099,-2.133293125,11.26315789,2
8.204999924,-2.127281966,11.26315789,2
8.213999748,-2.123543591,11.26315789,2
8.222999573,-2.121864527,11.26315789,2
8.232000351,-2.122021147,11.26315789,2
8.241000175,-2.12378309,11.26315789,2
8.25,-2.126911828,11.26315789,2
8.258999825,-2.131168003,11.26315789,2
8.267999649,-2.136313636,11.26315789,2
8.277000427,-2.14211578,11.26315789,2
8.286000252,-2.148347681,11.26315789,2
8.295000076,-2.15479815,11.26315789,2
8.303999901,-2.161267898,11.26315789,2
8.312999725,-2.167573559,11.26315789,2
8.32199955,-2.173559267,11.26315789,2
8.331000328,-2.179086081,11.26315789,2
8.340000153,-2.184040276,11.26315789,2
8.348999977,-2.188338689,11.26315789,2
8.357999802,-2.19192106,11.26315789,2
8.366999626,-2.19475731,11.26315789,2
8.376000404,-2.196843792,11.26315789,2
8.385000229,-2.198202458,11.26315789,2
8.394000053,-2.198882241,11.26315789,2
8.402999878,-2.198952053,11.26315789,2
8.411999702,-2.198504573,11.26315789,2
8.420999527,-2.197648213,11.26315789,2
8.430000305,-2.196509342,11.26315789,2
8.43900013,-2.19522182,11.26315789,2
8.447999954,-2.193930612,11.26315789,2
8.456999779,-2.192785589,11.26315789,2
8.465999603,-2.191936628,11.26315789,2
8.475000381,-2.191534421,11.26315789,2
8.484000206,-2.191721635,11.26315789,2
8.493000031,-2.192634738,11.26315789,2
8.501999855,-2.194401437,11.26315789,2
8.51099968,-2.19713487,11.26315789,2
8.520000458,-2.200933924,11.26315789,2
8.529000282,-2.205881582,11.26315789,2
8.538000107,-2.212043127,11.26315789,2
8.546999931,-2.219463061,11.26315789,2
8.555999756,-2.228169534,11.26315789,2
8.56499958,-2.238170363,11.26315789,2
8.574000359,-2.249452252,11.26315789,2
8.583000183,-2.261983264,11.26315789,2
8.592000008,-2.275714475,11.26315789,2
8.600999832,-2.290575317,11.26315789,2
8.609999657,-2.30648309,11.26315789,2
8.619000435,-2.32333934,11.26315789,2
8.628000259,-2.341031993,11.26315789,2
8.637000084,-2.359439529,11.26315789,2
8.645999908,-2.378430205,11.26315789,2
8.654999733,-2.397869592,11.26315789,2
8.663999557,-2.417619122,11.26315789,2
8.673000336,-2.437538763,11.26315789,2
8.68200016,-2.457493997,11.26315789,2
8.690999985,-2.477356526,11.26315789,2
8.699999809,-2.497005274,11.26315789,2
8.708999634,-2.516326804,11.26315789,2
8.718000412,-2.5352293,11.26315789,2
8.727000237,-2.553631157,11.26315789,2
8.736000061,-2.571471726,11.26315789,2
8.744999886,-2.588706405,11.26315789,2
8.75399971,-2.605314948,11.26315789,2
8.762999535,-2.621294411,11.26315789,2
8.772000313,-2.636666592,11.26315789,2
8.781000137,-2.65146846,11.26315789,2
8.789999962,-2.665760853,11.26315789,2
8.798999786,-2.679624057,11.26315789,2
8.807999611,-2.693150581,11.26315789,2
8.817000389,-2.706453102,11.26315789,2
8.826000214,-2.719650538,11.26315789,2
8.835000038,-2.732878691,11.26315789,2
8.843999863,-2.746274592,11.26315789,2
8.852999687,-2.75998397,11.26315789,2
8.862000465,-2.774152849,11.26315789,2
8.87100029,-2.788924146,11.26315789,2
8.880000114,-2.804440873,11.26315789,2
8.888999939,-2.820839463,11.26315789,2
8.897999763,-2.83824596,11.26315789,2
8.906999588,-2.856773683,11.26315789,2
8.916000366,-2.876528546,11.26315789,2
8.925000191,-2.897601605,11.26315789,2
8.934000015,-2.920064753,11.26315789,2
8.94299984,-2.943975994,11.26315789,2
8.951999664,-2.969375287,11.26315789,2
8.961000443,-2.996285411,11.26315789,2
8.970000267,-3.024711692,11.26315789,2
8.979000092,-3.054639244,11.26315789,2
8.987999916,-3.086040234,11.26315789,2
8.996999741,-3.118865931,11.26315789,2
9.005999565,-3.153056631,11.26315789,2
9.015000343,-3.1885337,11.26315789,2
9.024000168,-3.225213319,11.26315789,2
9.032999992,-3.262994591,11.26315789,2
9.041999817,-3.301772391,11.26315789,2
9.050999641,-3.341439028,11.26315789,2
9.06000042,-3.381877469,11.26315789,2
9.069000244,-3.422974975,11.26315789,2
9.078000069,-3.464621752,11.26315789,2
9.086999893,-3.506710114,11.26315789,2
9.095999718,-3.549146571,11.26315789,2
9.104999542,-3.591843219,11.26315789,2
9.11400032,-3.634730931,11.26315789,2
9.123000145,-3.677751227,11.26315789,2
9.131999969,-3.720870009,11.26315789,2
9.140999794,-3.764068917,11.26315789,2
9.149999619,-3.807354407,11.26315789,2
9.159000397,-3.850750593,11.26315789,2
9.168000221,-3.894310297,11.26315789,2
9.177000046,-3.938105662,11.26315789,2
9.18599987,-3.982233792,11.26315789,2
9.194999695,-4.026812247,11.26315789,2
9.204000473,-4.071979135,11.26315789,2
9.213000298,-4.117898515,11.26315789,2
9.222000122,-4.16474365,11.26315789,2
9.230999947,-4.212710558,11.26315789,2
9.239999771,-4.262005459,11.26315789,2
9.248999596,-4.312852016,11.26315789,2
9.258000374,-4.365480389,11.26315789,2
9.267000198,-4.420127187,11.26315789,2
9.276000023,-4.477038782,11.26315789,2
9.284999847,-4.536465883,11.26315789,2
9.293999672,-4.598656998,11.26315789,2
9.30300045,-4.66386355,11.26315789,2
9.312000275,-4.732340324,11.26315789,2
9.321000099,-4.80433586,11.26315789,2
9.329999924,-4.88009772,11.26315789,2
9.338999748,-4.959871362,11.26315789,2
9.347999573,-5.043896162,11.26315789,2
9.357000351,-5.132413249,11.26315789,2
9.366000175,-5.225657385,11.26315789,2
9.375,-5.323860241,11.26315789,2
9.383999825,-5.427255766,11.26315789,2
9.392999649,-5.536075835,11.26315789,2
9.402000427,-5.650548811,11.26315789,2
9.411000252,-5.770913871,11.26315789,2
9.420000076,-5.897409987,11.26315789,2
9.428999901,-6.030281728,11.26315789,2
9.437999725,-6.169784227,11.26315789,2
9.44699955,-6.316183585,11.26315789,2
9.456000328,-6.469756462,11.26315789,2
9.465000153,-6.630801651,11.26315789,2
9.473999977,-6.799629068,11.26315789,2
9.482999802,-6.976578308,11.26315789,2
9.491999626,-7.162006834,11.26315789,2
9.501000404,-7.356303388,11.26315789,2
9.510000229,-7.55988701,11.26315789,2
9.519000053,-7.773206569,11.26315789,2
9.527999878,-7.996748893,11.26315789,2
9.536999702,-8.231036833,11.26315789,2
9.545999527,-8.476631267,11.26315789,2
9.555000305,-8.734133132,11.26315789,2
9.56400013,-9.00418302,11.26315789,2
9.572999954,-9.287457565,11.26315789,2
9.581999779,-9.584665504,11.26315789,2
9.590999603,-9.896542514,11.26315789,2
9.600000381,-10.22383861,11.26315789,2
9.609000206,-10.56729674,11.26315789,2
9.618000031,-10.92763232,11.26315789,2
9.626999855,-11.30548047,11.26315789,2
9.63599968,-11.70135531,11.26315789,2
9.645000458,-12.11555102,11.26315789,2
9.654000282,-12.54803129,11.26315789,2
9.663000107,-12.9982595,11.26315789,2
9.671999931,-13.46496538,11.26315789,2
9.680999756,-13.94581799,11.26315789,2
9.68999958,-14.43703126,11.26315789,2
9.699000359,-14.93280868,11.26315789,2
9.708000183,-15.42475319,11.26315789,2
9.717000008,-15.90125656,11.26315789,2
9.725999832,-16.34709804,11.26315789,2
9.734999657,-16.74359364,11.26315789,2
9.744000435,-17.06969853,11.26315789,2
9.753000259,-17.30444892,11.26315789,2
9.762000084,-17.4305619,11.26315789,2
9.770999908,-17.43823948,11.26315789,2
9.779999733,-17.32767855,11.26315789,2
9.788999557,-17.10905221,11.26315789,2
9.798000336,-16.79996801,11.26315789,2
9.80700016,-16.42163797,11.26315789,2
9.815999985,-15.99530862,11.26315789,2
9.824999809,-15.53983979,11.26315789,2
9.833999634,-15.07061497,11.26315789,2
9.843000412,-14.59941146,11.26315789,2
9.852000237,-14.13479553,11.26315789,2
9.861000061,-13.68273789,11.26315789,2
9.869999886,-13.24721711,11.26315789,2
9.87899971,-12.83074747,11.26315789,2
9.887999535,-12.43478386,11.26315789,2
9.897000313,-12.06004841,11.26315789,2
9.906000137,-11.7067528,11.26315789,2
9.914999962,-11.3747722,11.26315789,2
9.923999786,-11.06375313,11.26315789,2
9.932999611,-10.7731971,11.26315789,2
9.942000389,-10.50252339,11.26315789,2
9.951000214,-10.25109605,11.26315789,2
9.960000038,-10.01825691,11.26315789,2
9.968999863,-9.803333093,11.26315789,2
9.977999687,-9.605661639,11.26315789,2
9.987000465,-9.424575324,11.26315789,2
9.99600029,-9.259420513,11.26315789,2
10.00500011,-9.109545241,11.26315789,2
10.01399994,-8.974307374,11.26315789,2
10.02299976,-8.853061644,11.26315789,2
10.03199959,-8.745165088,11.26315789,2
10.04100037,-8.649966914,11.26315789,2
10.05000019,-8.566810783,11.26315789,2
10.05900002,-8.495023638,11.26315789,2
10.06799984,-8.433918079,11.26315789,2
10.07699966,-8.38278747,11.26315789,2
10.08600044,-8.340903325,11.26315789,2
10.09500027,-8.307513715,11.26315789,2
10.10400009,-8.281845709,11.26315789,2
10.11299992,-8.263101921,11.26315789,2
10.12199974,-8.250463935,11.26315789,2
10.13099957,-8.243097165,11.26315789,2
10.14000034,-8.240155341,11.26315789,2
10.14900017,-8.240791803,11.26315789,2
10.15799999,-8.244156736,11.26315789,2
10.16699982,-8.249417884,11.26315789,2
10.17599964,-8.25577316,11.26315789,2
10.18500042,-8.262450787,11.26315789,2
10.19400024,-8.268737704,11.26315789,2
10.20300007,-8.27397893,11.26315789,2
10.21199989,-8.277604146,11.26315789,2
10.22099972,-8.279127159,11.26315789,2
10.22999954,-8.278160968,11.26315789,2
10.23900032,-8.274427279,11.26315789,2
10.24800014,-8.267756243,11.26315789,2
10.25699997,-8.258092027,11.26315789,2
10.26599979,-8.245488248,11.26315789,2
10.27499962,-8.230108407,11.26315789,2
10.2840004,-8.212206428,11.26315789,2
10.29300022,-8.192134472,11.26315789,2
10.30200005,-8.170308311,11.26315789,2
10.31099987,-8.147215856,11.26315789,2
10.31999969,-8.123381117,11.26315789,2
10.32900047,-8.099368784,11.26315789,2
10.3380003,-8.075756761,11.26315789,2
10.34700012,-8.053118144,11.26315789,2
10.35599995,-8.032025975,11.26315789,2
10.36499977,-8.013021561,11.26315789,2
10.3739996,-7.996611792,11.26315789,2
10.38300037,-7.983264918,11.26315789,2
10.3920002,-7.973388912,11.26315789,2
10.40100002,-7.967335133,11.26315789,2
10.40999985,-7.965385432,11.26315789,2
10.41899967,-7.967751533,11.26315789,2
10.42800045,-7.974566531,11.26315789,2
10.43700027,-7.985885784,11.26315789,2
10.4460001,-8.001676606,11.26315789,2
10.45499992,-8.021823437,11.26315789,2
10.46399975,-8.046125599,11.26315789,2
10.47299957,-8.074291247,11.26315789,2
10.48200035,-8.105942755,11.26315789,2
10.49100018,-8.140617235,11.26315789,2
10.5,-8.177769119,11.26315789,2
1.5,-0.246579748,11.26315789,3.2
1.508999944,-0.24756288,11.26315789,3.2
1.518000007,-0.247693278,11.26315789,3.2
1.52699995,-0.246994261,11.26315789,3.2
1.536000013,-0.245499228,11.26315789,3.2
1.544999957,-0.243256142,11.26315789,3.2
1.55400002,-0.240320087,11.26315789,3.2
1.562999964,-0.236759528,11.26315789,3.2
1.572000027,-0.232649634,11.26315789,3.2
1.58099997,-0.228071334,11.26315789,3.2
1.590000033,-0.223115746,11.26315789,3.2
1.598999977,-0.217873669,11.26315789,3.2
1.60800004,-0.212442181,11.26315789,3.2
1.616999984,-0.206917011,11.26315789,3.2
1.626000047,-0.201397845,11.26315789,3.2
1.63499999,-0.195979222,11.26315789,3.2
1.644000053,-0.190752497,11.26315789,3.2
1.652999997,-0.185807389,11.26315789,3.2
1.661999941,-0.181228133,11.26315789,3.2
1.671000004,-0.177089944,11.26315789,3.2
1.679999948,-0.173462053,11.26315789,3.2
1.68900001,-0.170407752,11.26315789,3.2
1.697999954,-0.167976377,11.26315789,3.2
1.707000017,-0.166214209,11.26315789,3.2
1.715999961,-0.16515139,11.26315789,3.2
1.725000024,-0.164813048,11.26315789,3.2
1.733999968,-0.165211034,11.26315789,3.2
1.743000031,-0.166349274,11.26315789,3.2
1.751999974,-0.168220547,11.26315789,3.2
1.761000037,-0.170806781,11.26315789,3.2
1.769999981,-0.174082546,11.26315789,3.2
1.779000044,-0.178012894,11.26315789,3.2
1.787999988,-0.182552328,11.26315789,3.2
1.797000051,-0.187652323,11.26315789,3.2
1.805999994,-0.193252607,11.26315789,3.2
1.815000057,-0.199290015,11.26315789,3.2
1.824000001,-0.205693536,11.26315789,3.2
1.832999945,-0.212391041,11.26315789,3.2
1.842000008,-0.219304419,11.26315789,3.2
1.850999951,-0.226353598,11.26315789,3.2
1.860000014,-0.233459608,11.26315789,3.2
1.868999958,-0.240541114,11.26315789,3.2
1.878000021,-0.247518427,11.26315789,3.2
1.886999965,-0.25431424,11.26315789,3.2
1.896000028,-0.260854848,11.26315789,3.2
1.904999971,-0.267069507,11.26315789,3.2
1.914000034,-0.272894649,11.26315789,3.2
1.922999978,-0.278272223,11.26315789,3.2
1.932000041,-0.283149161,11.26315789,3.2
1.940999985,-0.287482174,11.26315789,3.2
1.950000048,-0.291236787,11.26315789,3.2
1.958999991,-0.294385746,11.26315789,3.2
1.968000054,-0.296911827,11.26315789,3.2
1.976999998,-0.298807621,11.26315789,3.2
1.985999942,-0.300074029,11.26315789,3.2
1.995000005,-0.300721772,11.26315789,3.2
2.003999949,-0.300770939,11.26315789,3.2
2.013000011,-0.300249279,11.26315789,3.2
2.022000074,-0.299197576,11.26315789,3.2
2.030999899,-0.297655595,11.26315789,3.2
2.039999962,-0.295677914,11.26315789,3.2
2.049000025,-0.293319276,11.26315789,3.2
2.058000088,-0.290643582,11.26315789,3.2
2.066999912,-0.287716571,11.26315789,3.2
2.075999975,-0.284606792,11.26315789,3.2
2.085000038,-0.281386039,11.26315789,3.2
2.094000101,-0.27812545,11.26315789,3.2
2.102999926,-0.274896284,11.26315789,3.2
2.111999989,-0.271768934,11.26315789,3.2
2.121000051,-0.268812016,11.26315789,3.2
2.130000114,-0.266088615,11.26315789,3.2
2.138999939,-0.263660217,11.26315789,3.2
2.148000002,-0.261581336,11.26315789,3.2
2.157000065,-0.259904001,11.26315789,3.2
2.165999889,-0.258669261,11.26315789,3.2
2.174999952,-0.257915891,11.26315789,3.2
2.184000015,-0.257675206,11.26315789,3.2
2.193000078,-0.257966975,11.26315789,3.2
2.201999903,-0.258811119,11.26315789,3.2
2.210999966,-0.260209432,11.26315789,3.2
2.220000029,-0.262166243,11.26315789,3.2
2.229000092,-0.26467297,11.26315789,3.2
2.237999916,-0.267713068,11.26315789,3.2
2.246999979,-0.271265141,11.26315789,3.2
2.256000042,-0.275299797,11.26315789,3.2
2.265000105,-0.279782247,11.26315789,3.2
2.273999929,-0.284669382,11.26315789,3.2
2.282999992,-0.289917345,11.26315789,3.2
2.292000055,-0.295471772,11.26315789,3.2
2.301000118,-0.301279307,11.26315789,3.2
2.309999943,-0.307280883,11.26315789,3.2
2.319000006,-0.313414556,11.26315789,3.2
2.328000069,-0.319619966,11.26315789,3.2
2.336999893,-0.325832709,11.26315789,3.2
2.345999956,-0.331989572,11.26315789,3.2
2.355000019,-0.338028879,11.26315789,3.2
2.364000082,-0.343891704,11.26315789,3.2
2.372999907,-0.349520542,11.26315789,3.2
2.381999969,-0.354861199,11.26315789,3.2
2.391000032,-0.359865383,11.26315789,3.2
2.400000095,-0.364489532,11.26315789,3.2
2.40899992,-0.368696763,11.26315789,3.2
2.417999983,-0.372455305,11.26315789,3.2
2.427000046,-0.375741094,11.26315789,3.2
2.436000109,-0.378536931,11.26315789,3.2
2.444999933,-0.380834419,11.26315789,3.2
2.453999996,-0.382631694,11.26315789,3.2
2.463000059,-0.383936771,11.26315789,3.2
2.471999884,-0.384762641,11.26315789,3.2
2.480999947,-0.385130808,11.26315789,3.2
2.49000001,-0.385070195,11.26315789,3.2
2.499000072,-0.38461709,11.26315789,3.2
2.507999897,-0.383813,11.26315789,3.2
2.51699996,-0.382706367,11.26315789,3.2
2.526000023,-0.381348582,11.26315789,3.2
2.535000086,-0.379794461,11.26315789,3.2
2.54399991,-0.378105399,11.26315789,3.2
2.552999973,-0.37634285,11.26315789,3.2
2.562000036,-0.37457048,11.26315789,3.2
2.571000099,-0.372851241,11.26315789,3.2
2.579999924,-0.371248711,11.26315789,3.2
2.588999987,-0.369826312,11.26315789,3.2
2.59800005,-0.368643554,11.26315789,3.2
2.607000113,-0.367757044,11.26315789,3.2
2.615999937,-0.367224432,11.26315789,3.2
2.625,-0.367092573,11.26315789,3.2
2.634000063,-0.367408509,11.26315789,3.2
2.642999887,-0.368211106,11.26315789,3.2
2.65199995,-0.369536465,11.26315789,3.2
2.661000013,-0.371411342,11.26315789,3.2
2.670000076,-0.373858873,11.26315789,3.2
2.678999901,-0.376893351,11.26315789,3.2
2.687999964,-0.380524182,11.26315789,3.2
2.697000027,-0.384752375,11.26315789,3.2
2.70600009,-0.389574407,11.26315789,3.2
2.714999914,-0.394977075,11.26315789,3.2
2.723999977,-0.400942866,11.26315789,3.2
2.73300004,-0.407447937,11.26315789,3.2
2.742000103,-0.41446189,11.26315789,3.2
2.750999928,-0.421948476,11.26315789,3.2
2.75999999,-0.429867232,11.26315789,3.2
2.769000053,-0.438173195,11.26315789,3.2
2.778000116,-0.446815589,11.26315789,3.2
2.786999941,-0.455743836,11.26315789,3.2
2.796000004,-0.464903628,11.26315789,3.2
2.805000067,-0.474236379,11.26315789,3.2
2.813999891,-0.483685363,11.26315789,3.2
2.822999954,-0.493194213,11.26315789,3.2
2.832000017,-0.502703717,11.26315789,3.2
2.84100008,-0.512160741,11.26315789,3.2
2.849999905,-0.521511726,11.26315789,3.2
2.858999968,-0.530708905,11.26315789,3.2
2.868000031,-0.539706629,11.26315789,3.2
2.877000093,-0.548463218,11.26315789,3.2
2.885999918,-0.556945622,11.26315789,3.2
2.894999981,-0.565126424,11.26315789,3.2
2.904000044,-0.572983075,11.26315789,3.2
2.913000107,-0.580503823,11.26315789,3.2
2.921999931,-0.587679874,11.26315789,3.2
2.930999994,-0.594514202,11.26315789,3.2
2.940000057,-0.60101661,11.26315789,3.2
2.948999882,-0.60720488,11.26315789,3.2
2.957999945,-0.613105497,11.26315789,3.2
2.967000008,-0.618751074,11.26315789,3.2
2.976000071,-0.624183344,11.26315789,3.2
2.984999895,-0.629448497,11.26315789,3.2
2.993999958,-0.6346031,11.26315789,3.2
3.003000021,-0.639705092,11.26315789,3.2
3.012000084,-0.644820254,11.26315789,3.2
3.020999908,-0.650017737,11.26315789,3.2
3.029999971,-0.655368968,11.26315789,3.2
3.039000034,-0.660950354,11.26315789,3.2
3.048000097,-0.666838866,11.26315789,3.2
3.056999922,-0.673112526,11.26315789,3.2
3.065999985,-0.679848282,11.26315789,3.2
3.075000048,-0.687124199,11.26315789,3.2
3.084000111,-0.695014856,11.26315789,3.2
3.092999935,-0.703593546,11.26315789,3.2
3.101999998,-0.712931179,11.26315789,3.2
3.111000061,-0.723092626,11.26315789,3.2
3.119999886,-0.734139555,11.26315789,3.2
3.128999949,-0.746128813,11.26315789,3.2
3.138000011,-0.75911141,11.26315789,3.2
3.147000074,-0.773131275,11.26315789,3.2
3.155999899,-0.788228001,11.26315789,3.2
3.164999962,-0.804431768,11.26315789,3.2
3.174000025,-0.821767976,11.26315789,3.2
3.183000088,-0.840254766,11.26315789,3.2
3.191999912,-0.859900699,11.26315789,3.2
3.200999975,-0.880710823,11.26315789,3.2
3.210000038,-0.902679353,11.26315789,3.2
3.219000101,-0.925796875,11.26315789,3.2
3.227999926,-0.950043765,11.26315789,3.2
3.236999989,-0.975397202,11.26315789,3.2
3.246000051,-1.001829148,11.26315789,3.2
3.255000114,-1.02930233,11.26315789,3.2
3.263999939,-1.057781559,11.26315789,3.2
3.273000002,-1.087220091,11.26315789,3.2
3.282000065,-1.11757608,11.26315789,3.2
3.290999889,-1.148803614,11.26315789,3.2
3.299999952,-1.180854449,11.26315789,3.2
3.309000015,-1.213684482,11.26315789,3.2
3.318000078,-1.247249571,11.26315789,3.2
3.326999903,-1.281512589,11.26315789,3.2
3.335999966,-1.316439067,11.26315789,3.2
3.345000029,-1.352001033,11.26315789,3.2
3.354000092,-1.388182242,11.26315789,3.2
3.362999916,-1.42497271,11.26315789,3.2
3.371999979,-1.46237622,11.26315789,3.2
3.381000042,-1.500410716,11.26315789,3.2
3.390000105,-1.539106846,11.26315789,3.2
3.398999929,-1.578509076,11.26315789,3.2
3.407999992,-1.618685386,11.26315789,3.2
3.417000055,-1.659716497,11.26315789,3.2
3.426000118,-1.701704227,11.26315789,3.2
3.434999943,-1.744770824,11.26315789,3.2
3.444000006,-1.78906009,11.26315789,3.2
3.453000069,-1.834737603,11.26315789,3.2
3.461999893,-1.881990727,11.26315789,3.2
3.470999956,-1.931030181,11.26315789,3.2
3.480000019,-1.982088567,11.26315789,3.2
3.489000082,-2.03542699,11.26315789,3.2
3.497999907,-2.091325616,11.26315789,3.2
3.506999969,-2.150092726,11.26315789,3.2
3.516000032,-2.212057446,11.26315789,3.2
3.525000095,-2.277577272,11.26315789,3.2
3.53399992,-2.347037164,11.26315789,3.2
3.542999983,-2.42084574,11.26315789,3.2
3.552000046,-2.499440487,11.26315789,3.2
3.561000109,-2.583288429,11.26315789,3.2
3.569999933,-2.672884321,11.26315789,3.2
3.578999996,-2.768757529,11.26315789,3.2
3.588000059,-2.871469658,11.26315789,3.2
3.596999884,-2.981617099,11.26315789,3.2
3.605999947,-3.099836523,11.26315789,3.2
3.61500001,-3.226805572,11.26315789,3.2
3.624000072,-3.363247949,11.26315789,3.2
3.632999897,-3.509936264,11.26315789,3.2
3.64199996,-3.667700895,11.26315789,3.2
3.651000023,-3.837427893,11.26315789,3.2
3.660000086,-4.020078593,11.26315789,3.2
3.66899991,-4.216689172,11.26315789,3.2
3.677999973,-4.428381801,11.26315789,3.2
3.687000036,-4.656380655,11.26315789,3.2
3.696000099,-4.902025588,11.26315789,3.2
3.704999924,-5.166790445,11.26315789,3.2
3.713999987,-5.452305293,11.26315789,3.2
3.72300005,-5.760386142,11.26315789,3.2
3.732000113,-6.093072268,11.26315789,3.2
3.740999937,-6.452664535,11.26315789,3.2
3.75,-6.841795083,11.26315789,3.2
3.759000063,-7.263494496,11.26315789,3.2
3.767999887,-7.721287951,11.26315789,3.2
3.77699995,-8.219338797,11.26315789,3.2
3.786000013,-8.762614533,11.26315789,3.2
3.795000076,-9.357139387,11.26315789,3.2
3.803999901,-10.01034384,11.26315789,3.2
3.812999964,-10.73154825,11.26315789,3.2
3.822000027,-11.53272794,11.26315789,3.2
3.83100009,-12.42962525,11.26315789,3.2
3.839999914,-13.44358892,11.26315789,3.2
3.848999977,-14.60462716,11.26315789,3.2
3.85800004,-15.95687913,11.26315789,3.2
3.867000103,-17.56922024,11.26315789,3.2
3.875999928,-19.55811164,11.26315789,3.2
3.88499999,-22.14501564,11.26315789,3.2
3.894000053,-25.83915062,11.26315789,3.2
3.903000116,-32.35260148,11.26315789,3.2
3.911999941,-48.97392362,11.26315789,3.2
3.921000004,-30.59336707,11.26315789,3.2
3.930000067,-25.05526044,11.26315789,3.2
3.938999891,-21.73012176,11.26315789,3.2
3.947999954,-19.35913452,11.26315789,3.2
3.957000017,-17.52400268,11.26315789,3.2
3.96600008,-16.03344668,11.26315789,3.2
3.974999905,-14.78379816,11.26315789,3.2
3.983999968,-13.71247769,11.26315789,3.2
3.993000031,-12.77876268,11.26315789,3.2
4.001999855,-11.95463572,11.26315789,3.2
4.011000156,-11.21997419,11.26315789,3.2
4.019999981,-10.55982294,11.26315789,3.2
4.028999805,-9.962747843,11.26315789,3.2
4.038000107,-9.419804556,11.26315789,3.2
4.046999931,-8.923856943,11.26315789,3.2
4.056000233,-8.46911161,11.26315789,3.2
4.065000057,-8.050800552,11.26315789,3.2
4.073999882,-7.66494615,11.26315789,3.2
4.083000183,-7.308195155,11.26315789,3.2
4.092000008,-6.977692194,11.26315789,3.2
4.100999832,-6.670983323,11.26315789,3.2
4.110000134,-6.385946291,11.26315789,3.2
4.118999958,-6.120727018,11.26315789,3.2
4.127999783,-5.873702711,11.26315789,3.2
4.137000084,-5.643437355,11.26315789,3.2
4.145999908,-5.428661025,11.26315789,3.2
4.15500021,-5.228238352,11.26315789,3.2
4.164000034,-5.04115323,11.26315789,3.2
4.172999859,-4.866491845,11.26315789,3.2
4.18200016,-4.703431442,11.26315789,3.2
4.190999985,-4.551221049,11.26315789,3.2
4.199999809,-4.409182534,11.26315789,3.2
4.209000111,-4.276694002,11.26315789,3.2
4.217999935,-4.153184447,11.26315789,3.2
4.227000237,-4.03813318,11.26315789,3.2
4.236000061,-3.931056295,11.26315789,3.2
4.244999886,-3.831506536,11.26315789,3.2
4.254000187,-3.7390681,11.26315789,3.2
4.263000011,-3.653356146,11.26315789,3.2
4.271999836,-3.5740091,11.26315789,3.2
4.281000137,-3.500689926,11.26315789,3.2
4.289999962,-3.433077729,11.26315789,3.2
4.298999786,-3.370876727,11.26315789,3.2
4.308000088,-3.31380259,11.26315789,3.2
4.316999912,-3.261587713,11.26315789,3.2
4.326000214,-3.213981396,11.26315789,3.2
4.335000038,-3.170741625,11.26315789,3.2
4.343999863,-3.131643394,11.26315789,3.2
4.353000164,-3.096469892,11.26315789,3.2
4.361999989,-3.065015705,11.26315789,3.2
4.370999813,-3.03708756,11.26315789,3.2
4.380000114,-3.012504415,11.26315789,3.2
4.388999939,-2.991091464,11.26315789,3.2
4.397999763,-2.972688356,11.26315789,3.2
4.407000065,-2.957141486,11.26315789,3.2
4.415999889,-2.944311097,11.26315789,3.2
4.425000191,-2.93406489,11.26315789,3.2
4.434000015,-2.926284846,11.26315789,3.2
4.44299984,-2.920860054,11.26315789,3.2
4.452000141,-2.917691507,11.26315789,3.2
4.460999966,-2.916693901,11.26315789,3.2
4.46999979,-2.9177877,11.26315789,3.2
4.479000092,-2.920908447,11.26315789,3.2
4.487999916,-2.925998643,11.26315789,3.2
4.497000217,-2.933014798,11.26315789,3.2
4.506000042,-2.941919959,11.26315789,3.2
4.514999866,-2.952689332,11.26315789,3.2
4.524000168,-2.965303776,11.26315789,3.2
4.532999992,-2.979756116,11.26315789,3.2
4.541999817,-2.996043068,11.26315789,3.2
4.551000118,-3.014170784,11.26315789,3.2
4.559999943,-3.034149194,11.26315789,3.2
4.568999767,-3.055992155,11.26315789,3.2
4.578000069,-3.079718144,11.26315789,3.2
4.586999893,-3.105347033,11.26315789,3.2
4.596000195,-3.132899992,11.26315789,3.2
4.605000019,-3.162392989,11.26315789,3.2
4.613999844,-3.193846393,11.26315789,3.2
4.623000145,-3.227273068,11.26315789,3.2
4.631999969,-3.262677956,11.26315789,3.2
4.640999794,-3.300063589,11.26315789,3.2
4.650000095,-3.339418904,11.26315789,3.2
4.65899992,-3.380727617,11.26315789,3.2
4.668000221,-3.423958142,11.26315789,3.2
4.677000046,-3.469065629,11.26315789,3.2
4.68599987,-3.515989343,11.26315789,3.2
4.695000172,-3.564655227,11.26315789,3.2
4.703999996,-3.614968846,11.26315789,3.2
4.712999821,-3.666817714,11.26315789,3.2
4.722000122,-3.720070075,11.26315789,3.2
4.730999947,-3.77457149,11.26315789,3.2
4.739999771,-3.830149573,11.26315789,3.2
4.749000072,-3.886611294,11.26315789,3.2
4.757999897,-3.943738488,11.26315789,3.2
4.767000198,-4.001293617,11.26315789,3.2
4.776000023,-4.059023291,11.26315789,3.2
4.784999847,-4.116649517,11.26315789,3.2
4.794000149,-4.173884155,11.26315789,3.2
4.802999973,-4.230418213,11.26315789,3.2
4.811999798,-4.285937813,11.26315789,3.2
4.821000099,-4.340113774,11.26315789,3.2
4.829999924,-4.39261587,11.26315789,3.2
4.839000225,-4.443107262,11.26315789,3.2
4.84800005,-4.491266134,11.26315789,3.2
4.856999874,-4.536763473,11.26315789,3.2
4.866000175,-4.579293443,11.26315789,3.2
4.875,-4.6185648,11.26315789,3.2
4.883999825,-4.654306313,11.26315789,3.2
4.893000126,-4.68627353,11.26315789,3.2
4.90199995,-4.714253492,11.26315789,3.2
4.910999775,-4.738064163,11.26315789,3.2
4.920000076,-4.757569184,11.26315789,3.2
4.928999901,-4.77266456,11.26315789,3.2
4.938000202,-4.783286447,11.26315789,3.2
4.947000027,-4.789417603,11.26315789,3.2
4.955999851,-4.791082893,11.26315789,3.2
4.965000153,-4.788345192,11.26315789,3.2
4.973999977,-4.781310918,11.26315789,3.2
4.982999802,-4.770120482,11.26315789,3.2
4.992000103,-4.754952521,11.26315789,3.2
5.000999928,-4.736009295,11.26315789,3.2
5.010000229,-4.713533735,11.26315789,3.2
5.019000053,-4.687775508,11.26315789,3.2
5.027999878,-4.659017546,11.26315789,3.2
5.037000179,-4.627548451,11.26315789,3.2
5.046000004,-4.5936714,11.26315789,3.2
5.054999828,-4.557694904,11.26315789,3.2
5.06400013,-4.519929943,11.26315789,3.2
5.072999954,-4.480688671,11.26315789,3.2
5.081999779,-4.440273578,11.26315789,3.2
5.09100008,-4.398987406,11.26315789,3.2
5.099999905,-4.357120607,11.26315789,3.2
5.109000206,-4.314946367,11.26315789,3.2
5.118000031,-4.272735553,11.26315789,3.2
5.126999855,-4.230734822,11.26315789,3.2
5.136000156,-4.189177825,11.26315789,3.2
5.144999981,-4.148279503,11.26315789,3.2
5.153999805,-4.108237449,11.26315789,3.2
5.163000107,-4.069233278,11.26315789,3.2
5.171999931,-4.031419706,11.26315789,3.2
5.181000233,-3.994943155,11.26315789,3.2
5.190000057,-3.959921246,11.26315789,3.2
5.198999882,-3.926451346,11.26315789,3.2
5.208000183,-3.894616989,11.26315789,3.2
5.217000008,-3.864483193,11.26315789,3.2
5.225999832,-3.836088723,11.26315789,3.2
5.235000134,-3.809458787,11.26315789,3.2
5.243999958,-3.78460026,11.26315789,3.2
5.252999783,-3.761504606,11.26315789,3.2
5.262000084,-3.740143417,11.26315789,3.2
5.270999908,-3.720477606,11.26315789,3.2
5.28000021,-3.702443565,11.26315789,3.2
5.289000034,-3.685979207,11.26315789,3.2
5.297999859,-3.67099471,11.26315789,3.2
5.30700016,-3.657398271,11.26315789,3.2
5.315999985,-3.645087455,11.26315789,3.2
5.324999809,-3.633951017,11.26315789,3.2
5.334000111,-3.623866216,11.26315789,3.2
5.342999935,-3.614712595,11.26315789,3.2
5.352000237,-3.60635919,11.26315789,3.2
5.361000061,-3.59867771,11.26315789,3.2
5.369999886,-3.59153605,11.26315789,3.2
5.379000187,-3.584809768,11.26315789,3.2
5.388000011,-3.578367383,11.26315789,3.2
5.396999836,-3.572092211,11.26315789,3.2
5.406000137,-3.56586498,11.26315789,3.2
5.414999962,-3.559582505,11.26315789,3.2
5.423999786,-3.553145644,11.26315789,3.2
5.433000088,-3.546467184,11.26315789,3.2
5.441999912,-3.539471101,11.26315789,3.2
5.451000214,-3.532094254,11.26315789,3.2
5.460000038,-3.524286147,11.26315789,3.2
5.468999863,-3.516006465,11.26315789,3.2
5.478000164,-3.507236715,11.26315789,3.2
5.486999989,-3.497965245,11.26315789,3.2
5.495999813,-3.488199427,11.26315789,3.2
5.505000114,-3.477955949,11.26315789,3.2
5.513999939,-3.467270065,11.26315789,3.2
5.522999763,-3.456184378,11.26315789,3.2
5.532000065,-3.444752927,11.26315789,3.2
5.540999889,-3.433044837,11.26315789,3.2
5.550000191,-3.421135967,11.26315789,3.2
5.559000015,-3.409110201,11.26315789,3.2
5.56799984,-3.397058613,11.26315789,3.2
5.577000141,-3.385075881,11.26315789,3.2
5.585999966,-3.373264776,11.26315789,3.2
5.59499979,-3.361724589,11.26315789,3.2
5.604000092,-3.350560281,11.26315789,3.2
5.612999916,-3.339872532,11.26315789,3.2
5.622000217,-3.329763807,11.26315789,3.2
5.631000042,-3.320328587,11.26315789,3.2
5.639999866,-3.311659201,11.26315789,3.2
5.649000168,-3.303844011,11.26315789,3.2
5.657999992,-3.2969622,11.26315789,3.2
5.666999817,-3.291082462,11.26315789,3.2
5.676000118,-3.286268384,11.26315789,3.2
5.684999943,-3.282574737,11.26315789,3.2
5.693999767,-3.280044643,11.26315789,3.2
5.703000069,-3.278712124,11.26315789,3.2
5.711999893,-3.278596277,11.26315789,3.2
5.721000195,-3.27971539,11.26315789,3.2
5.730000019,-3.282066547,11.26315789,3.2
5.738999844,-3.285646944,11.26315789,3.2
5.748000145,-3.290435267,11.26315789,3.2
5.756999969,-3.296406786,11.26315789,3.2
5.765999794,-3.30352446,11.26315789,3.2
5.775000095,-3.311747762,11.26315789,3.2
5.78399992,-3.32102433,11.26315789,3.2
5.793000221,-3.331298654,11.26315789,3.2
5.802000046,-3.342513507,11.26315789,3.2
5.81099987,-3.354603011,11.26315789,3.2
5.820000172,-3.367501161,11.26315789,3.2
5.828999996,-3.381140463,11.26315789,3.2
5.837999821,-3.395457744,11.26315789,3.2
5.847000122,-3.410384051,11.26315789,3.2
5.855999947,-3.425862431,11.26315789,3.2
5.864999771,-3.441835439,11.26315789,3.2
5.874000072,-3.458253405,11.26315789,3.2
5.882999897,-3.475071241,11.26315789,3.2
5.892000198,-3.492257231,11.26315789,3.2
5.901000023,-3.509784888,11.26315789,3.2
5.909999847,-3.527646088,11.26315789,3.2
5.919000149,-3.545836638,11.26315789,3.2
5.927999973,-3.564365591,11.26315789,3.2
5.936999798,-3.583263781,11.26315789,3.2
5.946000099,-3.602565498,11.26315789,3.2
5.954999924,-3.622329077,11.26315789,3.2
5.964000225,-3.642619347,11.26315789,3.2
5.97300005,-3.663517744,11.26315789,3.2
5.981999874,-3.685126706,11.26315789,3.2
5.991000175,-3.707555538,11.26315789,3.2
6,-3.730927726,11.26315789,3.2
6.008999825,-3.755382787,11.26315789,3.2
6.018000126,-3.781070031,11.26315789,3.2
6.02699995,-3.808155528,11.26315789,3.2
6.035999775,-3.836809101,11.26315789,3.2
6.045000076,-3.867217266,11.26315789,3.2
6.053999901,-3.899567668,11.26315789,3.2
6.063000202,-3.934064482,11.26315789,3.2
6.072000027,-3.97091188,11.26315789,3.2
6.080999851,-4.010323104,11.26315789,3.2
6.090000153,-4.05251973,11.26315789,3.2
6.098999977,-4.097719831,11.26315789,3.2
6.107999802,-4.146155136,11.26315789,3.2
6.117000103,-4.198052631,11.26315789,3.2
6.125999928,-4.253650351,11.26315789,3.2
6.135000229,-4.313181905,11.26315789,3.2
6.144000053,-4.376887339,11.26315789,3.2
6.152999878,-4.445012357,11.26315789,3.2
6.162000179,-4.517800404,11.26315789,3.2
6.171000004,-4.595504784,11.26315789,3.2
6.179999828,-4.678378977,11.26315789,3.2
6.18900013,-4.766684074,11.26315789,3.2
6.197999954,-4.860689901,11.26315789,3.2
6.206999779,-4.960671299,11.26315789,3.2
6.21600008,-5.066913003,11.26315789,3.2
6.224999905,-5.179712112,11.26315789,3.2
6.234000206,-5.299377794,11.26315789,3.2
6.243000031,-5.426237558,11.26315789,3.2
6.251999855,-5.560632492,11.26315789,3.2
6.261000156,-5.702926547,11.26315789,3.2
6.269999981,-5.853510518,11.26315789,3.2
6.278999805,-6.012794661,11.26315789,3.2
6.288000107,-6.181227189,11.26315789,3.2
6.296999931,-6.359287324,11.26315789,3.2
6.306000233,-6.547495501,11.26315789,3.2
6.315000057,-6.746417314,11.26315789,3.2
6.323999882,-6.956666587,11.26315789,3.2
6.333000183,-7.178921007,11.26315789,3.2
6.342000008,-7.41391577,11.26315789,3.2
6.350999832,-7.662464682,11.26315789,3.2
6.360000134,-7.925466024,11.26315789,3.2
6.368999958,-8.20391132,11.26315789,3.2
6.377999783,-8.498900036,11.26315789,3.2
6.387000084,-8.811654922,11.26315789,3.2
6.395999908,-9.143540425,11.26315789,3.2
6.40500021,-9.496075834,11.26315789,3.2
6.414000034,-9.870966086,11.26315789,3.2
6.422999859,-10.27011724,11.26315789,3.2
6.43200016,-10.69566359,11.26315789,3.2
6.440999985,-11.14999677,11.26315789,3.2
6.449999809,-11.63577891,11.26315789,3.2
6.459000111,-12.15596066,11.26315789,3.2
6.467999935,-12.7137685,11.26315789,3.2
6.477000237,-13.31264137,11.26315789,3.2
6.486000061,-13.95608935,11.26315789,3.2
6.494999886,-14.64736603,11.26315789,3.2
6.504000187,-15.38883507,11.26315789,3.2
6.513000011,-16.18074028,11.26315789,3.2
6.521999836,-17.01893285,11.26315789,3.2
6.531000137,-17.89083521,11.26315789,3.2
6.539999962,-18.76885231,11.26315789,3.2
6.548999786,-19.60127107,11.26315789,3.2
6.558000088,-20.3047588,11.26315789,3.2
6.566999912,-20.77051734,11.26315789,3.2
6.576000214,-20.89977157,11.26315789,3.2
6.585000038,-20.6584089,11.26315789,3.2
6.593999863,-20.10021871,11.26315789,3.2
6.603000164,-19.33136342,11.26315789,3.2
6.611999989,-18.45672985,11.26315789,3.2
6.620999813,-17.55210973,11.26315789,3.2
6.630000114,-16.66278809,11.26315789,3.2
6.638999939,-15.81222269,11.26315789,3.2
6.647999763,-15.01062744,11.26315789,3.2
6.657000065,-14.26096023,11.26315789,3.2
6.665999889,-13.56242547,11.26315789,3.2
6.675000191,-12.91245859,11.26315789,3.2
6.684000015,-12.30778176,11.26315789,3.2
6.69299984,-11.74494484,11.26315789,3.2
6.702000141,-11.22059156,11.26315789,3.2
6.710999966,-10.73158378,11.26315789,3.2
6.71999979,-10.27505604,11.26315789,3.2
6.729000092,-9.848396721,11.26315789,3.2
6.737999916,-9.44925186,11.26315789,3.2
6.747000217,-9.075503686,11.26315789,3.2
6.756000042,-8.725238181,11.26315789,3.2
6.764999866,-8.39671892,11.26315789,3.2
6.774000168,-8.088376787,11.26315789,3.2
6.782999992,-7.798780475,11.26315789,3.2
6.791999817,-7.526618523,11.26315789,3.2
6.801000118,-7.27069175,11.26315789,3.2
6.809999943,-7.029895748,11.26315789,3.2
6.818999767,-6.803206066,11.26315789,3.2
6.828000069,-6.589676394,11.26315789,3.2
6.836999893,-6.388423629,11.26315789,3.2
6.846000195,-6.198623951,11.26315789,3.2
6.855000019,-6.019513291,11.26315789,3.2
6.863999844,-5.850370525,11.26315789,3.2
6.873000145,-5.690521081,11.26315789,3.2
6.881999969,-5.539331867,11.26315789,3.2
6.890999794,-5.396208153,11.26315789,3.2
6.900000095,-5.260592079,11.26315789,3.2
6.90899992,-5.131957958,11.26315789,3.2
6.918000221,-5.00981424,11.26315789,3.2
6.927000046,-4.89370185,11.26315789,3.2
6.93599987,-4.783187054,11.26315789,3.2
6.945000172,-4.677866968,11.26315789,3.2
6.953999996,-4.577364602,11.26315789,3.2
6.962999821,-4.481332297,11.26315789,3.2
6.972000122,-4.389443694,11.26315789,3.2
6.980999947,-4.301401583,11.26315789,3.2
6.989999771,-4.216929041,11.26315789,3.2
6.999000072,-4.1357759,11.26315789,3.2
7.007999897,-4.057712417,11.26315789,3.2
7.017000198,-3.982528478,11.26315789,3.2
7.026000023,-3.91003905,11.26315789,3.2
7.034999847,-3.840074417,11.26315789,3.2
7.044000149,-3.772486093,11.26315789,3.2
7.052999973,-3.707140901,11.26315789,3.2
7.061999798,-3.64392609,11.26315789,3.2
7.071000099,-3.582737646,11.26315789,3.2
7.079999924,-3.523492715,11.26315789,3.2
7.089000225,-3.466118136,11.26315789,3.2
7.09800005,-3.410549454,11.26315789,3.2
7.106999874,-3.356736318,11.26315789,3.2
7.116000175,-3.304637482,11.26315789,3.2
7.125,-3.254217706,11.26315789,3.2
7.133999825,-3.205447107,11.26315789,3.2
7.143000126,-3.158303971,11.26315789,3.2
7.15199995,-3.112770182,11.26315789,3.2
7.160999775,-3.068828589,11.26315789,3.2
7.170000076,-3.026465649,11.26315789,3.2
7.178999901,-2.985669728,11.26315789,3.2
7.188000202,-2.94642716,11.26315789,3.2
7.197000027,-2.90872618,11.26315789,3.2
7.205999851,-2.872552279,11.26315789,3.2
7.215000153,-2.83788768,11.26315789,3.2
7.223999977,-2.80471308,11.26315789,3.2
7.232999802,-2.77300766,11.26315789,3.2
7.242000103,-2.742745605,11.26315789,3.2
7.250999928,-2.71389962,11.26315789,3.2
7.260000229,-2.686434129,11.26315789,3.2
7.269000053,-2.660313344,11.26315789,3.2
7.277999878,-2.635498596,11.26315789,3.2
7.287000179,-2.611943448,11.26315789,3.2
7.296000004,-2.589601671,11.26315789,3.2
7.304999828,-2.568419382,11.26315789,3.2
7.31400013,-2.548342571,11.26315789,3.2
7.322999954,-2.529312628,11.26315789,3.2
7.331999779,-2.511269482,11.26315789,3.2
7.34100008,-2.494150197,11.26315789,3.2
7.349999905,-2.477888646,11.26315789,3.2
7.359000206,-2.462418116,11.26315789,3.2
7.368000031,-2.447673854,11.26315789,3.2
7.376999855,-2.433585688,11.26315789,3.2
7.386000156,-2.420089485,11.26315789,3.2
7.394999981,-2.407115694,11.26315789,3.2
7.403999805,-2.394600797,11.26315789,3.2
7.413000107,-2.382480983,11.26315789,3.2
7.421999931,-2.370696113,11.26315789,3.2
7.431000233,-2.359189426,11.26315789,3.2
7.440000057,-2.347903701,11.26315789,3.2
7.448999882,-2.336790224,11.26315789,3.2
7.458000183,-2.325802902,11.26315789,3.2
7.467000008,-2.314898774,11.26315789,3.2
7.475999832,-2.304044414,11.26315789,3.2
7.485000134,-2.293206295,11.26315789,3.2
7.493999958,-2.282359753,11.26315789,3.2
7.502999783,-2.271483615,11.26315789,3.2
7.512000084,-2.260563719,11.26315789,3.2
7.520999908,-2.249591414,11.26315789,3.2
7.53000021,-2.238563994,11.26315789,3.2
7.539000034,-2.227482079,11.26315789,3.2
7.547999859,-2.21635335,11.26315789,3.2
7.55700016,-2.205189007,11.26315789,3.2
7.565999985,-2.194005731,11.26315789,3.2
7.574999809,-2.182823518,11.26315789,3.2
7.584000111,-2.17166749,11.26315789,3.2
7.592999935,-2.160563809,11.26315789,3.2
7.602000237,-2.149543834,11.26315789,3.2
7.611000061,-2.138637456,11.26315789,3.2
7.619999886,-2.127880055,11.26315789,3.2
7.629000187,-2.117306866,11.26315789,3.2
7.638000011,-2.106951021,11.26315789,3.2
7.646999836,-2.096850286,11.26315789,3.2
7.656000137,-2.087041382,11.26315789,3.2
7.664999962,-2.077554227,11.26315789,3.2
7.673999786,-2.068426131,11.26315789,3.2
7.683000088,-2.059684856,11.26315789,3.2
7.691999912,-2.051362644,11.26315789,3.2
7.701000214,-2.043484718,11.26315789,3.2
7.710000038,-2.036075612,11.26315789,3.2
7.718999863,-2.029155357,11.26315789,3.2
7.728000164,-2.022745673,11.26315789,3.2
7.736999989,-2.016857383,11.26315789,3.2
7.745999813,-2.011504711,11.26315789,3.2
7.755000114,-2.006695565,11.26315789,3.2
7.763999939,-2.002435641,11.26315789,3.2
7.772999763,-1.998724822,11.26315789,3.2
7.782000065,-1.995563946,11.26315789,3.2
7.790999889,-1.992947197,11.26315789,3.2
7.800000191,-1.990867622,11.26315789,3.2
7.809000015,-1.989315014,11.26315789,3.2
7.81799984,-1.988277397,11.26315789,3.2
7.827000141,-1.987738343,11.26315789,3.2
7.835999966,-1.987683032,11.26315789,3.2
7.84499979,-1.988093396,11.26315789,3.2
7.854000092,-1.988948085,11.26315789,3.2
7.862999916,-1.99022888,11.26315789,3.2
7.872000217,-1.991913242,11.26315789,3.2
7.881000042,-1.993979402,11.26315789,3.2
7.889999866,-1.996405968,11.26315789,3.2
7.899000168,-1.999172217,11.26315789,3.2
7.907999992,-2.002258111,11.26315789,3.2
7.916999817,-2.005644095,11.26315789,3.2
7.926000118,-2.009310315,11.26315789,3.2
7.934999943,-2.013243224,11.26315789,3.2
7.943999767,-2.017427234,11.26315789,3.2
7.953000069,-2.021848114,11.26315789,3.2
7.961999893,-2.02649718,11.26315789,3.2
7.971000195,-2.031364293,11.26315789,3.2
7.980000019,-2.036445922,11.26315789,3.2
7.988999844,-2.041737516,11.26315789,3.2
7.998000145,-2.047238444,11.26315789,3.2
8.006999969,-2.05295134,11.26315789,3.2
8.015999794,-2.058880077,11.26315789,3.2
8.024999619,-2.065030492,11.26315789,3.2
8.034000397,-2.071414225,11.26315789,3.2
8.043000221,-2.078040999,11.26315789,3.2
8.052000046,-2.084923881,11.26315789,3.2
8.06099987,-2.092077353,11.26315789,3.2
8.069999695,-2.099518805,11.26315789,3.2
8.079000473,-2.107267298,11.26315789,3.2
8.088000298,-2.115339087,11.26315789,3.2
8.097000122,-2.123755013,11.26315789,3.2
8.105999947,-2.132536043,11.26315789,3.2
8.114999771,-2.141700107,11.26315789,3.2
8.123999596,-2.151268204,11.26315789,3.2
8.133000374,-2.161260581,11.26315789,3.2
8.142000198,-2.171694219,11.26315789,3.2
8.151000023,-2.182588932,11.26315789,3.2
8.159999847,-2.193960858,11.26315789,3.2
8.168999672,-2.205823848,11.26315789,3.2
8.17800045,-2.218192901,11.26315789,3.2
8.187000275,-2.231079567,11.26315789,3.2
8.196000099,-2.24449125,11.26315789,3.2
8.204999924,-2.258439328,11.26315789,3.2
8.213999748,-2.272927689,11.26315789,3.2
8.222999573,-2.287958053,11.26315789,3.2
8.232000351,-2.303534561,11.26315789,3.2
8.241000175,-2.319653081,11.26315789,3.2
8.25,-2.336311706,11.26315789,3.2
8.258999825,-2.353506469,11.26315789,3.2
8.267999649,-2.371226947,11.26315789,3.2
8.277000427,-2.389465541,11.26315789,3.2
8.286000252,-2.408210981,11.26315789,3.2
8.295000076,-2.427450931,11.26315789,3.2
8.303999901,-2.44717338,11.26315789,3.2
8.312999725,-2.467363423,11.26315789,3.2
8.32199955,-2.488005072,11.26315789,3.2
8.331000328,-2.50908507,11.26315789,3.2
8.340000153,-2.530586045,11.26315789,3.2
8.348999977,-2.552495123,11.26315789,3.2
8.357999802,-2.574797568,11.26315789,3.2
8.366999626,-2.597479881,11.26315789,3.2
8.376000404,-2.620530227,11.26315789,3.2
8.385000229,-2.643939312,11.26315789,3.2
8.394000053,-2.66769774,11.26315789,3.2
8.402999878,-2.691800334,11.26315789,3.2
8.411999702,-2.716244052,11.26315789,3.2
8.420999527,-2.741026571,11.26315789,3.2
8.430000305,-2.766151989,11.26315789,3.2
8.43900013,-2.791624631,11.26315789,3.2
8.447999954,-2.817452518,11.26315789,3.2
8.456999779,-2.843646914,11.26315789,3.2
8.465999603,-2.87022276,11.26315789,3.2
8.475000381,-2.89719849,11.26315789,3.2
8.484000206,-2.92459573,11.26315789,3.2
8.493000031,-2.952438377,11.26315789,3.2
8.501999855,-2.980752099,11.26315789,3.2
8.51099968,-3.009569103,11.26315789,3.2
8.520000458,-3.038919769,11.26315789,3.2
8.529000282,-3.068838852,11.26315789,3.2
8.538000107,-3.099363968,11.26315789,3.2
8.546999931,-3.130532593,11.26315789,3.2
8.555999756,-3.162381973,11.26315789,3.2
8.56499958,-3.194955978,11.26315789,3.2
8.574000359,-3.228291489,11.26315789,3.2
8.583000183,-3.26243122,11.26315789,3.2
8.592000008,-3.297414171,11.26315789,3.2
8.600999832,-3.333279959,11.26315789,3.2
8.609999657,-3.370067681,11.26315789,3.2
8.619000435,-3.407813949,11.26315789,3.2
8.628000259,-3.446553788,11.26315789,3.2
8.637000084,-3.48631948,11.26315789,3.2
8.645999908,-3.52714246,11.26315789,3.2
8.654999733,-3.569050646,11.26315789,3.2
8.663999557,-3.612067158,11.26315789,3.2
8.673000336,-3.65621681,11.26315789,3.2
8.68200016,-3.701514973,11.26315789,3.2
8.690999985,-3.747977891,11.26315789,3.2
8.699999809,-3.795618623,11.26315789,3.2
8.708999634,-3.84444461,11.26315789,3.2
8.718000412,-3.894460632,11.26315789,3.2
8.727000237,-3.945667987,11.26315789,3.2
8.736000061,-3.998068266,11.26315789,3.2
8.744999886,-4.05165379,11.26315789,3.2
8.75399971,-4.106423424,11.26315789,3.2
8.762999535,-4.162366591,11.26315789,3.2
8.772000313,-4.219474443,11.26315789,3.2
8.781000137,-4.277736753,11.26315789,3.2
8.789999962,-4.337144268,11.26315789,3.2
8.798999786,-4.39768395,11.26315789,3.2
8.807999611,-4.459348109,11.26315789,3.2
8.817000389,-4.52212827,11.26315789,3.2
8.826000214,-4.586018519,11.26315789,3.2
8.835000038,-4.651015512,11.26315789,3.2
8.843999863,-4.717120936,11.26315789,3.2
8.852999687,-4.784339912,11.26315789,3.2
8.862000465,-4.85268146,11.26315789,3.2
8.87100029,-4.92216319,11.26315789,3.2
8.880000114,-4.992806194,11.26315789,3.2
8.888999939,-5.064639591,11.26315789,3.2
8.897999763,-5.137701092,11.26315789,3.2
8.906999588,-5.212035045,11.26315789,3.2
8.916000366,-5.287692788,11.26315789,3.2
8.925000191,-5.364736875,11.26315789,3.2
8.934000015,-5.443235935,11.26315789,3.2
8.94299984,-5.523267113,11.26315789,3.2
8.951999664,-5.604918462,11.26315789,3.2
8.961000443,-5.688282678,11.26315789,3.2
8.970000267,-5.773463436,11.26315789,3.2
8.979000092,-5.86056976,11.26315789,3.2
8.987999916,-5.949718333,11.26315789,3.2
8.996999741,-6.041032089,11.26315789,3.2
9.005999565,-6.134635521,11.26315789,3.2
9.015000343,-6.230663956,11.26315789,3.2
9.024000168,-6.329247163,11.26315789,3.2
9.032999992,-6.430525734,11.26315789,3.2
9.041999817,-6.534632057,11.26315789,3.2
9.050999641,-6.641701202,11.26315789,3.2
9.06000042,-6.751867423,11.26315789,3.2
9.069000244,-6.865254581,11.26315789,3.2
9.078000069,-6.981985115,11.26315789,3.2
9.086999893,-7.102165296,11.26315789,3.2
9.095999718,-7.225897948,11.26315789,3.2
9.104999542,-7.353265832,11.26315789,3.2
9.11400032,-7.484336926,11.26315789,3.2
9.123000145,-7.61915979,11.26315789,3.2
9.131999969,-7.757757237,11.26315789,3.2
9.140999794,-7.900130948,11.26315789,3.2
9.149999619,-8.046244488,11.26315789,3.2
9.159000397,-8.196031003,11.26315789,3.2
9.168000221,-8.349385901,11.26315789,3.2
9.177000046,-8.506159301,11.26315789,3.2
9.18599987,-8.666156855,11.26315789,3.2
9.194999695,-8.829124173,11.26315789,3.2
9.204000473,-8.99476336,11.26315789,3.2
9.213000298,-9.162693735,11.26315789,3.2
9.222000122,-9.332489678,11.26315789,3.2
9.230999947,-9.503642221,11.26315789,3.2
9.239999771,-9.67556924,11.26315789,3.2
9.248999596,-9.847621533,11.26315789,3.2
9.258000374,-10.01906653,11.26315789,3.2
9.267000198,-10.18910317,11.26315789,3.2
9.276000023,-10.35684999,11.26315789,3.2
9.284999847,-10.52137378,11.26315789,3.2
9.293999672,-10.68167333,11.26315789,3.2
9.30300045,-10.83672199,11.26315789,3.2
9.312000275,-10.98545349,11.26315789,3.2
9.321000099,-11.12680986,11.26315789,3.2
9.329999924,-11.25974668,11.26315789,3.2
9.338999748,-11.38327138,11.26315789,3.2
9.347999573,-11.49646222,11.26315789,3.2
9.357000351,-11.59850799,11.26315789,3.2
9.366000175,-11.68871891,11.26315789,3.2
9.375,-11.76656562,11.26315789,3.2
9.383999825,-11.831693,11.26315789,3.2
9.392999649,-11.88392629,11.26315789,3.2
9.402000427,-11.92328867,11.26315789,3.2
9.411000252,-11.94999019,11.26315789,3.2
9.420000076,-11.96442356,11.26315789,3.2
9.428999901,-11.96714716,11.26315789,3.2
9.437999725,-11.95885861,11.26315789,3.2
9.44699955,-11.94037845,11.26315789,3.2
9.456000328,-11.91261652,11.26315789,3.2
9.465000153,-11.87654397,11.26315789,3.2
9.473999977,-11.83316963,11.26315789,3.2
9.482999802,-11.78351787,11.26315789,3.2
9.491999626,-11.72858953,11.26315789,3.2
9.501000404,-11.66936991,11.26315789,3.2
9.510000229,-11.60679228,11.26315789,3.2
9.519000053,-11.54173721,11.26315789,3.2
9.527999878,-11.47502359,11.26315789,3.2
9.536999702,-11.40739493,11.26315789,3.2
9.545999527,-11.33953222,11.26315789,3.2
9.555000305,-11.27204527,11.26315789,3.2
9.56400013,-11.20546903,11.26315789,3.2
9.572999954,-11.14027324,11.26315789,3.2
9.581999779,-11.07686811,11.26315789,3.2
9.590999603,-11.01560015,11.26315789,3.2
9.600000381,-10.95676086,11.26315789,3.2
9.609000206,-10.90059639,11.26315789,3.2
9.618000031,-10.84729366,11.26315789,3.2
9.626999855,-10.79701361,11.26315789,3.2
9.63599968,-10.74986961,11.26315789,3.2
9.645000458,-10.70594708,11.26315789,3.2
9.654000282,-10.66529734,11.26315789,3.2
9.663000107,-10.62795006,11.26315789,3.2
9.671999931,-10.5939099,11.26315789,3.2
9.680999756,-10.56316683,11.26315789,3.2
9.68999958,-10.53568986,11.26315789,3.2
9.699000359,-10.51143502,11.26315789,3.2
9.708000183,-10.49035807,11.26315789,3.2
9.717000008,-10.47239219,11.26315789,3.2
9.725999832,-10.45747608,11.26315789,3.2
9.734999657,-10.44554001,11.26315789,3.2
9.744000435,-10.43651015,11.26315789,3.2
9.753000259,-10.43032093,11.26315789,3.2
9.762000084,-10.4269038,11.26315789,3.2
9.770999908,-10.42619545,11.26315789,3.2
9.779999733,-10.42813296,11.26315789,3.2
9.788999557,-10.43266619,11.26315789,3.2
9.798000336,-10.43975015,11.26315789,3.2
9.80700016,-10.44934677,11.26315789,3.2
9.815999985,-10.46142634,11.26315789,3.2
9.824999809,-10.47597144,11.26315789,3.2
9.833999634,-10.49297381,11.26315789,3.2
9.843000412,-10.51243202,11.26315789,3.2
9.852000237,-10.5343588,11.26315789,3.2
9.861000061,-10.55877794,11.26315789,3.2
9.869999886,-10.58572019,11.26315789,3.2
9.87899971,-10.61522684,11.26315789,3.2
9.887999535,-10.64735208,11.26315789,3.2
9.897000313,-10.68215116,11.26315789,3.2
9.906000137,-10.71969687,11.26315789,3.2
9.914999962,-10.7600633,11.26315789,3.2
9.923999786,-10.8033329,11.26315789,3.2
9.932999611,-10.84959238,11.26315789,3.2
9.942000389,-10.89893565,11.26315789,3.2
9.951000214,-10.95145881,11.26315789,3.2
9.960000038,-11.00726068,11.26315789,3.2
9.968999863,-11.06644132,11.26315789,3.2
9.977999687,-11.12910353,11.26315789,3.2
9.987000465,-11.1953472,11.26315789,3.2
9.99600029,-11.26527421,11.26315789,3.2
10.00500011,-11.33898169,11.26315789,3.2
10.01399994,-11.41656302,11.26315789,3.2
10.02299976,-11.49810957,11.26315789,3.2
10.03199959,-11.58370882,11.26315789,3.2
10.04100037,-11.67343849,11.26315789,3.2
10.05000019,-11.76737821,11.26315789,3.2
10.05900002,-11.86559237,11.26315789,3.2
10.06799984,-11.96814515,11.26315789,3.2
10.07699966,-12.0750882,11.26315789,3.2
10.08600044,-12.18647001,11.26315789,3.2
10.09500027,-12.30232568,11.26315789,3.2
10.10400009,-12.4226901,11.26315789,3.2
10.11299992,-12.5475845,11.26315789,3.2
10.12199974,-12.67702359,11.26315789,3.2
10.13099957,-12.8110147,11.26315789,3.2
10.14000034,-12.94956069,11.26315789,3.2
10.14900017,-13.09265182,11.26315789,3.2
10.15799999,-13.24027608,11.26315789,3.2
10.16699982,-13.39242001,11.26315789,3.2
10.17599964,-13.54905733,11.26315789,3.2
10.18500042,-13.71016559,11.26315789,3.2
10.19400024,-13.87571885,11.26315789,3.2
10.20300007,-14.04568347,11.26315789,3.2
10.21199989,-14.22003078,11.26315789,3.2
10.22099972,-14.39873243,11.26315789,3.2
10.22999954,-14.58176066,11.26315789,3.2
10.23900032,-14.76909066,11.26315789,3.2
10.24800014,-14.96069806,11.26315789,3.2
10.25699997,-15.15657033,11.26315789,3.2
10.26599979,-15.35669216,11.26315789,3.2
10.27499962,-15.56105997,11.26315789,3.2
10.2840004,-15.7696686,11.26315789,3.2
10.29300022,-15.98252242,11.26315789,3.2
10.30200005,-16.1996279,11.26315789,3.2
10.31099987,-16.42098413,11.26315789,3.2
10.31999969,-16.64661134,11.26315789,3.2
10.32900047,-16.87650383,11.26315789,3.2
10.3380003,-17.1106545,11.26315789,3.2
10.34700012,-17.34905133,11.26315789,3.2
10.35599995,-17.59164957,11.26315789,3.2
10.36499977,-17.83838745,11.26315789,3.2
10.3739996,-18.08916013,11.26315789,3.2
10.38300037,-18.34381727,11.26315789,3.2
10.3920002,-18.60214431,11.26315789,3.2
10.40100002,-18.86385541,11.26315789,3.2
10.40999985,-19.12857169,11.26315789,3.2
10.41899967,-19.39580312,11.26315789,3.2
10.42800045,-19.66493499,11.26315789,3.2
10.43700027,-19.93518897,11.26315789,3.2
10.4460001,-20.20563051,11.26315789,3.2
10.45499992,-20.4751211,11.26315789,3.2
10.46399975,-20.74231469,11.26315789,3.2
10.47299957,-21.00565719,11.26315789,3.2
10.48200035,-21.26334441,11.26315789,3.2
10.49100018,-21.51336871,11.26315789,3.2
10.5,-21.75351363,11.26315789,3.2
1.5,-0.364216874,14.52631579,0.8
1.508999944,-0.36100707,14.52631579,0.8
1.518000007,-0.359299876,14.52631579,0.8
1.52699995,-0.359455469,14.52631579,0.8
1.536000013,-0.361731349,14.52631579,0.8
1.544999957,-0.366262786,14.52631579,0.8
1.55400002,-0.373065885,14.52631579,0.8
1.562999964,-0.382025551,14.52631579,0.8
1.572000027,-0.392909207,14.52631579,0.8
1.58099997,-0.405378006,14.52631579,0.8
1.590000033,-0.419000396,14.52631579,0.8
1.598999977,-0.433282681,14.52631579,0.8
1.60800004,-0.447691684,14.52631579,0.8
1.616999984,-0.461689268,14.52631579,0.8
1.626000047,-0.474766451,14.52631579,0.8
1.63499999,-0.486464393,14.52631579,0.8
1.644000053,-0.496412932,14.52631579,0.8
1.652999997,-0.504349521,14.52631579,0.8
1.661999941,-0.510128799,14.52631579,0.8
1.671000004,-0.513740722,14.52631579,0.8
1.679999948,-0.515299563,14.52631579,0.8
1.68900001,-0.515047224,14.52631579,0.8
1.697999954,-0.513324464,14.52631579,0.8
1.707000017,-0.51055956,14.52631579,0.8
1.715999961,-0.507236828,14.52631579,0.8
1.725000024,-0.503868865,14.52631579,0.8
1.733999968,-0.500968705,14.52631579,0.8
1.743000031,-0.499020962,14.52631579,0.8
1.751999974,-0.498450372,14.52631579,0.8
1.761000037,-0.499605765,14.52631579,0.8
1.769999981,-0.502735494,14.52631579,0.8
1.779000044,-0.507980092,14.52631579,0.8
1.787999988,-0.515356892,14.52631579,0.8
1.797000051,-0.524768885,14.52631579,0.8
1.805999994,-0.535998795,14.52631579,0.8
1.815000057,-0.548733724,14.52631579,0.8
1.824000001,-0.562567001,14.52631579,0.8
1.832999945,-0.577037127,14.52631579,0.8
1.842000008,-0.591640885,14.52631579,0.8
1.850999951,-0.605872028,14.52631579,0.8
1.860000014,-0.619244456,14.52631579,0.8
1.868999958,-0.631325167,14.52631579,0.8
1.878000021,-0.641756363,14.52631579,0.8
1.886999965,-0.650283245,14.52631579,0.8
1.896000028,-0.656762843,14.52631579,0.8
1.904999971,-0.661169244,14.52631579,0.8
1.914000034,-0.663604852,14.52631579,0.8
1.922999978,-0.664283436,14.52631579,0.8
1.932000041,-0.663519382,14.52631579,0.8
1.940999985,-0.661708152,14.52631579,0.8
1.950000048,-0.659297273,14.52631579,0.8
1.958999991,-0.656770869,14.52631579,0.8
1.968000054,-0.654610331,14.52631579,0.8
1.976999998,-0.653267221,14.52631579,0.8
1.985999942,-0.653147574,14.52631579,0.8
1.995000005,-0.654583164,14.52631579,0.8
2.003999949,-0.657807487,14.52631579,0.8
2.013000011,-0.662955925,14.52631579,0.8
2.022000074,-0.670052573,14.52631579,0.8
2.030999899,-0.679004865,14.52631579,0.8
2.039999962,-0.689616169,14.52631579,0.8
2.049000025,-0.701594113,14.52631579,0.8
2.058000088,-0.714566663,14.52631579,0.8
2.066999912,-0.728103669,14.52631579,0.8
2.075999975,-0.741741276,14.52631579,0.8
2.085000038,-0.755009133,14.52631579,0.8
2.094000101,-0.767460195,14.52631579,0.8
2.102999926,-0.778692752,14.52631579,0.8
2.111999989,-0.788377907,14.52631579,0.8
2.121000051,-0.796273189,14.52631579,0.8
2.130000114,-0.802245581,14.52631579,0.8
2.138999939,-0.806269455,14.52631579,0.8
2.148000002,-0.808431076,14.52631579,0.8
2.157000065,-0.808923023,14.52631579,0.8
2.165999889,-0.808026867,14.52631579,0.8
2.174999952,-0.806103516,14.52631579,0.8
2.184000015,-0.803559615,14.52631579,0.8
2.193000078,-0.800833304,14.52631579,0.8
2.201999903,-0.798360192,14.52631579,0.8
2.210999966,-0.796554819,14.52631579,0.8
2.220000029,-0.795782694,14.52631579,0.8
2.229000092,-0.796343585,14.52631579,0.8
2.237999916,-0.798453612,14.52631579,0.8
2.246999979,-0.802227969,14.52631579,0.8
2.256000042,-0.807689736,14.52631579,0.8
2.265000105,-0.814753014,14.52631579,0.8
2.273999929,-0.823244264,14.52631579,0.8
2.282999992,-0.832898063,14.52631579,0.8
2.292000055,-0.843384151,14.52631579,0.8
2.301000118,-0.85431862,14.52631579,0.8
2.309999943,-0.865291842,14.52631579,0.8
2.319000006,-0.875890619,14.52631579,0.8
2.328000069,-0.885719572,14.52631579,0.8
2.336999893,-0.894426219,14.52631579,0.8
2.345999956,-0.901722177,14.52631579,0.8
2.355000019,-0.907401422,14.52631579,0.8
2.364000082,-0.911339942,14.52631579,0.8
2.372999907,-0.913519999,14.52631579,0.8
2.381999969,-0.914016681,14.52631579,0.8
2.391000032,-0.91299493,14.52631579,0.8
2.400000095,-0.910698676,14.52631579,0.8
2.40899992,-0.907439246,14.52631579,0.8
2.417999983,-0.903567624,14.52631579,0.8
2.427000046,-0.899460984,14.52631579,0.8
2.436000109,-0.895496155,14.52631579,0.8
2.444999933,-0.892024631,14.52631579,0.8
2.453999996,-0.88936234,14.52631579,0.8
2.463000059,-0.887763931,14.52631579,0.8
2.471999884,-0.887411451,14.52631579,0.8
2.480999947,-0.888406148,14.52631579,0.8
2.49000001,-0.890765023,14.52631579,0.8
2.499000072,-0.89441934,14.52631579,0.8
2.507999897,-0.89922141,14.52631579,0.8
2.51699996,-0.904954308,14.52631579,0.8
2.526000023,-0.911344899,14.52631579,0.8
2.535000086,-0.918076209,14.52631579,0.8
2.54399991,-0.92481596,14.52631579,0.8
2.552999973,-0.931226378,14.52631579,0.8
2.562000036,-0.936984804,14.52631579,0.8
2.571000099,-0.941812427,14.52631579,0.8
2.579999924,-0.945473425,14.52631579,0.8
2.588999987,-0.947802433,14.52631579,0.8
2.59800005,-0.94870774,14.52631579,0.8
2.607000113,-0.948174061,14.52631579,0.8
2.615999937,-0.946261433,14.52631579,0.8
2.625,-0.943108315,14.52631579,0.8
2.634000063,-0.938909408,14.52631579,0.8
2.642999887,-0.933917482,14.52631579,0.8
2.65199995,-0.928413494,14.52631579,0.8
2.661000013,-0.922698627,14.52631579,0.8
2.670000076,-0.917071525,14.52631579,0.8
2.678999901,-0.91181634,14.52631579,0.8
2.687999964,-0.907182023,14.52631579,0.8
2.697000027,-0.903370823,14.52631579,0.8
2.70600009,-0.900528843,14.52631579,0.8
2.714999914,-0.898737425,14.52631579,0.8
2.723999977,-0.898013975,14.52631579,0.8
2.73300004,-0.898308974,14.52631579,0.8
2.742000103,-0.899511112,14.52631579,0.8
2.750999928,-0.901455155,14.52631579,0.8
2.75999999,-0.903936993,14.52631579,0.8
2.769000053,-0.906718775,14.52631579,0.8
2.778000116,-0.909552055,14.52631579,0.8
2.786999941,-0.912179825,14.52631579,0.8
2.796000004,-0.91436831,14.52631579,0.8
2.805000067,-0.915903382,14.52631579,0.8
2.813999891,-0.916613481,14.52631579,0.8
2.822999954,-0.916376446,14.52631579,0.8
2.832000017,-0.915122536,14.52631579,0.8
2.84100008,-0.912845944,14.52631579,0.8
2.849999905,-0.909588308,14.52631579,0.8
2.858999968,-0.905451847,14.52631579,0.8
2.868000031,-0.900585746,14.52631579,0.8
2.877000093,-0.895169273,14.52631579,0.8
2.885999918,-0.889413431,14.52631579,0.8
2.894999981,-0.883537416,14.52631579,0.8
2.904000044,-0.877762148,14.52631579,0.8
2.913000107,-0.872295051,14.52631579,0.8
2.921999931,-0.867318187,14.52631579,0.8
2.930999994,-0.862980283,14.52631579,0.8
2.940000057,-0.859386664,14.52631579,0.8
2.948999882,-0.856600407,14.52631579,0.8
2.957999945,-0.85463536,14.52631579,0.8
2.967000008,-0.85345734,14.52631579,0.8
2.976000071,-0.852987033,14.52631579,0.8
2.984999895,-0.853112704,14.52631579,0.8
2.993999958,-0.853688561,14.52631579,0.8
3.003000021,-0.854548815,14.52631579,0.8
3.012000084,-0.855518327,14.52631579,0.8
3.020999908,-0.856420111,14.52631579,0.8
3.029999971,-0.857087707,14.52631579,0.8
3.039000034,-0.857376586,14.52631579,0.8
3.048000097,-0.857166539,14.52631579,0.8
3.056999922,-0.856376318,14.52631579,0.8
3.065999985,-0.854958379,14.52631579,0.8
3.075000048,-0.852908782,14.52631579,0.8
3.084000111,-0.850260441,14.52631579,0.8
3.092999935,-0.847085593,14.52631579,0.8
3.101999998,-0.843486793,14.52631579,0.8
3.111000061,-0.839592588,14.52631579,0.8
3.119999886,-0.835548347,14.52631579,0.8
3.128999949,-0.831507544,14.52631579,0.8
3.138000011,-0.827620674,14.52631579,0.8
3.147000074,-0.824033191,14.52631579,0.8
3.155999899,-0.82087173,14.52631579,0.8
3.164999962,-0.818236808,14.52631579,0.8
3.174000025,-0.816206049,14.52631579,0.8
3.183000088,-0.81482144,14.52631579,0.8
3.191999912,-0.814093747,14.52631579,0.8
3.200999975,-0.81400436,14.52631579,0.8
3.210000038,-0.814503618,14.52631579,0.8
3.219000101,-0.815519346,14.52631579,0.8
3.227999926,-0.816956723,14.52631579,0.8
3.236999989,-0.818710408,14.52631579,0.8
3.246000051,-0.82067013,14.52631579,0.8
3.255000114,-0.822724192,14.52631579,0.8
3.263999939,-0.824769413,14.52631579,0.8
3.273000002,-0.826718932,14.52631579,0.8
3.282000065,-0.82850337,14.52631579,0.8
3.290999889,-0.830076792,14.52631579,0.8
3.299999952,-0.831421554,14.52631579,0.8
3.309000015,-0.832542458,14.52631579,0.8
3.318000078,-0.833473985,14.52631579,0.8
3.326999903,-0.834272332,14.52631579,0.8
3.335999966,-0.835014367,14.52631579,0.8
3.345000029,-0.835794657,14.52631579,0.8
3.354000092,-0.836713453,14.52631579,0.8
3.362999916,-0.837877792,14.52631579,0.8
3.371999979,-0.839393759,14.52631579,0.8
3.381000042,-0.841358452,14.52631579,0.8
3.390000105,-0.843859584,14.52631579,0.8
3.398999929,-0.846968295,14.52631579,0.8
3.407999992,-0.85073712,14.52631579,0.8
3.417000055,-0.855201188,14.52631579,0.8
3.426000118,-0.860374603,14.52631579,0.8
3.434999943,-0.866253545,14.52631579,0.8
3.444000006,-0.872819233,14.52631579,0.8
3.453000069,-0.880038919,14.52631579,0.8
3.461999893,-0.887873129,14.52631579,0.8
3.470999956,-0.89627785,14.52631579,0.8
3.480000019,-0.905210142,14.52631579,0.8
3.489000082,-0.914633321,14.52631579,0.8
3.497999907,-0.924522661,14.52631579,0.8
3.506999969,-0.934864716,14.52631579,0.8
3.516000032,-0.945664289,14.52631579,0.8
3.525000095,-0.956946833,14.52631579,0.8
3.53399992,-0.968758764,14.52631579,0.8
3.542999983,-0.981162423,14.52631579,0.8
3.552000046,-0.994245153,14.52631579,0.8
3.561000109,-1.008107726,14.52631579,0.8
3.569999933,-1.022863672,14.52631579,0.8
3.578999996,-1.038639067,14.52631579,0.8
3.588000059,-1.055569537,14.52631579,0.8
3.596999884,-1.073791619,14.52631579,0.8
3.605999947,-1.093445357,14.52631579,0.8
3.61500001,-1.11466476,14.52631579,0.8
3.624000072,-1.137585567,14.52631579,0.8
3.632999897,-1.162338407,14.52631579,0.8
3.64199996,-1.189047054,14.52631579,0.8
3.651000023,-1.21783761,14.52631579,0.8
3.660000086,-1.248834771,14.52631579,0.8
3.66899991,-1.282168193,14.52631579,0.8
3.677999973,-1.317978881,14.52631579,0.8
3.687000036,-1.356420557,14.52631579,0.8
3.696000099,-1.397668459,14.52631579,0.8
3.704999924,-1.441927895,14.52631579,0.8
3.713999987,-1.48943818,14.52631579,0.8
3.72300005,-1.540480127,14.52631579,0.8
3.732000113,-1.595384511,14.52631579,0.8
3.740999937,-1.654535764,14.52631579,0.8
3.75,-1.71838016,14.52631579,0.8
3.759000063,-1.78742888,14.52631579,0.8
3.767999887,-1.862265616,14.52631579,0.8
3.77699995,-1.94355073,14.52631579,0.8
3.786000013,-2.032024437,14.52631579,0.8
3.795000076,-2.128512159,14.52631579,0.8
3.803999901,-2.23393116,14.52631579,0.8
3.812999964,-2.349295306,14.52631579,0.8
3.822000027,-2.475722803,14.52631579,0.8
3.83100009,-2.614443028,14.52631579,0.8
3.839999914,-2.766808213,14.52631579,0.8
3.848999977,-2.934302443,14.52631579,0.8
3.85800004,-3.118556713,14.52631579,0.8
3.867000103,-3.321361717,14.52631579,0.8
3.875999928,-3.544679322,14.52631579,0.8
3.88499999,-3.79065999,14.52631579,0.8
3.894000053,-4.061649088,14.52631579,0.8
3.903000116,-4.360190304,14.52631579,0.8
3.911999941,-4.689017676,14.52631579,0.8
3.921000004,-5.051021258,14.52631579,0.8
3.930000067,-5.44918104,14.52631579,0.8
3.938999891,-5.886419487,14.52631579,0.8
3.947999954,-6.365370998,14.52631579,0.8
3.957000017,-6.887946541,14.52631579,0.8
3.96600008,-7.454624046,14.52631579,0.8
3.974999905,-8.063274932,14.52631579,0.8
3.983999968,-8.707297776,14.52631579,0.8
3.993000031,-9.372839108,14.52631579,0.8
4.001999855,-10.03510651,14.52631579,0.8
4.011000156,-10.65463979,14.52631579,0.8
4.019999981,-11.17627402,14.52631579,0.8
4.028999805,-11.5357487,14.52631579,0.8
4.038000107,-11.67752771,14.52631579,0.8
4.046999931,-11.57804081,14.52631579,0.8
4.056000233,-11.25757201,14.52631579,0.8
4.065000057,-10.77004236,14.52631579,0.8
4.073999882,-10.17997906,14.52631579,0.8
4.083000183,-9.54379942,14.52631579,0.8
4.092000008,-8.902323666,14.52631579,0.8
4.100999832,-8.28137541,14.52631579,0.8
4.110000134,-7.695406827,14.52631579,0.8
4.118999958,-7.151267136,14.52631579,0.8
4.127999783,-6.65106696,14.52631579,0.8
4.137000084,-6.194124548,14.52631579,0.8
4.145999908,-5.778215343,14.52631579,0.8
4.15500021,-5.4003351,14.52631579,0.8
4.164000034,-5.057154901,14.52631579,0.8
4.172999859,-4.745306001,14.52631579,0.8
4.18200016,-4.461539821,14.52631579,0.8
4.190999985,-4.202816336,14.52631579,0.8
4.199999809,-3.966354139,14.52631579,0.8
4.209000111,-3.749650601,14.52631579,0.8
4.217999935,-3.550486418,14.52631579,0.8
4.227000237,-3.366920073,14.52631579,0.8
4.236000061,-3.197274221,14.52631579,0.8
4.244999886,-3.040112129,14.52631579,0.8
4.254000187,-2.894221968,14.52631579,0.8
4.263000011,-2.758584977,14.52631579,0.8
4.271999836,-2.632358468,14.52631579,0.8
4.281000137,-2.5148342,14.52631579,0.8
4.289999962,-2.405429961,14.52631579,0.8
4.298999786,-2.303649262,14.52631579,0.8
4.308000088,-2.209067344,14.52631579,0.8
4.316999912,-2.121305453,14.52631579,0.8
4.326000214,-2.040016646,14.52631579,0.8
4.335000038,-1.964864603,14.52631579,0.8
4.343999863,-1.895515901,14.52631579,0.8
4.353000164,-1.831632506,14.52631579,0.8
4.361999989,-1.77286352,14.52631579,0.8
4.370999813,-1.718845872,14.52631579,0.8
4.380000114,-1.669202266,14.52631579,0.8
4.388999939,-1.623543926,14.52631579,0.8
4.397999763,-1.581476144,14.52631579,0.8
4.407000065,-1.542608556,14.52631579,0.8
4.415999889,-1.506555889,14.52631579,0.8
4.425000191,-1.472950213,14.52631579,0.8
4.434000015,-1.441449302,14.52631579,0.8
4.44299984,-1.411745161,14.52631579,0.8
4.452000141,-1.383562423,14.52631579,0.8
4.460999966,-1.356679335,14.52631579,0.8
4.46999979,-1.330914789,14.52631579,0.8
4.479000092,-1.30614117,14.52631579,0.8
4.487999916,-1.282276895,14.52631579,0.8
4.497000217,-1.259284165,14.52631579,0.8
4.506000042,-1.237167321,14.52631579,0.8
4.514999866,-1.215957642,14.52631579,0.8
4.524000168,-1.19571314,14.52631579,0.8
4.532999992,-1.17650334,14.52631579,0.8
4.541999817,-1.158396933,14.52631579,0.8
4.551000118,-1.141463381,14.52631579,0.8
4.559999943,-1.125748663,14.52631579,0.8
4.568999767,-1.111279866,14.52631579,0.8
4.578000069,-1.098047868,14.52631579,0.8
4.586999893,-1.086015184,14.52631579,0.8
4.596000195,-1.075104993,14.52631579,0.8
4.605000019,-1.065201019,14.52631579,0.8
4.613999844,-1.056155967,14.52631579,0.8
4.623000145,-1.047790069,14.52631579,0.8
4.631999969,-1.039905113,14.52631579,0.8
4.640999794,-1.032282695,14.52631579,0.8
4.650000095,-1.024702387,14.52631579,0.8
4.65899992,-1.016949551,14.52631579,0.8
4.668000221,-1.008823471,14.52631579,0.8
4.677000046,-1.000153619,14.52631579,0.8
4.68599987,-0.990802519,14.52631579,0.8
4.695000172,-0.980678141,14.52631579,0.8
4.703999996,-0.969740566,14.52631579,0.8
4.712999821,-0.957996444,14.52631579,0.8
4.722000122,-0.945510399,14.52631579,0.8
4.730999947,-0.932392823,14.52631579,0.8
4.739999771,-0.918801442,14.52631579,0.8
4.749000072,-0.904927402,14.52631579,0.8
4.757999897,-0.890989291,14.52631579,0.8
4.767000198,-0.877219787,14.52631579,0.8
4.776000023,-0.863854963,14.52631579,0.8
4.784999847,-0.851122786,14.52631579,0.8
4.794000149,-0.839229023,14.52631579,0.8
4.802999973,-0.828350293,14.52631579,0.8
4.811999798,-0.818626357,14.52631579,0.8
4.821000099,-0.810148928,14.52631579,0.8
4.829999924,-0.802960755,14.52631579,0.8
4.839000225,-0.797056735,14.52631579,0.8
4.84800005,-0.792376774,14.52631579,0.8
4.856999874,-0.788813521,14.52631579,0.8
4.866000175,-0.786220131,14.52631579,0.8
4.875,-0.784412043,14.52631579,0.8
4.883999825,-0.783177796,14.52631579,0.8
4.893000126,-0.782293376,14.52631579,0.8
4.90199995,-0.781529624,14.52631579,0.8
4.910999775,-0.780664267,14.52631579,0.8
4.920000076,-0.779497668,14.52631579,0.8
4.928999901,-0.777858107,14.52631579,0.8
4.938000202,-0.775616257,14.52631579,0.8
4.947000027,-0.77268975,14.52631579,0.8
4.955999851,-0.7690445,14.52631579,0.8
4.965000153,-0.764702158,14.52631579,0.8
4.973999977,-0.75973547,14.52631579,0.8
4.982999802,-0.754264343,14.52631579,0.8
4.992000103,-0.74844363,14.52631579,0.8
5.000999928,-0.742463977,14.52631579,0.8
5.010000229,-0.736532983,14.52631579,0.8
5.019000053,-0.730863102,14.52631579,0.8
5.027999878,-0.725663782,14.52631579,0.8
5.037000179,-0.721127585,14.52631579,0.8
5.046000004,-0.717419488,14.52631579,0.8
5.054999828,-0.71466446,14.52631579,0.8
5.06400013,-0.7129494,14.52631579,0.8
5.072999954,-0.712306797,14.52631579,0.8
5.081999779,-0.712720805,14.52631579,0.8
5.09100008,-0.714122773,14.52631579,0.8
5.099999905,-0.716397745,14.52631579,0.8
5.109000206,-0.719386706,14.52631579,0.8
5.118000031,-0.722896122,14.52631579,0.8
5.126999855,-0.726707869,14.52631579,0.8
5.136000156,-0.730592939,14.52631579,0.8
5.144999981,-0.734319785,14.52631579,0.8
5.153999805,-0.737671489,14.52631579,0.8
5.163000107,-0.740455787,14.52631579,0.8
5.171999931,-0.742520019,14.52631579,0.8
5.181000233,-0.743756173,14.52631579,0.8
5.190000057,-0.744111871,14.52631579,0.8
5.198999882,-0.743593746,14.52631579,0.8
5.208000183,-0.742263838,14.52631579,0.8
5.217000008,-0.740240496,14.52631579,0.8
5.225999832,-0.737694194,14.52631579,0.8
5.235000134,-0.734830607,14.52631579,0.8
5.243999958,-0.731886526,14.52631579,0.8
5.252999783,-0.72911262,14.52631579,0.8
5.262000084,-0.726762486,14.52631579,0.8
5.270999908,-0.725076737,14.52631579,0.8
5.28000021,-0.724268573,14.52631579,0.8
5.289000034,-0.724512935,14.52631579,0.8
5.297999859,-0.725939477,14.52631579,0.8
5.30700016,-0.728619103,14.52631579,0.8
5.315999985,-0.732564295,14.52631579,0.8
5.324999809,-0.737724231,14.52631579,0.8
5.334000111,-0.743985284,14.52631579,0.8
5.342999935,-0.751178521,14.52631579,0.8
5.352000237,-0.75908739,14.52631579,0.8
5.361000061,-0.76745562,14.52631579,0.8
5.369999886,-0.77600316,14.52631579,0.8
5.379000187,-0.784441928,14.52631579,0.8
5.388000011,-0.792491979,14.52631579,0.8
5.396999836,-0.799898135,14.52631579,0.8
5.406000137,-0.806446399,14.52631579,0.8
5.414999962,-0.811976549,14.52631579,0.8
5.423999786,-0.816398318,14.52631579,0.8
5.433000088,-0.81969138,14.52631579,0.8
5.441999912,-0.821916124,14.52631579,0.8
5.451000214,-0.823207689,14.52631579,0.8
5.460000038,-0.82377082,14.52631579,0.8
5.468999863,-0.823870931,14.52631579,0.8
5.478000164,-0.823817916,14.52631579,0.8
5.486999989,-0.823954191,14.52631579,0.8
5.495999813,-0.824632564,14.52631579,0.8
5.505000114,-0.826199555,14.52631579,0.8
5.513999939,-0.828975347,14.52631579,0.8
5.522999763,-0.833236914,14.52631579,0.8
5.532000065,-0.839204637,14.52631579,0.8
5.540999889,-0.847025305,14.52631579,0.8
5.550000191,-0.856765043,14.52631579,0.8
5.559000015,-0.868400981,14.52631579,0.8
5.56799984,-0.881825857,14.52631579,0.8
5.577000141,-0.896840325,14.52631579,0.8
5.585999966,-0.913171032,14.52631579,0.8
5.59499979,-0.930478934,14.52631579,0.8
5.604000092,-0.948377421,14.52631579,0.8
5.612999916,-0.966451378,14.52631579,0.8
5.622000217,-0.984286035,14.52631579,0.8
5.631000042,-1.00148912,14.52631579,0.8
5.639999866,-1.017718285,14.52631579,0.8
5.649000168,-1.032710411,14.52631579,0.8
5.657999992,-1.046293248,14.52631579,0.8
5.666999817,-1.05841154,14.52631579,0.8
5.676000118,-1.069132806,14.52631579,0.8
5.684999943,-1.078649422,14.52631579,0.8
5.693999767,-1.087277064,14.52631579,0.8
5.703000069,-1.095440599,14.52631579,0.8
5.711999893,-1.103661615,14.52631579,0.8
5.721000195,-1.112528224,14.52631579,0.8
5.730000019,-1.122675283,14.52631579,0.8
5.738999844,-1.134752037,14.52631579,0.8
5.748000145,-1.14939363,14.52631579,0.8
5.756999969,-1.167187531,14.52631579,0.8
5.765999794,-1.188650578,14.52631579,0.8
5.775000095,-1.214205426,14.52631579,0.8
5.78399992,-1.244148732,14.52631579,0.8
5.793000221,-1.278644883,14.52631579,0.8
5.802000046,-1.317709545,14.52631579,0.8
5.81099987,-1.361206882,14.52631579,0.8
5.820000172,-1.408854016,14.52631579,0.8
5.828999996,-1.460234301,14.52631579,0.8
5.837999821,-1.514826673,14.52631579,0.8
5.847000122,-1.572034759,14.52631579,0.8
5.855999947,-1.631231259,14.52631579,0.8
5.864999771,-1.691818312,14.52631579,0.8
5.874000072,-1.753283059,14.52631579,0.8
5.882999897,-1.815257114,14.52631579,0.8
5.892000198,-1.87758966,14.52631579,0.8
5.901000023,-1.940389317,14.52631579,0.8
5.909999847,-2.004093114,14.52631579,0.8
5.919000149,-2.069486416,14.52631579,0.8
5.927999973,-2.137735183,14.52631579,0.8
5.936999798,-2.210399498,14.52631579,0.8
5.946000099,-2.289425291,14.52631579,0.8
5.954999924,-2.377141603,14.52631579,0.8
5.964000225,-2.47623473,14.52631579,0.8
5.97300005,-2.589732466,14.52631579,0.8
5.981999874,-2.720975207,14.52631579,0.8
5.991000175,-2.873598557,14.52631579,0.8
6,-3.051509348,14.52631579,0.8
6.008999825,-3.258869522,14.52631579,0.8
6.018000126,-3.500084715,14.52631579,0.8
6.02699995,-3.779788466,14.52631579,0.8
6.035999775,-4.102829391,14.52631579,0.8
6.045000076,-4.474260718,14.52631579,0.8
6.053999901,-4.899303215,14.52631579,0.8
6.063000202,-5.383284887,14.52631579,0.8
6.072000027,-5.931517862,14.52631579,0.8
6.080999851,-6.549020249,14.52631579,0.8
6.090000153,-7.239971977,14.52631579,0.8
6.098999977,-8.006616515,14.52631579,0.8
6.107999802,-8.847110785,14.52631579,0.8
6.117000103,-9.751461017,14.52631579,0.8
6.125999928,-10.69435597,14.52631579,0.8
6.135000229,-11.62409106,14.52631579,0.8
6.144000053,-12.45072082,14.52631579,0.8
6.152999878,-13.04740957,14.52631579,0.8
6.162000179,-13.28891501,14.52631579,0.8
6.171000004,-13.12347946,14.52631579,0.8
6.179999828,-12.61040481,14.52631579,0.8
6.18900013,-11.8757486,14.52631579,0.8
6.197999954,-11.04163611,14.52631579,0.8
6.206999779,-10.19214641,14.52631579,0.8
6.21600008,-9.374302859,14.52631579,0.8
6.224999905,-8.610273918,14.52631579,0.8
6.234000206,-7.908136079,14.52631579,0.8
6.243000031,-7.268736257,14.52631579,0.8
6.251999855,-6.689521849,14.52631579,0.8
6.261000156,-6.166556504,14.52631579,0.8
6.269999981,-5.695531032,14.52631579,0.8
6.278999805,-5.272238857,14.52631579,0.8
6.288000107,-4.892780215,14.52631579,0.8
6.296999931,-4.553622007,14.52631579,0.8
6.306000233,-4.251591024,14.52631579,0.8
6.315000057,-3.98382805,14.52631579,0.8
6.323999882,-3.747735884,14.52631579,0.8
6.333000183,-3.540905989,14.52631579,0.8
6.342000008,-3.361076981,14.52631579,0.8
6.350999832,-3.206059943,14.52631579,0.8
6.360000134,-3.073707686,14.52631579,0.8
6.368999958,-2.961868301,14.52631579,0.8
6.377999783,-2.868362825,14.52631579,0.8
6.387000084,-2.790980777,14.52631579,0.8
6.395999908,-2.727478197,14.52631579,0.8
6.40500021,-2.675593773,14.52631579,0.8
6.414000034,-2.633093301,14.52631579,0.8
6.422999859,-2.597805084,14.52631579,0.8
6.43200016,-2.567674019,14.52631579,0.8
6.440999985,-2.540823825,14.52631579,0.8
6.449999809,-2.515606112,14.52631579,0.8
6.459000111,-2.490659783,14.52631579,0.8
6.467999935,-2.464932429,14.52631579,0.8
6.477000237,-2.43771408,14.52631579,0.8
6.486000061,-2.408631737,14.52631579,0.8
6.494999886,-2.377640027,14.52631579,0.8
6.504000187,-2.344984471,14.52631579,0.8
6.513000011,-2.31115673,14.52631579,0.8
6.521999836,-2.276840243,14.52631579,0.8
6.531000137,-2.242848013,14.52631579,0.8
6.539999962,-2.210065208,14.52631579,0.8
6.548999786,-2.179378699,14.52631579,0.8
6.558000088,-2.151632986,14.52631579,0.8
6.566999912,-2.127576386,14.52631579,0.8
6.576000214,-2.10781978,14.52631579,0.8
6.585000038,-2.092807825,14.52631579,0.8
6.593999863,-2.082795128,14.52631579,0.8
6.603000164,-2.077833059,14.52631579,0.8
6.611999989,-2.077768077,14.52631579,0.8
6.620999813,-2.082254642,14.52631579,0.8
6.630000114,-2.090753068,14.52631579,0.8
6.638999939,-2.102576927,14.52631579,0.8
6.647999763,-2.116915788,14.52631579,0.8
6.657000065,-2.132875089,14.52631579,0.8
6.665999889,-2.149527583,14.52631579,0.8
6.675000191,-2.165955731,14.52631579,0.8
6.684000015,-2.18130289,14.52631579,0.8
6.69299984,-2.194820617,14.52631579,0.8
6.702000141,-2.205904395,14.52631579,0.8
6.710999966,-2.214125706,14.52631579,0.8
6.71999979,-2.219249415,14.52631579,0.8
6.729000092,-2.221246194,14.52631579,0.8
6.737999916,-2.220283452,14.52631579,0.8
6.747000217,-2.216710758,14.52631579,0.8
6.756000042,-2.211028319,14.52631579,0.8
6.764999866,-2.203862318,14.52631579,0.8
6.774000168,-2.195915774,14.52631579,0.8
6.782999992,-2.187929275,14.52631579,0.8
6.791999817,-2.180637612,14.52631579,0.8
6.801000118,-2.17472939,14.52631579,0.8
6.809999943,-2.170808041,14.52631579,0.8
6.818999767,-2.169364995,14.52631579,0.8
6.828000069,-2.170752007,14.52631579,0.8
6.836999893,-2.175172827,14.52631579,0.8
6.846000195,-2.182654787,14.52631579,0.8
6.855000019,-2.193080195,14.52631579,0.8
6.863999844,-2.206165919,14.52631579,0.8
6.873000145,-2.221493591,14.52631579,0.8
6.881999969,-2.23852822,14.52631579,0.8
6.890999794,-2.256651386,14.52631579,0.8
6.900000095,-2.275190957,14.52631579,0.8
6.90899992,-2.293455555,14.52631579,0.8
6.918000221,-2.310778551,14.52631579,0.8
6.927000046,-2.32654568,14.52631579,0.8
6.93599987,-2.34023919,14.52631579,0.8
6.945000172,-2.351459908,14.52631579,0.8
6.953999996,-2.359944916,14.52631579,0.8
6.962999821,-2.365586018,14.52631579,0.8
6.972000122,-2.368431413,14.52631579,0.8
6.980999947,-2.368681239,14.52631579,0.8
6.989999771,-2.366669821,14.52631579,0.8
6.999000072,-2.362842871,14.52631579,0.8
7.007999897,-2.357739074,14.52631579,0.8
7.017000198,-2.351941713,14.52631579,0.8
7.026000023,-2.346061435,14.52631579,0.8
7.034999847,-2.340686725,14.52631579,0.8
7.044000149,-2.33636207,14.52631579,0.8
7.052999973,-2.333561772,14.52631579,0.8
7.061999798,-2.332652767,14.52631579,0.8
7.071000099,-2.333893261,14.52631579,0.8
7.079999924,-2.337409328,14.52631579,0.8
7.089000225,-2.343202047,14.52631579,0.8
7.09800005,-2.351138101,14.52631579,0.8
7.106999874,-2.360970625,14.52631579,0.8
7.116000175,-2.372344445,14.52631579,0.8
7.125,-2.384822586,14.52631579,0.8
7.133999825,-2.397907243,14.52631579,0.8
7.143000126,-2.411068286,14.52631579,0.8
7.15199995,-2.423771427,14.52631579,0.8
7.160999775,-2.43550732,14.52631579,0.8
7.170000076,-2.445821861,14.52631579,0.8
7.178999901,-2.45433823,14.52631579,0.8
7.188000202,-2.46077633,14.52631579,0.8
7.197000027,-2.464973818,14.52631579,0.8
7.205999851,-2.46688867,14.52631579,0.8
7.215000153,-2.466599953,14.52631579,0.8
7.223999977,-2.464308314,14.52631579,0.8
7.232999802,-2.460318138,14.52631579,0.8
7.242000103,-2.455020106,14.52631579,0.8
7.250999928,-2.448867054,14.52631579,0.8
7.260000229,-2.442353561,14.52631579,0.8
7.269000053,-2.435981449,14.52631579,0.8
7.277999878,-2.430238851,14.52631579,0.8
7.287000179,-2.425569784,14.52631579,0.8
7.296000004,-2.422360624,14.52631579,0.8
7.304999828,-2.420909302,14.52631579,0.8
7.31400013,-2.421426573,14.52631579,0.8
7.322999954,-2.424018514,14.52631579,0.8
7.331999779,-2.428686779,14.52631579,0.8
7.34100008,-2.435333628,14.52631579,0.8
7.349999905,-2.443762464,14.52631579,0.8
7.359000206,-2.453704111,14.52631579,0.8
7.368000031,-2.464817579,14.52631579,0.8
7.376999855,-2.47671585,14.52631579,0.8
7.386000156,-2.488991815,14.52631579,0.8
7.394999981,-2.501230828,14.52631579,0.8
7.403999805,-2.513041798,14.52631579,0.8
7.413000107,-2.52407707,14.52631579,0.8
7.421999931,-2.534053198,14.52631579,0.8
7.431000233,-2.542760108,14.52631579,0.8
7.440000057,-2.5500878,14.52631579,0.8
7.448999882,-2.556018742,14.52631579,0.8
7.458000183,-2.560640339,14.52631579,0.8
7.467000008,-2.56413687,14.52631579,0.8
7.475999832,-2.566782994,14.52631579,0.8
7.485000134,-2.568926242,14.52631579,0.8
7.493999958,-2.570974786,14.52631579,0.8
7.502999783,-2.5733736,14.52631579,0.8
7.512000084,-2.576585649,14.52631579,0.8
7.520999908,-2.581068734,14.52631579,0.8
7.53000021,-2.58725674,14.52631579,0.8
7.539000034,-2.595540078,14.52631579,0.8
7.547999859,-2.60625263,14.52631579,0.8
7.55700016,-2.619653577,14.52631579,0.8
7.565999985,-2.635934291,14.52631579,0.8
7.574999809,-2.655195627,14.52631579,0.8
7.584000111,-2.677467523,14.52631579,0.8
7.592999935,-2.702698321,14.52631579,0.8
7.602000237,-2.730773729,14.52631579,0.8
7.611000061,-2.761522186,14.52631579,0.8
7.619999886,-2.794734095,14.52631579,0.8
7.629000187,-2.830174248,14.52631579,0.8
7.638000011,-2.867605383,14.52631579,0.8
7.646999836,-2.906803304,14.52631579,0.8
7.656000137,-2.947584161,14.52631579,0.8
7.664999962,-2.989816627,14.52631579,0.8
7.673999786,-3.033446209,14.52631579,0.8
7.683000088,-3.078507423,14.52631579,0.8
7.691999912,-3.12514371,14.52631579,0.8
7.701000214,-3.173605992,14.52631579,0.8
7.710000038,-3.22427156,14.52631579,0.8
7.718999863,-3.27763579,14.52631579,0.8
7.728000164,-3.334312132,14.52631579,0.8
7.736999989,-3.395028652,14.52631579,0.8
7.745999813,-3.460614706,14.52631579,0.8
7.755000114,-3.531995198,14.52631579,0.8
7.763999939,-3.610170849,14.52631579,0.8
7.772999763,-3.696217213,14.52631579,0.8
7.782000065,-3.791268457,14.52631579,0.8
7.790999889,-3.896509678,14.52631579,0.8
7.800000191,-4.013174506,14.52631579,0.8
7.809000015,-4.142542265,14.52631579,0.8
7.81799984,-4.285942955,14.52631579,0.8
7.827000141,-4.44475919,14.52631579,0.8
7.835999966,-4.620439651,14.52631579,0.8
7.84499979,-4.81451268,14.52631579,0.8
7.854000092,-5.02860198,14.52631579,0.8
7.862999916,-5.264440306,14.52631579,0.8
7.872000217,-5.523904315,14.52631579,0.8
7.881000042,-5.809024053,14.52631579,0.8
7.889999866,-6.122004196,14.52631579,0.8
7.899000168,-6.465252065,14.52631579,0.8
7.907999992,-6.841371009,14.52631579,0.8
7.916999817,-7.253159697,14.52631579,0.8
7.926000118,-7.703565562,14.52631579,0.8
7.934999943,-8.195582942,14.52631579,0.8
7.943999767,-8.732039128,14.52631579,0.8
7.953000069,-9.315210488,14.52631579,0.8
7.961999893,-9.94609805,14.52631579,0.8
7.971000195,-10.62317462,14.52631579,0.8
7.980000019,-11.34024787,14.52631579,0.8
7.988999844,-12.08300507,14.52631579,0.8
7.998000145,-12.82398201,14.52631579,0.8
8.006999969,-13.51672746,14.52631579,0.8
8.015999794,-14.0928159,14.52631579,0.8
8.024999619,-14.46961628,14.52631579,0.8
8.034000397,-14.57597769,14.52631579,0.8
8.043000221,-14.38675673,14.52631579,0.8
8.052000046,-13.93768379,14.52631579,0.8
8.06099987,-13.30511231,14.52631579,0.8
8.069999695,-12.57126447,14.52631579,0.8
8.079000473,-11.80159186,14.52631579,0.8
8.088000298,-11.0394753,14.52631579,0.8
8.097000122,-10.31013768,14.52631579,0.8
8.105999947,-9.626476009,14.52631579,0.8
8.114999771,-8.99383119,14.52631579,0.8
8.123999596,-8.413183114,14.52631579,0.8
8.133000374,-7.883118683,14.52631579,0.8
8.142000198,-7.400982986,14.52631579,0.8
8.151000023,-6.963536938,14.52631579,0.8
8.159999847,-6.567330868,14.52631579,0.8
8.168999672,-6.208902475,14.52631579,0.8
8.17800045,-5.884895038,14.52631579,0.8
8.187000275,-5.592103696,14.52631579,0.8
8.196000099,-5.327506626,14.52631579,0.8
8.204999924,-5.08827747,14.52631579,0.8
8.213999748,-4.871783599,14.52631579,0.8
8.222999573,-4.675590561,14.52631579,0.8
8.232000351,-4.497448016,14.52631579,0.8
8.241000175,-4.335298634,14.52631579,0.8
8.25,-4.187261525,14.52631579,0.8
8.258999825,-4.051641699,14.52631579,0.8
8.267999649,-3.926911383,14.52631579,0.8
8.277000427,-3.811720803,14.52631579,0.8
8.286000252,-3.704879136,14.52631579,0.8
8.295000076,-3.605362063,14.52631579,0.8
8.303999901,-3.51229461,14.52631579,0.8
8.312999725,-3.424950277,14.52631579,0.8
8.32199955,-3.342733895,14.52631579,0.8
8.331000328,-3.265175362,14.52631579,0.8
8.340000153,-3.191912831,14.52631579,0.8
8.348999977,-3.122679672,14.52631579,0.8
8.357999802,-3.057287668,14.52631579,0.8
8.366999626,-2.995611496,14.52631579,0.8
8.376000404,-2.937573365,14.52631579,0.8
8.385000229,-2.883124863,14.52631579,0.8
8.394000053,-2.832240537,14.52631579,0.8
8.402999878,-2.784892613,14.52631579,0.8
8.411999702,-2.741049807,14.52631579,0.8
8.420999527,-2.700666757,14.52631579,0.8
8.430000305,-2.663672142,14.52631579,0.8
8.43900013,-2.629970861,14.52631579,0.8
8.447999954,-2.599436041,14.52631579,0.8
8.456999779,-2.571911452,14.52631579,0.8
8.465999603,-2.547210328,14.52631579,0.8
8.475000381,-2.525123388,14.52631579,0.8
8.484000206,-2.50541576,14.52631579,0.8
8.493000031,-2.487844692,14.52631579,0.8
8.501999855,-2.472151642,14.52631579,0.8
8.51099968,-2.458085374,14.52631579,0.8
8.520000458,-2.445396651,14.52631579,0.8
8.529000282,-2.433854577,14.52631579,0.8
8.538000107,-2.423252776,14.52631579,0.8
8.546999931,-2.413407802,14.52631579,0.8
8.555999756,-2.404180132,14.52631579,0.8
8.56499958,-2.395461909,14.52631579,0.8
8.574000359,-2.387188956,14.52631579,0.8
8.583000183,-2.379339071,14.52631579,0.8
8.592000008,-2.371927018,14.52631579,0.8
8.600999832,-2.365005784,14.52631579,0.8
8.609999657,-2.358660785,14.52631579,0.8
8.619000435,-2.352998339,14.52631579,0.8
8.628000259,-2.348150736,14.52631579,0.8
8.637000084,-2.344251362,14.52631579,0.8
8.645999908,-2.341444281,14.52631579,0.8
8.654999733,-2.33986087,14.52631579,0.8
8.663999557,-2.339627572,14.52631579,0.8
8.673000336,-2.340847326,14.52631579,0.8
8.68200016,-2.34360044,14.52631579,0.8
8.690999985,-2.347941332,14.52631579,0.8
8.699999809,-2.353894546,14.52631579,0.8
8.708999634,-2.361452605,14.52631579,0.8
8.718000412,-2.370581087,14.52631579,0.8
8.727000237,-2.381217956,14.52631579,0.8
8.736000061,-2.39327575,14.52631579,0.8
8.744999886,-2.406652366,14.52631579,0.8
8.75399971,-2.421230924,14.52631579,0.8
8.762999535,-2.436888186,14.52631579,0.8
8.772000313,-2.453502793,14.52631579,0.8
8.781000137,-2.470961813,14.52631579,0.8
8.789999962,-2.489164178,14.52631579,0.8
8.798999786,-2.508033843,14.52631579,0.8
8.807999611,-2.527520358,14.52631579,0.8
8.817000389,-2.547599827,14.52631579,0.8
8.826000214,-2.568284792,14.52631579,0.8
8.835000038,-2.589619585,14.52631579,0.8
8.843999863,-2.611681323,14.52631579,0.8
8.852999687,-2.634578124,14.52631579,0.8
8.862000465,-2.658443201,14.52631579,0.8
8.87100029,-2.683433257,14.52631579,0.8
8.880000114,-2.709719505,14.52631579,0.8
8.888999939,-2.737483253,14.52631579,0.8
8.897999763,-2.766906842,14.52631579,0.8
8.906999588,-2.798168312,14.52631579,0.8
8.916000366,-2.831438391,14.52631579,0.8
8.925000191,-2.866867148,14.52631579,0.8
8.934000015,-2.904588161,14.52631579,0.8
8.94299984,-2.94470941,14.52631579,0.8
8.951999664,-2.987315278,14.52631579,0.8
8.961000443,-3.032462047,14.52631579,0.8
8.970000267,-3.080180016,14.52631579,0.8
8.979000092,-3.130479416,14.52631579,0.8
8.987999916,-3.183349538,14.52631579,0.8
8.996999741,-3.238763498,14.52631579,0.8
9.005999565,-3.296686779,14.52631579,0.8
9.015000343,-3.357077785,14.52631579,0.8
9.024000168,-3.419901488,14.52631579,0.8
9.032999992,-3.485129375,14.52631579,0.8
9.041999817,-3.552744794,14.52631579,0.8
9.050999641,-3.622755161,14.52631579,0.8
9.06000042,-3.695185985,14.52631579,0.8
9.069000244,-3.770089668,14.52631579,0.8
9.078000069,-3.847544334,14.52631579,0.8
9.086999893,-3.92764849,14.52631579,0.8
9.095999718,-4.01052791,14.52631579,0.8
9.104999542,-4.096318982,14.52631579,0.8
9.11400032,-4.185171681,14.52631579,0.8
9.123000145,-4.277239932,14.52631579,0.8
9.131999969,-4.372669037,14.52631579,0.8
9.140999794,-4.471595959,14.52631579,0.8
9.149999619,-4.574137534,14.52631579,0.8
9.159000397,-4.680379221,14.52631579,0.8
9.168000221,-4.790378839,14.52631579,0.8
9.177000046,-4.904150895,14.52631579,0.8
9.18599987,-5.02167543,14.52631579,0.8
9.194999695,-5.14289498,14.52631579,0.8
9.204000473,-5.267714533,14.52631579,0.8
9.213000298,-5.396012876,14.52631579,0.8
9.222000122,-5.527648788,14.52631579,0.8
9.230999947,-5.662474229,14.52631579,0.8
9.239999771,-5.800341243,14.52631579,0.8
9.248999596,-5.941122144,14.52631579,0.8
9.258000374,-6.084715474,14.52631579,0.8
9.267000198,-6.231059146,14.52631579,0.8
9.276000023,-6.380128128,14.52631579,0.8
9.284999847,-6.531947382,14.52631579,0.8
9.293999672,-6.686569135,14.52631579,0.8
9.30300045,-6.844067223,14.52631579,0.8
9.312000275,-7.004503116,14.52631579,0.8
9.321000099,-7.16788753,14.52631579,0.8
9.329999924,-7.334133513,14.52631579,0.8
9.338999748,-7.50299598,14.52631579,0.8
9.347999573,-7.673991086,14.52631579,0.8
9.357000351,-7.846323235,14.52631579,0.8
9.366000175,-8.018791918,14.52631579,0.8
9.375,-8.189711773,14.52631579,0.8
9.383999825,-8.356836401,14.52631579,0.8
9.392999649,-8.517302146,14.52631579,0.8
9.402000427,-8.667629492,14.52631579,0.8
9.411000252,-8.803762417,14.52631579,0.8
9.420000076,-8.921219836,14.52631579,0.8
9.428999901,-9.015312703,14.52631579,0.8
9.437999725,-9.08148234,14.52631579,0.8
9.44699955,-9.115692554,14.52631579,0.8
9.456000328,-9.114853743,14.52631579,0.8
9.465000153,-9.077195463,14.52631579,0.8
9.473999977,-9.002511665,14.52631579,0.8
9.482999802,-8.892237755,14.52631579,0.8
9.491999626,-8.74931839,14.52631579,0.8
9.501000404,-8.577923496,14.52631579,0.8
9.510000229,-8.383042016,14.52631579,0.8
9.519000053,-8.17006232,14.52631579,0.8
9.527999878,-7.944380786,14.52631579,0.8
9.536999702,-7.711092141,14.52631579,0.8
9.545999527,-7.474773827,14.52631579,0.8
9.555000305,-7.239365686,14.52631579,0.8
9.56400013,-7.008133903,14.52631579,0.8
9.572999954,-6.783667824,14.52631579,0.8
9.581999779,-6.567936938,14.52631579,0.8
9.590999603,-6.362354254,14.52631579,0.8
9.600000381,-6.167849246,14.52631579,0.8
9.609000206,-5.98494038,14.52631579,0.8
9.618000031,-5.813807821,14.52631579,0.8
9.626999855,-5.654352074,14.52631579,0.8
9.63599968,-5.506251344,14.52631579,0.8
9.645000458,-5.369012656,14.52631579,0.8
9.654000282,-5.24201085,14.52631579,0.8
9.663000107,-5.12453066,14.52631579,0.8
9.671999931,-5.015800434,14.52631579,0.8
9.680999756,-4.915021322,14.52631579,0.8
9.68999958,-4.821397776,14.52631579,0.8
9.699000359,-4.73416536,14.52631579,0.8
9.708000183,-4.65261297,14.52631579,0.8
9.717000008,-4.57609921,14.52631579,0.8
9.725999832,-4.504077696,14.52631579,0.8
9.734999657,-4.436104711,14.52631579,0.8
9.744000435,-4.37184421,14.52631579,0.8
9.753000259,-4.311078891,14.52631579,0.8
9.762000084,-4.253700702,14.52631579,0.8
9.770999908,-4.199712938,14.52631579,0.8
9.779999733,-4.149210019,14.52631579,0.8
9.788999557,-4.102373381,14.52631579,0.8
9.798000336,-4.059442811,14.52631579,0.8
9.80700016,-4.02071266,14.52631579,0.8
9.815999985,-3.98650058,14.52631579,0.8
9.824999809,-3.95712944,14.52631579,0.8
9.833999634,-3.932920058,14.52631579,0.8
9.843000412,-3.914157913,14.52631579,0.8
9.852000237,-3.901095142,14.52631579,0.8
9.861000061,-3.893923465,14.52631579,0.8
9.869999886,-3.892773899,14.52631579,0.8
9.87899971,-3.897708162,14.52631579,0.8
9.887999535,-3.908709273,14.52631579,0.8
9.897000313,-3.925683699,14.52631579,0.8
9.906000137,-3.948468706,14.52631579,0.8
9.914999962,-3.976828894,14.52631579,0.8
9.923999786,-4.010473523,14.52631579,0.8
9.932999611,-4.049064161,14.52631579,0.8
9.942000389,-4.092234774,14.52631579,0.8
9.951000214,-4.139613767,14.52631579,0.8
9.960000038,-4.190835932,14.52631579,0.8
9.968999863,-4.245576416,14.52631579,0.8
9.977999687,-4.303564666,14.52631579,0.8
9.987000465,-4.364616942,14.52631579,0.8
9.99600029,-4.428646378,14.52631579,0.8
10.00500011,-4.49568257,14.52631579,0.8
10.01399994,-4.565884171,14.52631579,0.8
10.02299976,-4.639544841,14.52631579,0.8
10.03199959,-4.717088391,14.52631579,0.8
10.04100037,-4.799073527,14.52631579,0.8
10.05000019,-4.886166586,14.52631579,0.8
10.05900002,-4.97914814,14.52631579,0.8
10.06799984,-5.078876013,14.52631579,0.8
10.07699966,-5.18626989,14.52631579,0.8
10.08600044,-5.302297814,14.52631579,0.8
10.09500027,-5.427932607,14.52631579,0.8
10.10400009,-5.564151637,14.52631579,0.8
10.11299992,-5.711907781,14.52631579,0.8
10.12199974,-5.8720999,14.52631579,0.8
10.13099957,-6.045571123,14.52631579,0.8
10.14000034,-6.233089663,14.52631579,0.8
10.14900017,-6.435335194,14.52631579,0.8
10.15799999,-6.652911027,14.52631579,0.8
10.16699982,-6.886326222,14.52631579,0.8
10.17599964,-7.136018151,14.52631579,0.8
10.18500042,-7.402360211,14.52631579,0.8
10.19400024,-7.685695558,14.52631579,0.8
10.20300007,-7.986357222,14.52631579,0.8
10.21199989,-8.304723642,14.52631579,0.8
10.22099972,-8.641255944,14.52631579,0.8
10.22999954,-8.996567961,14.52631579,0.8
10.23900032,-9.371485529,14.52631579,0.8
10.24800014,-9.767120769,14.52631579,0.8
10.25699997,-10.18494608,14.52631579,0.8
10.26599979,-10.62687875,14.52631579,0.8
10.27499962,-11.0953601,14.52631579,0.8
10.2840004,-11.59343515,14.52631579,0.8
10.29300022,-12.12483734,14.52631579,0.8
10.30200005,-12.69406316,14.52631579,0.8
10.31099987,-13.30644851,14.52631579,0.8
10.31999969,-13.96819706,14.52631579,0.8
10.32900047,-14.68637197,14.52631579,0.8
10.3380003,-15.46871999,14.52631579,0.8
10.34700012,-16.32316712,14.52631579,0.8
10.35599995,-17.25655928,14.52631579,0.8
10.36499977,-18.27175468,14.52631579,0.8
10.3739996,-19.36126671,14.52631579,0.8
10.38300037,-20.49420859,14.52631579,0.8
10.3920002,-21.59309481,14.52631579,0.8
10.40100002,-22.50681986,14.52631579,0.8
10.40999985,-23.02081334,14.52631579,0.8
10.41899967,-22.96879702,14.52631579,0.8
10.42800045,-22.37769796,14.52631579,0.8
10.43700027,-21.44150323,14.52631579,0.8
10.4460001,-20.36556484,14.52631579,0.8
10.45499992,-19.28186558,14.52631579,0.8
10.46399975,-18.25429628,14.52631579,0.8
10.47299957,-17.3067197,14.52631579,0.8
10.48200035,-16.44355868,14.52631579,0.8
10.49100018,-15.66083214,14.52631579,0.8
10.5,-14.95142763,14.52631579,0.8
1.5,-0.210391366,14.52631579,2
1.508999944,-0.194045413,14.52631579,2
1.518000007,-0.176619281,14.52631579,2
1.52699995,-0.159000466,14.52631579,2
1.536000013,-0.142060538,14.52631579,2
1.544999957,-0.126611066,14.52631579,2
1.55400002,-0.113379801,14.52631579,2
1.562999964,-0.102966184,14.52631579,2
1.572000027,-0.095839592,14.52631579,2
1.58099997,-0.092309669,14.52631579,2
1.590000033,-0.092528134,14.52631579,2
1.598999977,-0.09648486,14.52631579,2
1.60800004,-0.104008722,14.52631579,2
1.616999984,-0.114783412,14.52631579,2
1.626000047,-0.128353209,14.52631579,2
1.63499999,-0.144153287,14.52631579,2
1.644000053,-0.16152291,14.52631579,2
1.652999997,-0.179741322,14.52631579,2
1.661999941,-0.198051788,14.52631579,2
1.671000004,-0.215701014,14.52631579,2
1.679999948,-0.231970591,14.52631579,2
1.68900001,-0.246205857,14.52631579,2
1.697999954,-0.25785605,14.52631579,2
1.707000017,-0.26649347,14.52631579,2
1.715999961,-0.271840735,14.52631579,2
1.725000024,-0.273775984,14.52631579,2
1.733999968,-0.272344836,14.52631579,2
1.743000031,-0.267752733,14.52631579,2
1.751999974,-0.260351231,14.52631579,2
1.761000037,-0.250617808,14.52631579,2
1.769999981,-0.239129618,14.52631579,2
1.779000044,-0.226531241,14.52631579,2
1.787999988,-0.213504339,14.52631579,2
1.797000051,-0.200731366,14.52631579,2
1.805999994,-0.188864046,14.52631579,2
1.815000057,-0.178498777,14.52631579,2
1.824000001,-0.170150139,14.52631579,2
1.832999945,-0.164230637,14.52631579,2
1.842000008,-0.16103845,14.52631579,2
1.850999951,-0.160748385,14.52631579,2
1.860000014,-0.163402645,14.52631579,2
1.868999958,-0.168920624,14.52631579,2
1.878000021,-0.177098723,14.52631579,2
1.886999965,-0.187618705,14.52631579,2
1.896000028,-0.200066897,14.52631579,2
1.904999971,-0.213947794,14.52631579,2
1.914000034,-0.22870921,14.52631579,2
1.922999978,-0.24375923,14.52631579,2
1.932000041,-0.25850121,14.52631579,2
1.940999985,-0.272352948,14.52631579,2
1.950000048,-0.284779466,14.52631579,2
1.958999991,-0.295314208,14.52631579,2
1.968000054,-0.303583379,14.52631579,2
1.976999998,-0.309319803,14.52631579,2
1.985999942,-0.31238402,14.52631579,2
1.995000005,-0.312763361,14.52631579,2
2.003999949,-0.310571523,14.52631579,2
2.013000011,-0.306043531,14.52631579,2
2.022000074,-0.299522182,14.52631579,2
2.030999899,-0.291435371,14.52631579,2
2.039999962,-0.282278302,14.52631579,2
2.049000025,-0.272582927,14.52631579,2
2.058000088,-0.262898278,14.52631579,2
2.066999912,-0.253756803,14.52631579,2
2.075999975,-0.245661088,14.52631579,2
2.085000038,-0.239049827,14.52631579,2
2.094000101,-0.234292938,14.52631579,2
2.102999926,-0.231667445,14.52631579,2
2.111999989,-0.231357711,14.52631579,2
2.121000051,-0.233441876,14.52631579,2
2.130000114,-0.23789214,14.52631579,2
2.138999939,-0.244579633,14.52631579,2
2.148000002,-0.253280589,14.52631579,2
2.157000065,-0.263686113,14.52631579,2
2.165999889,-0.275412211,14.52631579,2
2.174999952,-0.288023357,14.52631579,2
2.184000015,-0.301044626,14.52631579,2
2.193000078,-0.313986133,14.52631579,2
2.201999903,-0.326365017,14.52631579,2
2.210999966,-0.337724496,14.52631579,2
2.220000029,-0.347661188,14.52631579,2
2.229000092,-0.355838701,14.52631579,2
2.237999916,-0.362005085,14.52631579,2
2.246999979,-0.366007132,14.52631579,2
2.256000042,-0.367794357,14.52631579,2
2.265000105,-0.367421507,14.52631579,2
2.273999929,-0.365046477,14.52631579,2
2.282999992,-0.36091969,14.52631579,2
2.292000055,-0.355367785,14.52631579,2
2.301000118,-0.348782497,14.52631579,2
2.309999943,-0.341596755,14.52631579,2
2.319000006,-0.334260838,14.52631579,2
2.328000069,-0.327227318,14.52631579,2
2.336999893,-0.320927403,14.52631579,2
2.345999956,-0.315752746,14.52631579,2
2.355000019,-0.312039,14.52631579,2
2.364000082,-0.310052444,14.52631579,2
2.372999907,-0.309980208,14.52631579,2
2.381999969,-0.311922981,14.52631579,2
2.391000032,-0.315894918,14.52631579,2
2.400000095,-0.321819345,14.52631579,2
2.40899992,-0.329539136,14.52631579,2
2.417999983,-0.338815517,14.52631579,2
2.427000046,-0.3493465,14.52631579,2
2.436000109,-0.360774283,14.52631579,2
2.444999933,-0.372703897,14.52631579,2
2.453999996,-0.384719941,14.52631579,2
2.463000059,-0.396403339,14.52631579,2
2.471999884,-0.407352628,14.52631579,2
2.480999947,-0.417202835,14.52631579,2
2.49000001,-0.425640207,14.52631579,2
2.499000072,-0.432419949,14.52631579,2
2.507999897,-0.437376928,14.52631579,2
2.51699996,-0.440432438,14.52631579,2
2.526000023,-0.441598342,14.52631579,2
2.535000086,-0.440977834,14.52631579,2
2.54399991,-0.438755825,14.52631579,2
2.552999973,-0.435191448,14.52631579,2
2.562000036,-0.430601474,14.52631579,2
2.571000099,-0.425351485,14.52631579,2
2.579999924,-0.419829739,14.52631579,2
2.588999987,-0.414433505,14.52631579,2
2.59800005,-0.409551805,14.52631579,2
2.607000113,-0.405542039,14.52631579,2
2.615999937,-0.402724991,14.52631579,2
2.625,-0.401361373,14.52631579,2
2.634000063,-0.401646863,14.52631579,2
2.642999887,-0.403706684,14.52631579,2
2.65199995,-0.407584775,14.52631579,2
2.661000013,-0.413247656,14.52631579,2
2.670000076,-0.420583836,14.52631579,2
2.678999901,-0.429413788,14.52631579,2
2.687999964,-0.439486818,14.52631579,2
2.697000027,-0.450502839,14.52631579,2
2.70600009,-0.462120381,14.52631579,2
2.714999914,-0.47397349,14.52631579,2
2.723999977,-0.485682766,14.52631579,2
2.73300004,-0.496879788,14.52631579,2
2.742000103,-0.507220335,14.52631579,2
2.750999928,-0.516401146,14.52631579,2
2.75999999,-0.52417421,14.52631579,2
2.769000053,-0.530360107,14.52631579,2
2.778000116,-0.534855158,14.52631579,2
2.786999941,-0.537637567,14.52631579,2
2.796000004,-0.538766533,14.52631579,2
2.805000067,-0.538382642,14.52631579,2
2.813999891,-0.536696028,14.52631579,2
2.822999954,-0.533979454,14.52631579,2
2.832000017,-0.530553035,14.52631579,2
2.84100008,-0.526767461,14.52631579,2
2.849999905,-0.522992994,14.52631579,2
2.858999968,-0.51959659,14.52631579,2
2.868000031,-0.516927706,14.52631579,2
2.877000093,-0.515306153,14.52631579,2
2.885999918,-0.515004728,14.52631579,2
2.894999981,-0.516240454,14.52631579,2
2.904000044,-0.519165289,14.52631579,2
2.913000107,-0.523859486,14.52631579,2
2.921999931,-0.530330779,14.52631579,2
2.930999994,-0.538512927,14.52631579,2
2.940000057,-0.548268245,14.52631579,2
2.948999882,-0.559393989,14.52631579,2
2.957999945,-0.571630605,14.52631579,2
2.967000008,-0.584674316,14.52631579,2
2.976000071,-0.598188032,14.52631579,2
2.984999895,-0.611817453,14.52631579,2
2.993999958,-0.625204175,14.52631579,2
3.003000021,-0.638012305,14.52631579,2
3.012000084,-0.649929798,14.52631579,2
3.020999908,-0.660694092,14.52631579,2
3.029999971,-0.670102514,14.52631579,2
3.039000034,-0.678022144,14.52631579,2
3.048000097,-0.684396315,14.52631579,2
3.056999922,-0.689247578,14.52631579,2
3.065999985,-0.69267984,14.52631579,2
3.075000048,-0.694870249,14.52631579,2
3.084000111,-0.696063011,14.52631579,2
3.092999935,-0.696555007,14.52631579,2
3.101999998,-0.696688499,14.52631579,2
3.111000061,-0.696827232,14.52631579,2
3.119999886,-0.697349434,14.52631579,2
3.128999949,-0.698622959,14.52631579,2
3.138000011,-0.700996599,14.52631579,2
3.147000074,-0.704782254,14.52631579,2
3.155999899,-0.710239838,14.52631579,2
3.164999962,-0.717576817,14.52631579,2
3.174000025,-0.726928328,14.52631579,2
3.183000088,-0.73835984,14.52631579,2
3.191999912,-0.751861571,14.52631579,2
3.200999975,-0.767352267,14.52631579,2
3.210000038,-0.784676392,14.52631579,2
3.219000101,-0.803621236,14.52631579,2
3.227999926,-0.823913125,14.52631579,2
3.236999989,-0.845241371,14.52631579,2
3.246000051,-0.867262748,14.52631579,2
3.255000114,-0.889626763,14.52631579,2
3.263999939,-0.911983051,14.52631579,2
3.273000002,-0.934006721,14.52631579,2
3.282000065,-0.955410527,14.52631579,2
3.290999889,-0.975962264,14.52631579,2
3.299999952,-0.995497087,14.52631579,2
3.309000015,-1.013930823,14.52631579,2
3.318000078,-1.031262227,14.52631579,2
3.326999903,-1.047582102,14.52631579,2
3.335999966,-1.063066148,14.52631579,2
3.345000029,-1.077971393,14.52631579,2
3.354000092,-1.092631425,14.52631579,2
3.362999916,-1.107438295,14.52631579,2
3.371999979,-1.122833633,14.52631579,2
3.381000042,-1.13928817,14.52631579,2
3.390000105,-1.157285512,14.52631579,2
3.398999929,-1.177309095,14.52631579,2
3.407999992,-1.199822748,14.52631579,2
3.417000055,-1.225255091,14.52631579,2
3.426000118,-1.253989391,14.52631579,2
3.434999943,-1.286350132,14.52631579,2
3.444000006,-1.32259789,14.52631579,2
3.453000069,-1.362919679,14.52631579,2
3.461999893,-1.407432709,14.52631579,2
3.470999956,-1.456177496,14.52631579,2
3.480000019,-1.50913085,14.52631579,2
3.489000082,-1.56620784,14.52631579,2
3.497999907,-1.627275409,14.52631579,2
3.506999969,-1.692166885,14.52631579,2
3.516000032,-1.760699135,14.52631579,2
3.525000095,-1.832693215,14.52631579,2
3.53399992,-1.907996069,14.52631579,2
3.542999983,-1.9865045,14.52631579,2
3.552000046,-2.06818954,14.52631579,2
3.561000109,-2.15312183,14.52631579,2
3.569999933,-2.241485813,14.52631579,2
3.578999996,-2.333609783,14.52631579,2
3.588000059,-2.429971895,14.52631579,2
3.596999884,-2.531223776,14.52631579,2
3.605999947,-2.638186474,14.52631579,2
3.61500001,-2.751863402,14.52631579,2
3.624000072,-2.873438833,14.52631579,2
3.632999897,-3.004277243,14.52631579,2
3.64199996,-3.145913659,14.52631579,2
3.651000023,-3.300056348,14.52631579,2
3.660000086,-3.468578472,14.52631579,2
3.66899991,-3.653516351,14.52631579,2
3.677999973,-3.857070366,14.52631579,2
3.687000036,-4.081608674,14.52631579,2
3.696000099,-4.329681595,14.52631579,2
3.704999924,-4.604032678,14.52631579,2
3.713999987,-4.907637184,14.52631579,2
3.72300005,-5.243730067,14.52631579,2
3.732000113,-5.615873585,14.52631579,2
3.740999937,-6.028014123,14.52631579,2
3.75,-6.484589842,14.52631579,2
3.759000063,-6.990644709,14.52631579,2
3.767999887,-7.55199247,14.52631579,2
3.77699995,-8.17540656,14.52631579,2
3.786000013,-8.868863919,14.52631579,2
3.795000076,-9.64180579,14.52631579,2
3.803999901,-10.50538932,14.52631579,2
3.812999964,-11.47253404,14.52631579,2
3.822000027,-12.55733632,14.52631579,2
3.83100009,-13.77257922,14.52631579,2
3.839999914,-15.12202045,14.52631579,2
3.848999977,-16.57914772,14.52631579,2
3.85800004,-18.03622653,14.52631579,2
3.867000103,-19.2205669,14.52631579,2
3.875999928,-19.70423995,14.52631579,2
3.88499999,-19.25450768,14.52631579,2
3.894000053,-18.13198392,14.52631579,2
3.903000116,-16.760228,14.52631579,2
3.911999941,-15.3978916,14.52631579,2
3.921000004,-14.1441381,14.52631579,2
3.930000067,-13.02168738,14.52631579,2
3.938999891,-12.02518977,14.52631579,2
3.947999954,-11.14115054,14.52631579,2
3.957000017,-10.35509651,14.52631579,2
3.96600008,-9.653883945,14.52631579,2
3.974999905,-9.026221977,14.52631579,2
3.983999968,-8.462593204,14.52631579,2
3.993000031,-7.95501298,14.52631579,2
4.001999855,-7.496763687,14.52631579,2
4.011000156,-7.082157717,14.52631579,2
4.019999981,-6.706343776,14.52631579,2
4.028999805,-6.365146194,14.52631579,2
4.038000107,-6.05494478,14.52631579,2
4.046999931,-5.772572244,14.52631579,2
4.056000233,-5.515243212,14.52631579,2
4.065000057,-5.280488279,14.52631579,2
4.073999882,-5.06611,14.52631579,2
4.083000183,-4.870144433,14.52631579,2
4.092000008,-4.690834946,14.52631579,2
4.100999832,-4.526605393,14.52631579,2
4.110000134,-4.376045696,14.52631579,2
4.118999958,-4.237895116,14.52631579,2
4.127999783,-4.111029555,14.52631579,2
4.137000084,-3.994449488,14.52631579,2
4.145999908,-3.887272128,14.52631579,2
4.15500021,-3.788722673,14.52631579,2
4.164000034,-3.698120224,14.52631579,2
4.172999859,-3.614870725,14.52631579,2
4.18200016,-3.538451896,14.52631579,2
4.190999985,-3.468407002,14.52631579,2
4.199999809,-3.404331848,14.52631579,2
4.209000111,-3.345863005,14.52631579,2
4.217999935,-3.292662728,14.52631579,2
4.227000237,-3.244413106,14.52631579,2
4.236000061,-3.200802449,14.52631579,2
4.244999886,-3.161518363,14.52631579,2
4.254000187,-3.126234408,14.52631579,2
4.263000011,-3.09460936,14.52631579,2
4.271999836,-3.066278792,14.52631579,2
4.281000137,-3.040856173,14.52631579,2
4.289999962,-3.017925166,14.52631579,2
4.298999786,-2.997050781,14.52631579,2
4.308000088,-2.977775532,14.52631579,2
4.316999912,-2.95962762,14.52631579,2
4.326000214,-2.942134172,14.52631579,2
4.335000038,-2.924820545,14.52631579,2
4.343999863,-2.907232943,14.52631579,2
4.353000164,-2.888936077,14.52631579,2
4.361999989,-2.869539486,14.52631579,2
4.370999813,-2.848696589,14.52631579,2
4.380000114,-2.826117849,14.52631579,2
4.388999939,-2.801582182,14.52631579,2
4.397999763,-2.774934903,14.52631579,2
4.407000065,-2.746097871,14.52631579,2
4.415999889,-2.715069076,14.52631579,2
4.425000191,-2.681909557,14.52631579,2
4.434000015,-2.646755365,14.52631579,2
4.44299984,-2.609792466,14.52631579,2
4.452000141,-2.571259274,14.52631579,2
4.460999966,-2.531433673,14.52631579,2
4.46999979,-2.490614568,14.52631579,2
4.479000092,-2.449120306,14.52631579,2
4.487999916,-2.40726799,14.52631579,2
4.497000217,-2.365367744,14.52631579,2
4.506000042,-2.323715351,14.52631579,2
4.514999866,-2.282579068,14.52631579,2
4.524000168,-2.242195441,14.52631579,2
4.532999992,-2.202765612,14.52631579,2
4.541999817,-2.164452533,14.52631579,2
4.551000118,-2.127380521,14.52631579,2
4.559999943,-2.091632015,14.52631579,2
4.568999767,-2.05725835,14.52631579,2
4.578000069,-2.02427257,14.52631579,2
4.586999893,-1.992661636,14.52631579,2
4.596000195,-1.962388103,14.52631579,2
4.605000019,-1.933398969,14.52631579,2
4.613999844,-1.905628039,14.52631579,2
4.623000145,-1.879006305,14.52631579,2
4.631999969,-1.853462202,14.52631579,2
4.640999794,-1.828928875,14.52631579,2
4.650000095,-1.805351935,14.52631579,2
4.65899992,-1.782686665,14.52631579,2
4.668000221,-1.760902942,14.52631579,2
4.677000046,-1.739986434,14.52631579,2
4.68599987,-1.719935341,14.52631579,2
4.695000172,-1.700763025,14.52631579,2
4.703999996,-1.682488264,14.52631579,2
4.712999821,-1.665144093,14.52631579,2
4.722000122,-1.648762924,14.52631579,2
4.730999947,-1.633373347,14.52631579,2
4.739999771,-1.619000991,14.52631579,2
4.749000072,-1.605661753,14.52631579,2
4.757999897,-1.593356716,14.52631579,2
4.767000198,-1.582067621,14.52631579,2
4.776000023,-1.571759861,14.52631579,2
4.784999847,-1.56237794,14.52631579,2
4.794000149,-1.55384296,14.52631579,2
4.802999973,-1.546058307,14.52631579,2
4.811999798,-1.538906523,14.52631579,2
4.821000099,-1.532263534,14.52631579,2
4.829999924,-1.52598571,14.52631579,2
4.839000225,-1.519930352,14.52631579,2
4.84800005,-1.513953658,14.52631579,2
4.856999874,-1.507918882,14.52631579,2
4.866000175,-1.501701919,14.52631579,2
4.875,-1.495200225,14.52631579,2
4.883999825,-1.488329464,14.52631579,2
4.893000126,-1.481038948,14.52631579,2
4.90199995,-1.47330529,14.52631579,2
4.910999775,-1.465136885,14.52631579,2
4.920000076,-1.456578514,14.52631579,2
4.928999901,-1.447705061,14.52631579,2
4.938000202,-1.438614948,14.52631579,2
4.947000027,-1.429435272,14.52631579,2
4.955999851,-1.420309949,14.52631579,2
4.965000153,-1.411392189,14.52631579,2
4.973999977,-1.402840342,14.52631579,2
4.982999802,-1.394809508,14.52631579,2
4.992000103,-1.38744496,14.52631579,2
5.000999928,-1.380870228,14.52631579,2
5.010000229,-1.375188156,14.52631579,2
5.019000053,-1.370466041,14.52631579,2
5.027999878,-1.366741968,14.52631579,2
5.037000179,-1.364013432,14.52631579,2
5.046000004,-1.362238822,14.52631579,2
5.054999828,-1.361341488,14.52631579,2
5.06400013,-1.361206609,14.52631579,2
5.072999954,-1.361688655,14.52631579,2
5.081999779,-1.362616153,14.52631579,2
5.09100008,-1.363794969,14.52631579,2
5.099999905,-1.365027732,14.52631579,2
5.109000206,-1.36610666,14.52631579,2
5.118000031,-1.366837631,14.52631579,2
5.126999855,-1.367039327,14.52631579,2
5.136000156,-1.366558031,14.52631579,2
5.144999981,-1.365274672,14.52631579,2
5.153999805,-1.363109081,14.52631579,2
5.163000107,-1.360026193,14.52631579,2
5.171999931,-1.356041826,14.52631579,2
5.181000233,-1.351218597,14.52631579,2
5.190000057,-1.34566635,14.52631579,2
5.198999882,-1.339538863,14.52631579,2
5.208000183,-1.333027078,14.52631579,2
5.217000008,-1.326348457,14.52631579,2
5.225999832,-1.319744406,14.52631579,2
5.235000134,-1.313461278,14.52631579,2
5.243999958,-1.307745985,14.52631579,2
5.252999783,-1.302831563,14.52631579,2
5.262000084,-1.298925774,14.52631579,2
5.270999908,-1.296207533,14.52631579,2
5.28000021,-1.294809543,14.52631579,2
5.289000034,-1.294818814,14.52631579,2
5.297999859,-1.296266457,14.52631579,2
5.30700016,-1.299132962,14.52631579,2
5.315999985,-1.30333724,14.52631579,2
5.324999809,-1.308748635,14.52631579,2
5.334000111,-1.315185603,14.52631579,2
5.342999935,-1.322420592,14.52631579,2
5.352000237,-1.330199166,14.52631579,2
5.361000061,-1.338241207,14.52631579,2
5.369999886,-1.346255372,14.52631579,2
5.379000187,-1.353954285,14.52631579,2
5.388000011,-1.361071411,14.52631579,2
5.396999836,-1.367367406,14.52631579,2
5.406000137,-1.372646177,14.52631579,2
5.414999962,-1.37677256,14.52631579,2
5.423999786,-1.379669299,14.52631579,2
5.433000088,-1.381332866,14.52631579,2
5.441999912,-1.381834354,14.52631579,2
5.451000214,-1.38131994,14.52631579,2
5.460000038,-1.380000665,14.52631579,2
5.468999863,-1.378153625,14.52631579,2
5.478000164,-1.376111718,14.52631579,2
5.486999989,-1.374238626,14.52631579,2
5.495999813,-1.372929772,14.52631579,2
5.505000114,-1.372588428,14.52631579,2
5.513999939,-1.3736086,14.52631579,2
5.522999763,-1.376361385,14.52631579,2
5.532000065,-1.381178183,14.52631579,2
5.540999889,-1.38834178,14.52631579,2
5.550000191,-1.398064669,14.52631579,2
5.559000015,-1.410491362,14.52631579,2
5.56799984,-1.425684397,14.52631579,2
5.577000141,-1.443620901,14.52631579,2
5.585999966,-1.464198872,14.52631579,2
5.59499979,-1.487235848,14.52631579,2
5.604000092,-1.5124767,14.52631579,2
5.612999916,-1.539602135,14.52631579,2
5.622000217,-1.568248707,14.52631579,2
5.631000042,-1.598025522,14.52631579,2
5.639999866,-1.628529989,14.52631579,2
5.649000168,-1.659374296,14.52631579,2
5.657999992,-1.690212886,14.52631579,2
5.666999817,-1.720765144,14.52631579,2
5.676000118,-1.750836349,14.52631579,2
5.684999943,-1.780346674,14.52631579,2
5.693999767,-1.809351759,14.52631579,2
5.703000069,-1.838050642,14.52631579,2
5.711999893,-1.866805117,14.52631579,2
5.721000195,-1.896133407,14.52631579,2
5.730000019,-1.926716956,14.52631579,2
5.738999844,-1.959392446,14.52631579,2
5.748000145,-1.995128706,14.52631579,2
5.756999969,-2.0350225,14.52631579,2
5.765999794,-2.080272625,14.52631579,2
5.775000095,-2.132152751,14.52631579,2
5.78399992,-2.19200055,14.52631579,2
5.793000221,-2.261190384,14.52631579,2
5.802000046,-2.341111558,14.52631579,2
5.81099987,-2.433156245,14.52631579,2
5.820000172,-2.538699127,14.52631579,2
5.828999996,-2.659083329,14.52631579,2
5.837999821,-2.795616208,14.52631579,2
5.847000122,-2.949544427,14.52631579,2
5.855999947,-3.122049082,14.52631579,2
5.864999771,-3.314216796,14.52631579,2
5.874000072,-3.527027126,14.52631579,2
5.882999897,-3.761300261,14.52631579,2
5.892000198,-4.017658114,14.52631579,2
5.901000023,-4.296432611,14.52631579,2
5.909999847,-4.597567291,14.52631579,2
5.919000149,-4.920456597,14.52631579,2
5.927999973,-5.263739817,14.52631579,2
5.936999798,-5.625025391,14.52631579,2
5.946000099,-6.000528033,14.52631579,2
5.954999924,-6.384644661,14.52631579,2
5.964000225,-6.769480073,14.52631579,2
5.97300005,-7.144429058,14.52631579,2
5.981999874,-7.495969958,14.52631579,2
5.991000175,-7.807923943,14.52631579,2
6,-8.062514223,14.52631579,2
6.008999825,-8.242355347,14.52631579,2
6.018000126,-8.333253666,14.52631579,2
6.02699995,-8.327091396,14.52631579,2
6.035999775,-8.223716413,14.52631579,2
6.045000076,-8.031041252,14.52631579,2
6.053999901,-7.763260243,14.52631579,2
6.063000202,-7.438002209,14.52631579,2
6.072000027,-7.073482574,14.52631579,2
6.080999851,-6.686398438,14.52631579,2
6.090000153,-6.290799784,14.52631579,2
6.098999977,-5.897749082,14.52631579,2
6.107999802,-5.515496856,14.52631579,2
6.117000103,-5.149889052,14.52631579,2
6.125999928,-4.804835925,14.52631579,2
6.135000229,-4.48275267,14.52631579,2
6.144000053,-4.184924584,14.52631579,2
6.152999878,-3.911796675,14.52631579,2
6.162000179,-3.663201443,14.52631579,2
6.171000004,-3.438517682,14.52631579,2
6.179999828,-3.236802371,14.52631579,2
6.18900013,-3.056870876,14.52631579,2
6.197999954,-2.89737453,14.52631579,2
6.206999779,-2.756837597,14.52631579,2
6.21600008,-2.633707989,14.52631579,2
6.224999905,-2.526374417,14.52631579,2
6.234000206,-2.433203453,14.52631579,2
6.243000031,-2.352555846,14.52631579,2
6.251999855,-2.282804612,14.52631579,2
6.261000156,-2.222364148,14.52631579,2
6.269999981,-2.169704997,14.52631579,2
6.278999805,-2.123379629,14.52631579,2
6.288000107,-2.082034946,14.52631579,2
6.296999931,-2.044447646,14.52631579,2
6.306000233,-2.009528221,14.52631579,2
6.315000057,-1.976349289,14.52631579,2
6.323999882,-1.944143656,14.52631579,2
6.333000183,-1.912326392,14.52631579,2
6.342000008,-1.880484985,14.52631579,2
6.350999832,-1.848378223,14.52631579,2
6.360000134,-1.815924505,14.52631579,2
6.368999958,-1.783185726,14.52631579,2
6.377999783,-1.750343156,14.52631579,2
6.387000084,-1.717677577,14.52631579,2
6.395999908,-1.685536194,14.52631579,2
6.40500021,-1.654311971,14.52631579,2
6.414000034,-1.624411196,14.52631579,2
6.422999859,-1.596229373,14.52631579,2
6.43200016,-1.57013381,14.52631579,2
6.440999985,-1.546442682,14.52631579,2
6.449999809,-1.52540664,14.52631579,2
6.459000111,-1.507204043,14.52631579,2
6.467999935,-1.491930724,14.52631579,2
6.477000237,-1.479598989,14.52631579,2
6.486000061,-1.470134728,14.52631579,2
6.494999886,-1.463385675,14.52631579,2
6.504000187,-1.459123865,14.52631579,2
6.513000011,-1.457059992,14.52631579,2
6.521999836,-1.456850318,14.52631579,2
6.531000137,-1.458115562,14.52631579,2
6.539999962,-1.460449716,14.52631579,2
6.548999786,-1.463442835,14.52631579,2
6.558000088,-1.466694255,14.52631579,2
6.566999912,-1.469825508,14.52631579,2
6.576000214,-1.472500469,14.52631579,2
6.585000038,-1.474434377,14.52631579,2
6.593999863,-1.475408341,14.52631579,2
6.603000164,-1.475274221,14.52631579,2
6.611999989,-1.473957637,14.52631579,2
6.620999813,-1.471462596,14.52631579,2
6.630000114,-1.467865026,14.52631579,2
6.638999939,-1.463309649,14.52631579,2
6.647999763,-1.457996432,14.52631579,2
6.657000065,-1.452173426,14.52631579,2
6.665999889,-1.446119769,14.52631579,2
6.675000191,-1.440133401,14.52631579,2
6.684000015,-1.434516041,14.52631579,2
6.69299984,-1.429559667,14.52631579,2
6.702000141,-1.425531241,14.52631579,2
6.710999966,-1.422666427,14.52631579,2
6.71999979,-1.421151392,14.52631579,2
6.729000092,-1.421126501,14.52631579,2
6.737999916,-1.422674911,14.52631579,2
6.747000217,-1.425818212,14.52631579,2
6.756000042,-1.430523885,14.52631579,2
6.764999866,-1.436699158,14.52631579,2
6.774000168,-1.444204832,14.52631579,2
6.782999992,-1.452851601,14.52631579,2
6.791999817,-1.46241877,14.52631579,2
6.801000118,-1.472655823,14.52631579,2
6.809999943,-1.483301115,14.52631579,2
6.818999767,-1.494084597,14.52631579,2
6.828000069,-1.504749017,14.52631579,2
6.836999893,-1.515053952,14.52631579,2
6.846000195,-1.524792598,14.52631579,2
6.855000019,-1.533794823,14.52631579,2
6.863999844,-1.541941697,14.52631579,2
6.873000145,-1.549163701,14.52631579,2
6.881999969,-1.55544873,14.52631579,2
6.890999794,-1.560837535,14.52631579,2
6.900000095,-1.56542706,14.52631579,2
6.90899992,-1.569357214,14.52631579,2
6.918000221,-1.572812317,14.52631579,2
6.927000046,-1.576005718,14.52631579,2
6.93599987,-1.579169756,14.52631579,2
6.945000172,-1.582549371,14.52631579,2
6.953999996,-1.586386707,14.52631579,2
6.962999821,-1.590913245,14.52631579,2
6.972000122,-1.596338491,14.52631579,2
6.980999947,-1.602839044,14.52631579,2
6.989999771,-1.610555951,14.52631579,2
6.999000072,-1.619586867,14.52631579,2
7.007999897,-1.629980306,14.52631579,2
7.017000198,-1.641739857,14.52631579,2
7.026000023,-1.654818366,14.52631579,2
7.034999847,-1.669123938,14.52631579,2
7.044000149,-1.684527306,14.52631579,2
7.052999973,-1.700858211,14.52631579,2
7.061999798,-1.717923698,14.52631579,2
7.071000099,-1.735514862,14.52631579,2
7.079999924,-1.753409698,14.52631579,2
7.089000225,-1.7713935,14.52631579,2
7.09800005,-1.789262786,14.52631579,2
7.106999874,-1.806837073,14.52631579,2
7.116000175,-1.823968078,14.52631579,2
7.125,-1.840549268,14.52631579,2
7.133999825,-1.856517302,14.52631579,2
7.143000126,-1.871860932,14.52631579,2
7.15199995,-1.886618762,14.52631579,2
7.160999775,-1.900879094,14.52631579,2
7.170000076,-1.914777638,14.52631579,2
7.178999901,-1.92849059,14.52631579,2
7.188000202,-1.942226663,14.52631579,2
7.197000027,-1.956221995,14.52631579,2
7.205999851,-1.970724698,14.52631579,2
7.215000153,-1.985986875,14.52631579,2
7.223999977,-2.002258251,14.52631579,2
7.232999802,-2.019769586,14.52631579,2
7.242000103,-2.03872641,14.52631579,2
7.250999928,-2.059302622,14.52631579,2
7.260000229,-2.081633031,14.52631579,2
7.269000053,-2.105809891,14.52631579,2
7.277999878,-2.131874822,14.52631579,2
7.287000179,-2.159828086,14.52631579,2
7.296000004,-2.189625295,14.52631579,2
7.304999828,-2.221178177,14.52631579,2
7.31400013,-2.254367085,14.52631579,2
7.322999954,-2.289045802,14.52631579,2
7.331999779,-2.325051849,14.52631579,2
7.34100008,-2.362218719,14.52631579,2
7.349999905,-2.400384608,14.52631579,2
7.359000206,-2.439410674,14.52631579,2
7.368000031,-2.479188011,14.52631579,2
7.376999855,-2.519657535,14.52631579,2
7.386000156,-2.560809104,14.52631579,2
7.394999981,-2.602701798,14.52631579,2
7.403999805,-2.64546321,14.52631579,2
7.413000107,-2.689296015,14.52631579,2
7.421999931,-2.734480431,14.52631579,2
7.431000233,-2.781363875,14.52631579,2
7.440000057,-2.830364785,14.52631579,2
7.448999882,-2.881962162,14.52631579,2
7.458000183,-2.93667916,14.52631579,2
7.467000008,-2.995075994,14.52631579,2
7.475999832,-3.057732543,14.52631579,2
7.485000134,-3.125233894,14.52631579,2
7.493999958,-3.198150394,14.52631579,2
7.502999783,-3.277022741,14.52631579,2
7.512000084,-3.362343004,14.52631579,2
7.520999908,-3.454530604,14.52631579,2
7.53000021,-3.55392063,14.52631579,2
7.539000034,-3.660737565,14.52631579,2
7.547999859,-3.775082633,14.52631579,2
7.55700016,-3.896905902,14.52631579,2
7.565999985,-4.025991558,14.52631579,2
7.574999809,-4.161939217,14.52631579,2
7.584000111,-4.304140752,14.52631579,2
7.592999935,-4.451771796,14.52631579,2
7.602000237,-4.603779889,14.52631579,2
7.611000061,-4.758874649,14.52631579,2
7.619999886,-4.915537582,14.52631579,2
7.629000187,-5.072039691,14.52631579,2
7.638000011,-5.226458183,14.52631579,2
7.646999836,-5.37673375,14.52631579,2
7.656000137,-5.520725484,14.52631579,2
7.664999962,-5.656288338,14.52631579,2
7.673999786,-5.781370107,14.52631579,2
7.683000088,-5.894103505,14.52631579,2
7.691999912,-5.992909585,14.52631579,2
7.701000214,-6.076591422,14.52631579,2
7.710000038,-6.144399836,14.52631579,2
7.718999863,-6.196087373,14.52631579,2
7.728000164,-6.231906766,14.52631579,2
7.736999989,-6.252604885,14.52631579,2
7.745999813,-6.259355258,14.52631579,2
7.755000114,-6.253691667,14.52631579,2
7.763999939,-6.237407026,14.52631579,2
7.772999763,-6.212457559,14.52631579,2
7.782000065,-6.180870982,14.52631579,2
7.790999889,-6.144657638,14.52631579,2
7.800000191,-6.105740625,14.52631579,2
7.809000015,-6.065903407,14.52631579,2
7.81799984,-6.026751556,14.52631579,2
7.827000141,-5.98968395,14.52631579,2
7.835999966,-5.955888206,14.52631579,2
7.84499979,-5.926332833,14.52631579,2
7.854000092,-5.901779232,14.52631579,2
7.862999916,-5.882783771,14.52631579,2
7.872000217,-5.869722501,14.52631579,2
7.881000042,-5.86280136,14.52631579,2
7.889999866,-5.86207684,14.52631579,2
7.899000168,-5.867477614,14.52631579,2
7.907999992,-5.878824849,14.52631579,2
7.916999817,-5.895847216,14.52631579,2
7.926000118,-5.918209609,14.52631579,2
7.934999943,-5.945530839,14.52631579,2
7.943999767,-5.977400686,14.52631579,2
7.953000069,-6.013403358,14.52631579,2
7.961999893,-6.053134963,14.52631579,2
7.971000195,-6.096218046,14.52631579,2
7.980000019,-6.142318903,14.52631579,2
7.988999844,-6.191158126,14.52631579,2
7.998000145,-6.242521584,14.52631579,2
8.006999969,-6.296263009,14.52631579,2
8.015999794,-6.352310762,14.52631579,2
8.024999619,-6.410663866,14.52631579,2
8.034000397,-6.471389732,14.52631579,2
8.043000221,-6.534618023,14.52631579,2
8.052000046,-6.600529582,14.52631579,2
8.06099987,-6.669344638,14.52631579,2
8.069999695,-6.741311543,14.52631579,2
8.079000473,-6.816695456,14.52631579,2
8.088000298,-6.895759253,14.52631579,2
8.097000122,-6.978753502,14.52631579,2
8.105999947,-7.065909785,14.52631579,2
8.114999771,-7.157419785,14.52631579,2
8.123999596,-7.25343422,14.52631579,2
8.133000374,-7.354052133,14.52631579,2
8.142000198,-7.459320781,14.52631579,2
8.151000023,-7.569227539,14.52631579,2
8.159999847,-7.683703878,14.52631579,2
8.168999672,-7.802629194,14.52631579,2
8.17800045,-7.925834482,14.52631579,2
8.187000275,-8.053110979,14.52631579,2
8.196000099,-8.184218654,14.52631579,2
8.204999924,-8.318898169,14.52631579,2
8.213999748,-8.456890936,14.52631579,2
8.222999573,-8.597937141,14.52631579,2
8.232000351,-8.741809199,14.52631579,2
8.241000175,-8.888310871,14.52631579,2
8.25,-9.037303162,14.52631579,2
8.258999825,-9.188700042,14.52631579,2
8.267999649,-9.342496792,14.52631579,2
8.277000427,-9.498754855,14.52631579,2
8.286000252,-9.657627452,14.52631579,2
8.295000076,-9.819334221,14.52631579,2
8.303999901,-9.984180654,14.52631579,2
8.312999725,-10.15253119,14.52631579,2
8.32199955,-10.32481103,14.52631579,2
8.331000328,-10.50148239,14.52631579,2
8.340000153,-10.6830323,14.52631579,2
8.348999977,-10.86995914,14.52631579,2
8.357999802,-11.06274617,14.52631579,2
8.366999626,-11.26184452,14.52631579,2
8.376000404,-11.46765011,14.52631579,2
8.385000229,-11.68049371,14.52631579,2
8.394000053,-11.90060789,14.52631579,2
8.402999878,-12.12812262,14.52631579,2
8.411999702,-12.36303617,14.52631579,2
8.420999527,-12.6052032,14.52631579,2
8.430000305,-12.85433377,14.52631579,2
8.43900013,-13.10996337,14.52631579,2
8.447999954,-13.37145755,14.52631579,2
8.456999779,-13.63799881,14.52631579,2
8.465999603,-13.90860658,14.52631579,2
8.475000381,-14.18212022,14.52631579,2
8.484000206,-14.45722384,14.52631579,2
8.493000031,-14.73247235,14.52631579,2
8.501999855,-15.00630059,14.52631579,2
8.51099968,-15.27708027,14.52631579,2
8.520000458,-15.54313949,14.52631579,2
8.529000282,-15.80282258,14.52631579,2
8.538000107,-16.05451541,14.52631579,2
8.546999931,-16.29670168,14.52631579,2
8.555999756,-16.5279799,14.52631579,2
8.56499958,-16.74709497,14.52631579,2
8.574000359,-16.95293278,14.52631579,2
8.583000183,-17.14451615,14.52631579,2
8.592000008,-17.32097843,14.52631579,2
8.600999832,-17.48152422,14.52631579,2
8.609999657,-17.6253857,14.52631579,2
8.619000435,-17.75178774,14.52631579,2
8.628000259,-17.85990905,14.52631579,2
8.637000084,-17.94885366,14.52631579,2
8.645999908,-18.01767774,14.52631579,2
8.654999733,-18.06540173,14.52631579,2
8.663999557,-18.09107864,14.52631579,2
8.673000336,-18.09386532,14.52631579,2
8.68200016,-18.07313002,14.52631579,2
8.690999985,-18.02853235,14.52631579,2
8.699999809,-17.96013897,14.52631579,2
8.708999634,-17.86847356,14.52631579,2
8.718000412,-17.75455687,14.52631579,2
8.727000237,-17.61989844,14.52631579,2
8.736000061,-17.46645803,14.52631579,2
8.744999886,-17.29657185,14.52631579,2
8.75399971,-17.11284367,14.52631579,2
8.762999535,-16.91804505,14.52631579,2
8.772000313,-16.71500335,14.52631579,2
8.781000137,-16.50650554,14.52631579,2
8.789999962,-16.29521784,14.52631579,2
8.798999786,-16.08362003,14.52631579,2
8.807999611,-15.8739667,14.52631579,2
8.817000389,-15.66826199,14.52631579,2
8.826000214,-15.46825335,14.52631579,2
8.835000038,-15.27542827,14.52631579,2
8.843999863,-15.09102433,14.52631579,2
8.852999687,-14.91604796,14.52631579,2
8.862000465,-14.75128569,14.52631579,2
8.87100029,-14.59733339,14.52631579,2
8.880000114,-14.45460153,14.52631579,2
8.888999939,-14.32335182,14.52631579,2
8.897999763,-14.20369236,14.52631579,2
8.906999588,-14.09560317,14.52631579,2
8.916000366,-13.99895197,14.52631579,2
8.925000191,-13.91350147,14.52631579,2
8.934000015,-13.83891236,14.52631579,2
8.94299984,-13.77476252,14.52631579,2
8.951999664,-13.72054491,14.52631579,2
8.961000443,-13.67567649,14.52631579,2
8.970000267,-13.63949813,14.52631579,2
8.979000092,-13.61128252,14.52631579,2
8.987999916,-13.59023942,14.52631579,2
8.996999741,-13.57550465,14.52631579,2
9.005999565,-13.56615996,14.52631579,2
9.015000343,-13.56122939,14.52631579,2
9.024000168,-13.55967647,14.52631579,2
9.032999992,-13.5604242,14.52631579,2
9.041999817,-13.56235025,14.52631579,2
9.050999641,-13.56430063,14.52631579,2
9.06000042,-13.56510774,14.52631579,2
9.069000244,-13.56359278,14.52631579,2
9.078000069,-13.55859681,14.52631579,2
9.086999893,-13.54899348,14.52631579,2
9.095999718,-13.53371605,14.52631579,2
9.104999542,-13.51177839,14.52631579,2
9.11400032,-13.48230292,14.52631579,2
9.123000145,-13.44455131,14.52631579,2
9.131999969,-13.39793819,14.52631579,2
9.140999794,-13.34205621,14.52631579,2
9.149999619,-13.27668952,14.52631579,2
9.159000397,-13.20182187,14.52631579,2
9.168000221,-13.11764132,14.52631579,2
9.177000046,-13.02452621,14.52631579,2
9.18599987,-12.92304541,14.52631579,2
9.194999695,-12.81392759,14.52631579,2
9.204000473,-12.69804245,14.52631579,2
9.213000298,-12.57637927,14.52631579,2
9.222000122,-12.45000832,14.52631579,2
9.230999947,-12.3200562,14.52631579,2
9.239999771,-12.18768337,14.52631579,2
9.248999596,-12.05404685,14.52631579,2
9.258000374,-11.92029026,14.52631579,2
9.267000198,-11.78751016,14.52631579,2
9.276000023,-11.65675019,14.52631579,2
9.284999847,-11.52898191,14.52631579,2
9.293999672,-11.40510057,14.52631579,2
9.30300045,-11.2859092,14.52631579,2
9.312000275,-11.17211867,14.52631579,2
9.321000099,-11.06434763,14.52631579,2
9.329999924,-10.96310892,14.52631579,2
9.338999748,-10.8688247,14.52631579,2
9.347999573,-10.78181911,14.52631579,2
9.357000351,-10.70231637,14.52631579,2
9.366000175,-10.63044806,14.52631579,2
9.375,-10.56625563,14.52631579,2
9.383999825,-10.50969275,14.52631579,2
9.392999649,-10.46062808,14.52631579,2
9.402000427,-10.41884775,14.52631579,2
9.411000252,-10.38406458,14.52631579,2
9.420000076,-10.35591676,14.52631579,2
9.428999901,-10.33398598,14.52631579,2
9.437999725,-10.31778878,14.52631579,2
9.44699955,-10.30679262,14.52631579,2
9.456000328,-10.30042374,14.52631579,2
9.465000153,-10.29807741,14.52631579,2
9.473999977,-10.29912523,14.52631579,2
9.482999802,-10.30292934,14.52631579,2
9.491999626,-10.3088536,14.52631579,2
9.501000404,-10.31627888,14.52631579,2
9.510000229,-10.32461063,14.52631579,2
9.519000053,-10.33330016,14.52631579,2
9.527999878,-10.34184794,14.52631579,2
9.536999702,-10.34982112,14.52631579,2
9.545999527,-10.35686181,14.52631579,2
9.555000305,-10.36269511,14.52631579,2
9.56400013,-10.36713589,14.52631579,2
9.572999954,-10.37008531,14.52631579,2
9.581999779,-10.37153671,14.52631579,2
9.590999603,-10.37157247,14.52631579,2
9.600000381,-10.37035317,14.52631579,2
9.609000206,-10.36810943,14.52631579,2
9.618000031,-10.36513623,14.52631579,2
9.626999855,-10.36177558,14.52631579,2
9.63599968,-10.35840103,14.52631579,2
9.645000458,-10.35541181,14.52631579,2
9.654000282,-10.35320789,14.52631579,2
9.663000107,-10.35218204,14.52631579,2
9.671999931,-10.35271168,14.52631579,2
9.680999756,-10.35513766,14.52631579,2
9.68999958,-10.3597557,14.52631579,2
9.699000359,-10.36681616,14.52631579,2
9.708000183,-10.37650171,14.52631579,2
9.717000008,-10.38893833,14.52631579,2
9.725999832,-10.40417761,14.52631579,2
9.734999657,-10.42219938,14.52631579,2
9.744000435,-10.44291018,14.52631579,2
9.753000259,-10.46614541,14.52631579,2
9.762000084,-10.49166491,14.52631579,2
9.770999908,-10.51916634,14.52631579,2
9.779999733,-10.548281,14.52631579,2
9.788999557,-10.57858732,14.52631579,2
9.798000336,-10.6096169,14.52631579,2
9.80700016,-10.64086941,14.52631579,2
9.815999985,-10.67181751,14.52631579,2
9.824999809,-10.70192878,14.52631579,2
9.833999634,-10.73067845,14.52631579,2
9.843000412,-10.75756301,14.52631579,2
9.852000237,-10.78211871,14.52631579,2
9.861000061,-10.80393931,14.52631579,2
9.869999886,-10.82268648,14.52631579,2
9.87899971,-10.83810372,14.52631579,2
9.887999535,-10.85002921,14.52631579,2
9.897000313,-10.8583964,14.52631579,2
9.906000137,-10.86324388,14.52631579,2
9.914999962,-10.86470488,14.52631579,2
9.923999786,-10.8630122,14.52631579,2
9.932999611,-10.85848068,14.52631579,2
9.942000389,-10.85150159,14.52631579,2
9.951000214,-10.84252426,14.52631579,2
9.960000038,-10.8320424,14.52631579,2
9.968999863,-10.82057265,14.52631579,2
9.977999687,-10.80864495,14.52631579,2
9.987000465,-10.79677498,14.52631579,2
9.99600029,-10.78545543,14.52631579,2
10.00500011,-10.7751394,14.52631579,2
10.01399994,-10.7662185,14.52631579,2
10.02299976,-10.75902779,14.52631579,2
10.03199959,-10.75381659,14.52631579,2
10.04100037,-10.75075016,14.52631579,2
10.05000019,-10.74990424,14.52631579,2
10.05900002,-10.75125641,14.52631579,2
10.06799984,-10.75468646,14.52631579,2
10.07699966,-10.75997495,14.52631579,2
10.08600044,-10.76680913,14.52631579,2
10.09500027,-10.77478446,14.52631579,2
10.10400009,-10.78341871,14.52631579,2
10.11299992,-10.79215796,14.52631579,2
10.12199974,-10.8003949,14.52631579,2
10.13099957,-10.80748726,14.52631579,2
10.14000034,-10.8127784,14.52631579,2
10.14900017,-10.81561567,14.52631579,2
10.15799999,-10.8153853,14.52631579,2
10.16699982,-10.81152722,14.52631579,2
10.17599964,-10.8035616,14.52631579,2
10.18500042,-10.79111471,14.52631579,2
10.19400024,-10.77393649,14.52631579,2
10.20300007,-10.75190877,14.52631579,2
10.21199989,-10.72506048,14.52631579,2
10.22099972,-10.69356437,14.52631579,2
10.22999954,-10.65773705,14.52631579,2
10.23900032,-10.61801984,14.52631579,2
10.24800014,-10.57497643,14.52631579,2
10.25699997,-10.52925898,14.52631579,2
10.26599979,-10.48158743,14.52631579,2
10.27499962,-10.4327305,14.52631579,2
10.2840004,-10.38347198,14.52631579,2
10.29300022,-10.3345828,14.52631579,2
10.30200005,-10.28680545,14.52631579,2
10.31099987,-10.24082172,14.52631579,2
10.31999969,-10.1972345,14.52631579,2
10.32900047,-10.1565509,14.52631579,2
10.3380003,-10.1191686,14.52631579,2
10.34700012,-10.08535875,14.52631579,2
10.35599995,-10.0552609,14.52631579,2
10.36499977,-10.02887852,14.52631579,2
10.3739996,-10.00607424,14.52631579,2
10.38300037,-9.986570501,14.52631579,2
10.3920002,-9.969960072,14.52631579,2
10.40100002,-9.955707054,14.52631579,2
10.40999985,-9.943174208,14.52631579,2
10.41899967,-9.931629751,14.52631579,2
10.42800045,-9.920273849,14.52631579,2
10.43700027,-9.908269176,14.52631579,2
10.4460001,-9.894780469,14.52631579,2
10.45499992,-9.878986507,14.52631579,2
10.46399975,-9.860142248,14.52631579,2
10.47299957,-9.837592158,14.52631579,2
10.48200035,-9.810819384,14.52631579,2
10.49100018,-9.779465661,14.52631579,2
10.5,-9.743352106,14.52631579,2
1.5,-0.166596594,14.52631579,3.2
1.508999944,-0.168794014,14.52631579,3.2
1.518000007,-0.17140058,14.52631579,3.2
1.52699995,-0.1743752,14.52631579,3.2
1.536000013,-0.17766716,14.52631579,3.2
1.544999957,-0.181217854,14.52631579,3.2
1.55400002,-0.184961613,14.52631579,3.2
1.562999964,-0.188830138,14.52631579,3.2
1.572000027,-0.192752181,14.52631579,3.2
1.58099997,-0.196655927,14.52631579,3.2
1.590000033,-0.200473242,14.52631579,3.2
1.598999977,-0.204137198,14.52631579,3.2
1.60800004,-0.207593533,14.52631579,3.2
1.616999984,-0.210787548,14.52631579,3.2
1.626000047,-0.213681437,14.52631579,3.2
1.63499999,-0.216241161,14.52631579,3.2
1.644000053,-0.218448438,14.52631579,3.2
1.652999997,-0.220294515,14.52631579,3.2
1.661999941,-0.221782044,14.52631579,3.2
1.671000004,-0.222926876,14.52631579,3.2
1.679999948,-0.223752544,14.52631579,3.2
1.68900001,-0.224293964,14.52631579,3.2
1.697999954,-0.224594204,14.52631579,3.2
1.707000017,-0.224703187,14.52631579,3.2
1.715999961,-0.224675204,14.52631579,3.2
1.725000024,-0.224567618,14.52631579,3.2
1.733999968,-0.224441637,14.52631579,3.2
1.743000031,-0.224354192,14.52631579,3.2
1.751999974,-0.224363681,14.52631579,3.2
1.761000037,-0.224521947,14.52631579,3.2
1.769999981,-0.224876625,14.52631579,3.2
1.779000044,-0.225468442,14.52631579,3.2
1.787999988,-0.226330111,14.52631579,3.2
1.797000051,-0.227485649,14.52631579,3.2
1.805999994,-0.228949542,14.52631579,3.2
1.815000057,-0.23072684,14.52631579,3.2
1.824000001,-0.232815581,14.52631579,3.2
1.832999945,-0.235200452,14.52631579,3.2
1.842000008,-0.237859372,14.52631579,3.2
1.850999951,-0.240763259,14.52631579,3.2
1.860000014,-0.243876055,14.52631579,3.2
1.868999958,-0.247155293,14.52631579,3.2
1.878000021,-0.250554545,14.52631579,3.2
1.886999965,-0.254024956,14.52631579,3.2
1.896000028,-0.257516821,14.52631579,3.2
1.904999971,-0.260979047,14.52631579,3.2
1.914000034,-0.264364412,14.52631579,3.2
1.922999978,-0.267626249,14.52631579,3.2
1.932000041,-0.2707261,14.52631579,3.2
1.940999985,-0.273625392,14.52631579,3.2
1.950000048,-0.276299405,14.52631579,3.2
1.958999991,-0.278725431,14.52631579,3.2
1.968000054,-0.280890321,14.52631579,3.2
1.976999998,-0.282788183,14.52631579,3.2
1.985999942,-0.284424509,14.52631579,3.2
1.995000005,-0.285808433,14.52631579,3.2
2.003999949,-0.286958581,14.52631579,3.2
2.013000011,-0.28790204,14.52631579,3.2
2.022000074,-0.288666514,14.52631579,3.2
2.030999899,-0.289291908,14.52631579,3.2
2.039999962,-0.289815458,14.52631579,3.2
2.049000025,-0.290280465,14.52631579,3.2
2.058000088,-0.290729477,14.52631579,3.2
2.066999912,-0.291204491,14.52631579,3.2
2.075999975,-0.291747273,14.52631579,3.2
2.085000038,-0.292396329,14.52631579,3.2
2.094000101,-0.293186168,14.52631579,3.2
2.102999926,-0.294146881,14.52631579,3.2
2.111999989,-0.29530335,14.52631579,3.2
2.121000051,-0.296672703,14.52631579,3.2
2.130000114,-0.298266501,14.52631579,3.2
2.138999939,-0.30009052,14.52631579,3.2
2.148000002,-0.302139656,14.52631579,3.2
2.157000065,-0.304408746,14.52631579,3.2
2.165999889,-0.3068807,14.52631579,3.2
2.174999952,-0.309533911,14.52631579,3.2
2.184000015,-0.312344909,14.52631579,3.2
2.193000078,-0.315282218,14.52631579,3.2
2.201999903,-0.318313356,14.52631579,3.2
2.210999966,-0.321401288,14.52631579,3.2
2.220000029,-0.324511929,14.52631579,3.2
2.229000092,-0.32760737,14.52631579,3.2
2.237999916,-0.330651345,14.52631579,3.2
2.246999979,-0.333612284,14.52631579,3.2
2.256000042,-0.336457962,14.52631579,3.2
2.265000105,-0.339163712,14.52631579,3.2
2.273999929,-0.341706375,14.52631579,3.2
2.282999992,-0.344069977,14.52631579,3.2
2.292000055,-0.346245011,14.52631579,3.2
2.301000118,-0.348225185,14.52631579,3.2
2.309999943,-0.35001268,14.52631579,3.2
2.319000006,-0.351613839,14.52631579,3.2
2.328000069,-0.353042072,14.52631579,3.2
2.336999893,-0.354315469,14.52631579,3.2
2.345999956,-0.355455989,14.52631579,3.2
2.355000019,-0.356491115,14.52631579,3.2
2.364000082,-0.357449879,14.52631579,3.2
2.372999907,-0.358364271,14.52631579,3.2
2.381999969,-0.359268153,14.52631579,3.2
2.391000032,-0.360193789,14.52631579,3.2
2.400000095,-0.361174163,14.52631579,3.2
2.40899992,-0.362240933,14.52631579,3.2
2.417999983,-0.36342281,14.52631579,3.2
2.427000046,-0.364745416,14.52631579,3.2
2.436000109,-0.366230984,14.52631579,3.2
2.444999933,-0.367897743,14.52631579,3.2
2.453999996,-0.36975771,14.52631579,3.2
2.463000059,-0.371819233,14.52631579,3.2
2.471999884,-0.374085676,14.52631579,3.2
2.480999947,-0.376553696,14.52631579,3.2
2.49000001,-0.379217092,14.52631579,3.2
2.499000072,-0.382064027,14.52631579,3.2
2.507999897,-0.385077752,14.52631579,3.2
2.51699996,-0.388240783,14.52631579,3.2
2.526000023,-0.391527957,14.52631579,3.2
2.535000086,-0.394915498,14.52631579,3.2
2.54399991,-0.398376425,14.52631579,3.2
2.552999973,-0.401882592,14.52631579,3.2
2.562000036,-0.405407565,14.52631579,3.2
2.571000099,-0.408923757,14.52631579,3.2
2.579999924,-0.412405937,14.52631579,3.2
2.588999987,-0.415831914,14.52631579,3.2
2.59800005,-0.419181864,14.52631579,3.2
2.607000113,-0.422438503,14.52631579,3.2
2.615999937,-0.425589656,14.52631579,3.2
2.625,-0.428628021,14.52631579,3.2
2.634000063,-0.431550494,14.52631579,3.2
2.642999887,-0.43435753,14.52631579,3.2
2.65199995,-0.437054705,14.52631579,3.2
2.661000013,-0.439654913,14.52631579,3.2
2.670000076,-0.442171328,14.52631579,3.2
2.678999901,-0.444624039,14.52631579,3.2
2.687999964,-0.447034199,14.52631579,3.2
2.697000027,-0.449429657,14.52631579,3.2
2.70600009,-0.45183645,14.52631579,3.2
2.714999914,-0.454284488,14.52631579,3.2
2.723999977,-0.456805082,14.52631579,3.2
2.73300004,-0.45942793,14.52631579,3.2
2.742000103,-0.462184125,14.52631579,3.2
2.750999928,-0.465101416,14.52631579,3.2
2.75999999,-0.468208886,14.52631579,3.2
2.769000053,-0.471531587,14.52631579,3.2
2.778000116,-0.475089697,14.52631579,3.2
2.786999941,-0.478902922,14.52631579,3.2
2.796000004,-0.482985656,14.52631579,3.2
2.805000067,-0.487348533,14.52631579,3.2
2.813999891,-0.49199908,14.52631579,3.2
2.822999954,-0.496938762,14.52631579,3.2
2.832000017,-0.502165498,14.52631579,3.2
2.84100008,-0.507673003,14.52631579,3.2
2.849999905,-0.513452024,14.52631579,3.2
2.858999968,-0.51948803,14.52631579,3.2
2.868000031,-0.525765121,14.52631579,3.2
2.877000093,-0.53226352,14.52631579,3.2
2.885999918,-0.538961478,14.52631579,3.2
2.894999981,-0.545837429,14.52631579,3.2
2.904000044,-0.552867327,14.52631579,3.2
2.913000107,-0.560027583,14.52631579,3.2
2.921999931,-0.567297332,14.52631579,3.2
2.930999994,-0.574654064,14.52631579,3.2
2.940000057,-0.582079336,14.52631579,3.2
2.948999882,-0.589559181,14.52631579,3.2
2.957999945,-0.597081476,14.52631579,3.2
2.967000008,-0.604638386,14.52631579,3.2
2.976000071,-0.612226409,14.52631579,3.2
2.984999895,-0.619850156,14.52631579,3.2
2.993999958,-0.627516188,14.52631579,3.2
3.003000021,-0.635239835,14.52631579,3.2
3.012000084,-0.643041739,14.52631579,3.2
3.020999908,-0.650947095,14.52631579,3.2
3.029999971,-0.658988882,14.52631579,3.2
3.039000034,-0.667203172,14.52631579,3.2
3.048000097,-0.675635159,14.52631579,3.2
3.056999922,-0.684329243,14.52631579,3.2
3.065999985,-0.693338979,14.52631579,3.2
3.075000048,-0.702718777,14.52631579,3.2
3.084000111,-0.712525542,14.52631579,3.2
3.092999935,-0.722819012,14.52631579,3.2
3.101999998,-0.733658032,14.52631579,3.2
3.111000061,-0.745105267,14.52631579,3.2
3.119999886,-0.757219842,14.52631579,3.2
3.128999949,-0.770056156,14.52631579,3.2
3.138000011,-0.783673495,14.52631579,3.2
3.147000074,-0.798122663,14.52631579,3.2
3.155999899,-0.813449557,14.52631579,3.2
3.164999962,-0.829699155,14.52631579,3.2
3.174000025,-0.846910524,14.52631579,3.2
3.183000088,-0.865116819,14.52631579,3.2
3.191999912,-0.884342946,14.52631579,3.2
3.200999975,-0.904615028,14.52631579,3.2
3.210000038,-0.925948699,14.52631579,3.2
3.219000101,-0.948358931,14.52631579,3.2
3.227999926,-0.971852304,14.52631579,3.2
3.236999989,-0.996438088,14.52631579,3.2
3.246000051,-1.02212203,14.52631579,3.2
3.255000114,-1.048909713,14.52631579,3.2
3.263999939,-1.07681048,14.52631579,3.2
3.273000002,-1.105837763,14.52631579,3.2
3.282000065,-1.136007923,14.52631579,3.2
3.290999889,-1.167353961,14.52631579,3.2
3.299999952,-1.199913713,14.52631579,3.2
3.309000015,-1.233743716,14.52631579,3.2
3.318000078,-1.268917995,14.52631579,3.2
3.326999903,-1.305528996,14.52631579,3.2
3.335999966,-1.343694132,14.52631579,3.2
3.345000029,-1.383559693,14.52631579,3.2
3.354000092,-1.425297592,14.52631579,3.2
3.362999916,-1.469113099,14.52631579,3.2
3.371999979,-1.515246422,14.52631579,3.2
3.381000042,-1.563974535,14.52631579,3.2
3.390000105,-1.615610851,14.52631579,3.2
3.398999929,-1.670510552,14.52631579,3.2
3.407999992,-1.729071394,14.52631579,3.2
3.417000055,-1.791732376,14.52631579,3.2
3.426000118,-1.85897787,14.52631579,3.2
3.434999943,-1.931336163,14.52631579,3.2
3.444000006,-2.009380145,14.52631579,3.2
3.453000069,-2.093728445,14.52631579,3.2
3.461999893,-2.185046047,14.52631579,3.2
3.470999956,-2.284043231,14.52631579,3.2
3.480000019,-2.391474375,14.52631579,3.2
3.489000082,-2.508140783,14.52631579,3.2
3.497999907,-2.634884104,14.52631579,3.2
3.506999969,-2.772595672,14.52631579,3.2
3.516000032,-2.922199779,14.52631579,3.2
3.525000095,-3.084665543,14.52631579,3.2
3.53399992,-3.260996947,14.52631579,3.2
3.542999983,-3.452225515,14.52631579,3.2
3.552000046,-3.659414492,14.52631579,3.2
3.561000109,-3.883638501,14.52631579,3.2
3.569999933,-4.125980337,14.52631579,3.2
3.578999996,-4.387511823,14.52631579,3.2
3.588000059,-4.669269803,14.52631579,3.2
3.596999884,-4.972229781,14.52631579,3.2
3.605999947,-5.297258055,14.52631579,3.2
3.61500001,-5.645056269,14.52631579,3.2
3.624000072,-6.016075937,14.52631579,3.2
3.632999897,-6.410404047,14.52631579,3.2
3.64199996,-6.827602319,14.52631579,3.2
3.651000023,-7.266493012,14.52631579,3.2
3.660000086,-7.724865184,14.52631579,3.2
3.66899991,-8.199099023,14.52631579,3.2
3.677999973,-8.683690934,14.52631579,3.2
3.687000036,-9.170720736,14.52631579,3.2
3.696000099,-9.649315068,14.52631579,3.2
3.704999924,-10.10529503,14.52631579,3.2
3.713999987,-10.52127744,14.52631579,3.2
3.72300005,-10.87760801,14.52631579,3.2
3.732000113,-11.15440926,14.52631579,3.2
3.740999937,-11.33468762,14.52631579,3.2
3.75,-11.40776121,14.52631579,3.2
3.759000063,-11.37175517,14.52631579,3.2
3.767999887,-11.23402966,14.52631579,3.2
3.77699995,-11.00932213,14.52631579,3.2
3.786000013,-10.71650077,14.52631579,3.2
3.795000076,-10.37523437,14.52631579,3.2
3.803999901,-10.00354487,14.52631579,3.2
3.812999964,-9.616512296,14.52631579,3.2
3.822000027,-9.22592638,14.52631579,3.2
3.83100009,-8.840531339,14.52631579,3.2
3.839999914,-8.4665147,14.52631579,3.2
3.848999977,-8.108063317,14.52631579,3.2
3.85800004,-7.767862981,14.52631579,3.2
3.867000103,-7.447504433,14.52631579,3.2
3.875999928,-7.147804875,14.52631579,3.2
3.88499999,-6.869046474,14.52631579,3.2
3.894000053,-6.611141257,14.52631579,3.2
3.903000116,-6.37376514,14.52631579,3.2
3.911999941,-6.156431735,14.52631579,3.2
3.921000004,-5.958559235,14.52631579,3.2
3.930000067,-5.779507031,14.52631579,3.2
3.938999891,-5.618602575,14.52631579,3.2
3.947999954,-5.475149395,14.52631579,3.2
3.957000017,-5.34844179,14.52631579,3.2
3.96600008,-5.237765084,14.52631579,3.2
3.974999905,-5.142388433,14.52631579,3.2
3.983999968,-5.061569935,14.52631579,3.2
3.993000031,-4.99453869,14.52631579,3.2
4.001999855,-4.940500564,14.52631579,3.2
4.011000156,-4.898618899,14.52631579,3.2
4.019999981,-4.868013778,14.52631579,3.2
4.028999805,-4.847754887,14.52631579,3.2
4.038000107,-4.836852057,14.52631579,3.2
4.046999931,-4.834257971,14.52631579,3.2
4.056000233,-4.838861809,14.52631579,3.2
4.065000057,-4.849492373,14.52631579,3.2
4.073999882,-4.864926553,14.52631579,3.2
4.083000183,-4.883895051,14.52631579,3.2
4.092000008,-4.905099168,14.52631579,3.2
4.100999832,-4.927224596,14.52631579,3.2
4.110000134,-4.948967918,14.52631579,3.2
4.118999958,-4.969054709,14.52631579,3.2
4.127999783,-4.986274632,14.52631579,3.2
4.137000084,-4.999500842,14.52631579,3.2
4.145999908,-5.007728114,14.52631579,3.2
4.15500021,-5.010083588,14.52631579,3.2
4.164000034,-5.005859846,14.52631579,3.2
4.172999859,-4.994523414,14.52631579,3.2
4.18200016,-4.975730909,14.52631579,3.2
4.190999985,-4.949320414,14.52631579,3.2
4.199999809,-4.915315691,14.52631579,3.2
4.209000111,-4.87390783,14.52631579,3.2
4.217999935,-4.825439041,14.52631579,3.2
4.227000237,-4.77038006,14.52631579,3.2
4.236000061,-4.709304451,14.52631579,3.2
4.244999886,-4.642862999,14.52631579,3.2
4.254000187,-4.571760478,14.52631579,3.2
4.263000011,-4.496725349,14.52631579,3.2
4.271999836,-4.418492967,14.52631579,3.2
4.281000137,-4.337783398,14.52631579,3.2
4.289999962,-4.255290236,14.52631579,3.2
4.298999786,-4.171667787,14.52631579,3.2
4.308000088,-4.087511377,14.52631579,3.2
4.316999912,-4.003371621,14.52631579,3.2
4.326000214,-3.919734765,14.52631579,3.2
4.335000038,-3.83702773,14.52631579,3.2
4.343999863,-3.755618198,14.52631579,3.2
4.353000164,-3.675815902,14.52631579,3.2
4.361999989,-3.597880488,14.52631579,3.2
4.370999813,-3.522015117,14.52631579,3.2
4.380000114,-3.448379082,14.52631579,3.2
4.388999939,-3.377093218,14.52631579,3.2
4.397999763,-3.308238765,14.52631579,3.2
4.407000065,-3.241865475,14.52631579,3.2
4.415999889,-3.17799825,14.52631579,3.2
4.425000191,-3.116640601,14.52631579,3.2
4.434000015,-3.057773847,14.52631579,3.2
4.44299984,-3.001371072,14.52631579,3.2
4.452000141,-2.947394038,14.52631579,3.2
4.460999966,-2.895797346,14.52631579,3.2
4.46999979,-2.846531835,14.52631579,3.2
4.479000092,-2.79955034,14.52631579,3.2
4.487999916,-2.754802766,14.52631579,3.2
4.497000217,-2.712244595,14.52631579,3.2
4.506000042,-2.671831378,14.52631579,3.2
4.514999866,-2.63352739,14.52631579,3.2
4.524000168,-2.597296089,14.52631579,3.2
4.532999992,-2.56310652,14.52631579,3.2
4.541999817,-2.530929672,14.52631579,3.2
4.551000118,-2.500736884,14.52631579,3.2
4.559999943,-2.472500171,14.52631579,3.2
4.568999767,-2.446190321,14.52631579,3.2
4.578000069,-2.421774314,14.52631579,3.2
4.586999893,-2.399210219,14.52631579,3.2
4.596000195,-2.378448991,14.52631579,3.2
4.605000019,-2.359440152,14.52631579,3.2
4.613999844,-2.342111907,14.52631579,3.2
4.623000145,-2.326390775,14.52631579,3.2
4.631999969,-2.312180119,14.52631579,3.2
4.640999794,-2.299382708,14.52631579,3.2
4.650000095,-2.287874439,14.52631579,3.2
4.65899992,-2.277532295,14.52631579,3.2
4.668000221,-2.268216063,14.52631579,3.2
4.677000046,-2.259772111,14.52631579,3.2
4.68599987,-2.252047738,14.52631579,3.2
4.695000172,-2.244878315,14.52631579,3.2
4.703999996,-2.23810201,14.52631579,3.2
4.712999821,-2.231559662,14.52631579,3.2
4.722000122,-2.225089505,14.52631579,3.2
4.730999947,-2.218545453,14.52631579,3.2
4.739999771,-2.211790964,14.52631579,3.2
4.749000072,-2.204705009,14.52631579,3.2
4.757999897,-2.197187387,14.52631579,3.2
4.767000198,-2.189158566,14.52631579,3.2
4.776000023,-2.180560386,14.52631579,3.2
4.784999847,-2.171362177,14.52631579,3.2
4.794000149,-2.161558922,14.52631579,3.2
4.802999973,-2.151176028,14.52631579,3.2
4.811999798,-2.140259508,14.52631579,3.2
4.821000099,-2.12888177,14.52631579,3.2
4.829999924,-2.117138,14.52631579,3.2
4.839000225,-2.105142531,14.52631579,3.2
4.84800005,-2.093025491,14.52631579,3.2
4.856999874,-2.080932808,14.52631579,3.2
4.866000175,-2.069011816,14.52631579,3.2
4.875,-2.057414729,14.52631579,3.2
4.883999825,-2.046297382,14.52631579,3.2
4.893000126,-2.035798444,14.52631579,3.2
4.90199995,-2.026057735,14.52631579,3.2
4.910999775,-2.017189077,14.52631579,3.2
4.920000076,-2.009293317,14.52631579,3.2
4.928999901,-2.002444487,14.52631579,3.2
4.938000202,-1.996693374,14.52631579,3.2
4.947000027,-1.992059891,14.52631579,3.2
4.955999851,-1.988537654,14.52631579,3.2
4.965000153,-1.986087852,14.52631579,3.2
4.973999977,-1.984643441,14.52631579,3.2
4.982999802,-1.984111001,14.52631579,3.2
4.992000103,-1.984367798,14.52631579,3.2
5.000999928,-1.985267978,14.52631579,3.2
5.010000229,-1.986647325,14.52631579,3.2
5.019000053,-1.9883285,14.52631579,3.2
5.027999878,-1.990120683,14.52631579,3.2
5.037000179,-1.991833348,14.52631579,3.2
5.046000004,-1.993268992,14.52631579,3.2
5.054999828,-1.99425003,14.52631579,3.2
5.06400013,-1.994602397,14.52631579,3.2
5.072999954,-1.994174804,14.52631579,3.2
5.081999779,-1.992843477,14.52631579,3.2
5.09100008,-1.990506329,14.52631579,3.2
5.099999905,-1.987106178,14.52631579,3.2
5.109000206,-1.982610976,14.52631579,3.2
5.118000031,-1.977035758,14.52631579,3.2
5.126999855,-1.970428304,14.52631579,3.2
5.136000156,-1.962873722,14.52631579,3.2
5.144999981,-1.954501122,14.52631579,3.2
5.153999805,-1.945465658,14.52631579,3.2
5.163000107,-1.935956723,14.52631579,3.2
5.171999931,-1.926182712,14.52631579,3.2
5.181000233,-1.916376934,14.52631579,3.2
5.190000057,-1.906775181,14.52631579,3.2
5.198999882,-1.897627787,14.52631579,3.2
5.208000183,-1.889179492,14.52631579,3.2
5.217000008,-1.881664394,14.52631579,3.2
5.225999832,-1.875304029,14.52631579,3.2
5.235000134,-1.870295342,14.52631579,3.2
5.243999958,-1.866812598,14.52631579,3.2
5.252999783,-1.864992911,14.52631579,3.2
5.262000084,-1.864938808,14.52631579,3.2
5.270999908,-1.866719385,14.52631579,3.2
5.28000021,-1.87035434,14.52631579,3.2
5.289000034,-1.875827306,14.52631579,3.2
5.297999859,-1.883080524,14.52631579,3.2
5.30700016,-1.892019226,14.52631579,3.2
5.315999985,-1.902504874,14.52631579,3.2
5.324999809,-1.914374384,14.52631579,3.2
5.334000111,-1.927433574,14.52631579,3.2
5.342999935,-1.941466312,14.52631579,3.2
5.352000237,-1.956239751,14.52631579,3.2
5.361000061,-1.971519695,14.52631579,3.2
5.369999886,-1.987072884,14.52631579,3.2
5.379000187,-2.002668896,14.52631579,3.2
5.388000011,-2.018105577,14.52631579,3.2
5.396999836,-2.033206406,14.52631579,3.2
5.406000137,-2.047829409,14.52631579,3.2
5.414999962,-2.061881703,14.52631579,3.2
5.423999786,-2.075322089,14.52631579,3.2
5.433000088,-2.088166044,14.52631579,3.2
5.441999912,-2.100495881,14.52631579,3.2
5.451000214,-2.112457443,14.52631579,3.2
5.460000038,-2.124263784,14.52631579,3.2
5.468999863,-2.13619714,14.52631579,3.2
5.478000164,-2.14859808,14.52631579,3.2
5.486999989,-2.16187118,14.52631579,3.2
5.495999813,-2.176473558,14.52631579,3.2
5.505000114,-2.192906355,14.52631579,3.2
5.513999939,-2.211710075,14.52631579,3.2
5.522999763,-2.23345379,14.52631579,3.2
5.532000065,-2.25872573,14.52631579,3.2
5.540999889,-2.288123768,14.52631579,3.2
5.550000191,-2.322249737,14.52631579,3.2
5.559000015,-2.361696836,14.52631579,3.2
5.56799984,-2.407046389,14.52631579,3.2
5.577000141,-2.458854213,14.52631579,3.2
5.585999966,-2.517653465,14.52631579,3.2
5.59499979,-2.583943399,14.52631579,3.2
5.604000092,-2.658185094,14.52631579,3.2
5.612999916,-2.740800699,14.52631579,3.2
5.622000217,-2.832165046,14.52631579,3.2
5.631000042,-2.932606082,14.52631579,3.2
5.639999866,-3.04239724,14.52631579,3.2
5.649000168,-3.16174841,14.52631579,3.2
5.657999992,-3.290806997,14.52631579,3.2
5.666999817,-3.429640705,14.52631579,3.2
5.676000118,-3.578228487,14.52631579,3.2
5.684999943,-3.736440871,14.52631579,3.2
5.693999767,-3.904028907,14.52631579,3.2
5.703000069,-4.080588328,14.52631579,3.2
5.711999893,-4.265536584,14.52631579,3.2
5.721000195,-4.45807425,14.52631579,3.2
5.730000019,-4.657144766,14.52631579,3.2
5.738999844,-4.861383695,14.52631579,3.2
5.748000145,-5.06907542,14.52631579,3.2
5.756999969,-5.278098327,14.52631579,3.2
5.765999794,-5.48588221,14.52631579,3.2
5.775000095,-5.689383924,14.52631579,3.2
5.78399992,-5.885079902,14.52631579,3.2
5.793000221,-6.069000211,14.52631579,3.2
5.802000046,-6.236825853,14.52631579,3.2
5.81099987,-6.384036322,14.52631579,3.2
5.820000172,-6.506139382,14.52631579,3.2
5.828999996,-6.598957232,14.52631579,3.2
5.837999821,-6.658948057,14.52631579,3.2
5.847000122,-6.683533617,14.52631579,3.2
5.855999947,-6.671355388,14.52631579,3.2
5.864999771,-6.62243687,14.52631579,3.2
5.874000072,-6.538205868,14.52631579,3.2
5.882999897,-6.421364016,14.52631579,3.2
5.892000198,-6.275647392,14.52631579,3.2
5.901000023,-6.105510507,14.52631579,3.2
5.909999847,-5.915785467,14.52631579,3.2
5.919000149,-5.711373132,14.52631579,3.2
5.927999973,-5.496984081,14.52631579,3.2
5.936999798,-5.276960618,14.52631579,3.2
5.946000099,-5.055153099,14.52631579,3.2
5.954999924,-4.834872278,14.52631579,3.2
5.964000225,-4.618876788,14.52631579,3.2
5.97300005,-4.409396734,14.52631579,3.2
5.981999874,-4.208173119,14.52631579,3.2
5.991000175,-4.016513903,14.52631579,3.2
6,-3.835344943,14.52631579,3.2
6.008999825,-3.665265772,14.52631579,3.2
6.018000126,-3.506601136,14.52631579,3.2
6.02699995,-3.359444606,14.52631579,3.2
6.035999775,-3.223700155,14.52631579,3.2
6.045000076,-3.099116819,14.52631579,3.2
6.053999901,-2.985317962,14.52631579,3.2
6.063000202,-2.881830285,14.52631579,3.2
6.072000027,-2.788101984,14.52631579,3.2
6.080999851,-2.703523414,14.52631579,3.2
6.090000153,-2.627443722,14.52631579,3.2
6.098999977,-2.55918622,14.52631579,3.2
6.107999802,-2.498055663,14.52631579,3.2
6.117000103,-2.443356263,14.52631579,3.2
6.125999928,-2.394397463,14.52631579,3.2
6.135000229,-2.350502602,14.52631579,3.2
6.144000053,-2.311017803,14.52631579,3.2
6.152999878,-2.27532003,14.52631579,3.2
6.162000179,-2.242825498,14.52631579,3.2
6.171000004,-2.212990782,14.52631579,3.2
6.179999828,-2.185322376,14.52631579,3.2
6.18900013,-2.159381638,14.52631579,3.2
6.197999954,-2.134783605,14.52631579,3.2
6.206999779,-2.111206677,14.52631579,3.2
6.21600008,-2.088383645,14.52631579,3.2
6.224999905,-2.066113986,14.52631579,3.2
6.234000206,-2.044246923,14.52631579,3.2
6.243000031,-2.022695856,14.52631579,3.2
6.251999855,-2.001418656,14.52631579,3.2
6.261000156,-1.980424672,14.52631579,3.2
6.269999981,-1.959760555,14.52631579,3.2
6.278999805,-1.939506334,14.52631579,3.2
6.288000107,-1.919771795,14.52631579,3.2
6.296999931,-1.900682589,14.52631579,3.2
6.306000233,-1.882376806,14.52631579,3.2
6.315000057,-1.865000298,14.52631579,3.2
6.323999882,-1.848694301,14.52631579,3.2
6.333000183,-1.833594582,14.52631579,3.2
6.342000008,-1.819822734,14.52631579,3.2
6.350999832,-1.807486581,14.52631579,3.2
6.360000134,-1.796671126,14.52631579,3.2
6.368999958,-1.787437313,14.52631579,3.2
6.377999783,-1.779823862,14.52631579,3.2
6.387000084,-1.773843074,14.52631579,3.2
6.395999908,-1.769481029,14.52631579,3.2
6.40500021,-1.766698429,14.52631579,3.2
6.414000034,-1.765433265,14.52631579,3.2
6.422999859,-1.765600596,14.52631579,3.2
6.43200016,-1.767095477,14.52631579,3.2
6.440999985,-1.76979857,14.52631579,3.2
6.449999809,-1.773574821,14.52631579,3.2
6.459000111,-1.778279234,14.52631579,3.2
6.467999935,-1.783764718,14.52631579,3.2
6.477000237,-1.789876788,14.52631579,3.2
6.486000061,-1.79646748,14.52631579,3.2
6.494999886,-1.803391494,14.52631579,3.2
6.504000187,-1.810516339,14.52631579,3.2
6.513000011,-1.817719081,14.52631579,3.2
6.521999836,-1.824893697,14.52631579,3.2
6.531000137,-1.831955305,14.52631579,3.2
6.539999962,-1.838835057,14.52631579,3.2
6.548999786,-1.845489138,14.52631579,3.2
6.558000088,-1.851895867,14.52631579,3.2
6.566999912,-1.858053439,14.52631579,3.2
6.576000214,-1.863984702,14.52631579,3.2
6.585000038,-1.869731554,14.52631579,3.2
6.593999863,-1.875351163,14.52631579,3.2
6.603000164,-1.880920362,14.52631579,3.2
6.611999989,-1.88652894,14.52631579,3.2
6.620999813,-1.892274445,14.52631579,3.2
6.630000114,-1.898261702,14.52631579,3.2
6.638999939,-1.904599776,14.52631579,3.2
6.647999763,-1.911395549,14.52631579,3.2
6.657000065,-1.918753305,14.52631579,3.2
6.665999889,-1.926771649,14.52631579,3.2
6.675000191,-1.935539241,14.52631579,3.2
6.684000015,-1.945132747,14.52631579,3.2
6.69299984,-1.955616731,14.52631579,3.2
6.702000141,-1.967039629,14.52631579,3.2
6.710999966,-1.979435515,14.52631579,3.2
6.71999979,-1.992820272,14.52631579,3.2
6.729000092,-2.007194065,14.52631579,3.2
6.737999916,-2.022541095,14.52631579,3.2
6.747000217,-2.038831173,14.52631579,3.2
6.756000042,-2.056018411,14.52631579,3.2
6.764999866,-2.074045206,14.52631579,3.2
6.774000168,-2.092844383,14.52631579,3.2
6.782999992,-2.112340235,14.52631579,3.2
6.791999817,-2.13245082,14.52631579,3.2
6.801000118,-2.153091341,14.52631579,3.2
6.809999943,-2.174175666,14.52631579,3.2
6.818999767,-2.195624401,14.52631579,3.2
6.828000069,-2.217357755,14.52631579,3.2
6.836999893,-2.2393065,14.52631579,3.2
6.846000195,-2.261411079,14.52631579,3.2
6.855000019,-2.283622247,14.52631579,3.2
6.863999844,-2.305906614,14.52631579,3.2
6.873000145,-2.328243688,14.52631579,3.2
6.881999969,-2.350628535,14.52631579,3.2
6.890999794,-2.373074001,14.52631579,3.2
6.900000095,-2.395604351,14.52631579,3.2
6.90899992,-2.418263375,14.52631579,3.2
6.918000221,-2.441104994,14.52631579,3.2
6.927000046,-2.46419756,14.52631579,3.2
6.93599987,-2.487620249,14.52631579,3.2
6.945000172,-2.511459375,14.52631579,3.2
6.953999996,-2.535806741,14.52631579,3.2
6.962999821,-2.560760935,14.52631579,3.2
6.972000122,-2.586418689,14.52631579,3.2
6.980999947,-2.612878041,14.52631579,3.2
6.989999771,-2.640234264,14.52631579,3.2
6.999000072,-2.668575684,14.52631579,3.2
7.007999897,-2.697985557,14.52631579,3.2
7.017000198,-2.728537481,14.52631579,3.2
7.026000023,-2.760296671,14.52631579,3.2
7.034999847,-2.793318116,14.52631579,3.2
7.044000149,-2.82764458,14.52631579,3.2
7.052999973,-2.863311236,14.52631579,3.2
7.061999798,-2.900338552,14.52631579,3.2
7.071000099,-2.938741493,14.52631579,3.2
7.079999924,-2.978523463,14.52631579,3.2
7.089000225,-3.019681168,14.52631579,3.2
7.09800005,-3.062207548,14.52631579,3.2
7.106999874,-3.106090206,14.52631579,3.2
7.116000175,-3.151314957,14.52631579,3.2
7.125,-3.197867964,14.52631579,3.2
7.133999825,-3.245739781,14.52631579,3.2
7.143000126,-3.294924974,14.52631579,3.2
7.15199995,-3.345424689,14.52631579,3.2
7.160999775,-3.397247932,14.52631579,3.2
7.170000076,-3.450418095,14.52631579,3.2
7.178999901,-3.504964727,14.52631579,3.2
7.188000202,-3.560934564,14.52631579,3.2
7.197000027,-3.618386257,14.52631579,3.2
7.205999851,-3.677391643,14.52631579,3.2
7.215000153,-3.738035995,14.52631579,3.2
7.223999977,-3.800415153,14.52631579,3.2
7.232999802,-3.86463687,14.52631579,3.2
7.242000103,-3.930817402,14.52631579,3.2
7.250999928,-3.999080267,14.52631579,3.2
7.260000229,-4.069550951,14.52631579,3.2
7.269000053,-4.142357667,14.52631579,3.2
7.277999878,-4.217622823,14.52631579,3.2
7.287000179,-4.295468138,14.52631579,3.2
7.296000004,-4.376002367,14.52631579,3.2
7.304999828,-4.459323016,14.52631579,3.2
7.31400013,-4.545511615,14.52631579,3.2
7.322999954,-4.63462588,14.52631579,3.2
7.331999779,-4.72670709,14.52631579,3.2
7.34100008,-4.821765129,14.52631579,3.2
7.349999905,-4.919785103,14.52631579,3.2
7.359000206,-5.020718771,14.52631579,3.2
7.368000031,-5.124490501,14.52631579,3.2
7.376999855,-5.230988108,14.52631579,3.2
7.386000156,-5.340069803,14.52631579,3.2
7.394999981,-5.451562434,14.52631579,3.2
7.403999805,-5.565262818,14.52631579,3.2
7.413000107,-5.680944456,14.52631579,3.2
7.421999931,-5.798354543,14.52631579,3.2
7.431000233,-5.917223994,14.52631579,3.2
7.440000057,-6.037276413,14.52631579,3.2
7.448999882,-6.158226214,14.52631579,3.2
7.458000183,-6.279794543,14.52631579,3.2
7.467000008,-6.401713214,14.52631579,3.2
7.475999832,-6.523731032,14.52631579,3.2
7.485000134,-6.645627319,14.52631579,3.2
7.493999958,-6.767213793,14.52631579,3.2
7.502999783,-6.888348359,14.52631579,3.2
7.512000084,-7.00893389,14.52631579,3.2
7.520999908,-7.128927882,14.52631579,3.2
7.53000021,-7.248339862,14.52631579,3.2
7.539000034,-7.36724282,14.52631579,3.2
7.547999859,-7.485757432,14.52631579,3.2
7.55700016,-7.604063372,14.52631579,3.2
7.565999985,-7.722386441,14.52631579,3.2
7.574999809,-7.840994198,14.52631579,3.2
7.584000111,-7.960189545,14.52631579,3.2
7.592999935,-8.080301509,14.52631579,3.2
7.602000237,-8.201672234,14.52631579,3.2
7.611000061,-8.324653075,14.52631579,3.2
7.619999886,-8.449587671,14.52631579,3.2
7.629000187,-8.576802935,14.52631579,3.2
7.638000011,-8.70659826,14.52631579,3.2
7.646999836,-8.83924004,14.52631579,3.2
7.656000137,-8.974943327,14.52631579,3.2
7.664999962,-9.113868705,14.52631579,3.2
7.673999786,-9.256114401,14.52631579,3.2
7.683000088,-9.401708854,14.52631579,3.2
7.691999912,-9.550599269,14.52631579,3.2
7.701000214,-9.702656561,14.52631579,3.2
7.710000038,-9.857670786,14.52631579,3.2
7.718999863,-10.01533587,14.52631579,3.2
7.728000164,-10.17527761,14.52631579,3.2
7.736999989,-10.33703145,14.52631579,3.2
7.745999813,-10.50005983,14.52631579,3.2
7.755000114,-10.66376662,14.52631579,3.2
7.763999939,-10.82748898,14.52631579,3.2
7.772999763,-10.99053381,14.52631579,3.2
7.782000065,-11.15217476,14.52631579,3.2
7.790999889,-11.31168302,14.52631579,3.2
7.800000191,-11.46833658,14.52631579,3.2
7.809000015,-11.62144945,14.52631579,3.2
7.81799984,-11.77038638,14.52631579,3.2
7.827000141,-11.91457258,14.52631579,3.2
7.835999966,-12.05352455,14.52631579,3.2
7.84499979,-12.18684828,14.52631579,3.2
7.854000092,-12.31425206,14.52631579,3.2
7.862999916,-12.43554761,14.52631579,3.2
7.872000217,-12.55064067,14.52631579,3.2
7.881000042,-12.65952902,14.52631579,3.2
7.889999866,-12.76228502,14.52631579,3.2
7.899000168,-12.85903885,14.52631579,3.2
7.907999992,-12.94995729,14.52631579,3.2
7.916999817,-13.03522605,14.52631579,3.2
7.926000118,-13.11502271,14.52631579,3.2
7.934999943,-13.18950284,14.52631579,3.2
7.943999767,-13.25877758,14.52631579,3.2
7.953000069,-13.32290429,14.52631579,3.2
7.961999893,-13.38187327,14.52631579,3.2
7.971000195,-13.43560897,14.52631579,3.2
7.980000019,-13.48396447,14.52631579,3.2
7.988999844,-13.52673091,14.52631579,3.2
7.998000145,-13.56365347,14.52631579,3.2
8.006999969,-13.59443749,14.52631579,3.2
8.015999794,-13.61877949,14.52631579,3.2
8.024999619,-13.63638301,14.52631579,3.2
8.034000397,-13.64698772,14.52631579,3.2
8.043000221,-13.65039096,14.52631579,3.2
8.052000046,-13.64646819,14.52631579,3.2
8.06099987,-13.63520131,14.52631579,3.2
8.069999695,-13.61668258,14.52631579,3.2
8.079000473,-13.59113282,14.52631579,3.2
8.088000298,-13.55889643,14.52631579,3.2
8.097000122,-13.52044491,14.52631579,3.2
8.105999947,-13.47636249,14.52631579,3.2
8.114999771,-13.42733158,14.52631579,3.2
8.123999596,-13.37411691,14.52631579,3.2
8.133000374,-13.31754363,14.52631579,3.2
8.142000198,-13.25846953,14.52631579,3.2
8.151000023,-13.19776926,14.52631579,3.2
8.159999847,-13.13630848,14.52631579,3.2
8.168999672,-13.07492584,14.52631579,3.2
8.17800045,-13.01441592,14.52631579,3.2
8.187000275,-12.95551483,14.52631579,3.2
8.196000099,-12.89888975,14.52631579,3.2
8.204999924,-12.84513021,14.52631579,3.2
8.213999748,-12.79474486,14.52631579,3.2
8.222999573,-12.74815799,14.52631579,3.2
8.232000351,-12.70570418,14.52631579,3.2
8.241000175,-12.6676421,14.52631579,3.2
8.25,-12.63414361,14.52631579,3.2
8.258999825,-12.60530896,14.52631579,3.2
8.267999649,-12.58116562,14.52631579,3.2
8.277000427,-12.56168274,14.52631579,3.2
8.286000252,-12.54677156,14.52631579,3.2
8.295000076,-12.53630106,14.52631579,3.2
8.303999901,-12.53010147,14.52631579,3.2
8.312999725,-12.52797941,14.52631579,3.2
8.32199955,-12.52972288,14.52631579,3.2
8.331000328,-12.53512095,14.52631579,3.2
8.340000153,-12.54396161,14.52631579,3.2
8.348999977,-12.55605457,14.52631579,3.2
8.357999802,-12.57123179,14.52631579,3.2
8.366999626,-12.58936226,14.52631579,3.2
8.376000404,-12.61035762,14.52631579,3.2
8.385000229,-12.63418252,14.52631579,3.2
8.394000053,-12.6608501,14.52631579,3.2
8.402999878,-12.69043634,14.52631579,3.2
8.411999702,-12.72307751,14.52631579,3.2
8.420999527,-12.75896876,14.52631579,3.2
8.430000305,-12.79836398,14.52631579,3.2
8.43900013,-12.84157668,14.52631579,3.2
8.447999954,-12.88896299,14.52631579,3.2
8.456999779,-12.94093553,14.52631579,3.2
8.465999603,-12.9979345,14.52631579,3.2
8.475000381,-13.06044389,14.52631579,3.2
8.484000206,-13.12896446,14.52631579,3.2
8.493000031,-13.20402095,14.52631579,3.2
8.501999855,-13.28614745,14.52631579,3.2
8.51099968,-13.37588368,14.52631579,3.2
8.520000458,-13.47376863,14.52631579,3.2
8.529000282,-13.58033894,14.52631579,3.2
8.538000107,-13.69612032,14.52631579,3.2
8.546999931,-13.82162426,14.52631579,3.2
8.555999756,-13.95735472,14.52631579,3.2
8.56499958,-14.10379748,14.52631579,3.2
8.574000359,-14.26142394,14.52631579,3.2
8.583000183,-14.43069434,14.52631579,3.2
8.592000008,-14.61206006,14.52631579,3.2
8.600999832,-14.80597144,14.52631579,3.2
8.609999657,-15.01287763,14.52631579,3.2
8.619000435,-15.23323951,14.52631579,3.2
8.628000259,-15.46754283,14.52631579,3.2
8.637000084,-15.71631004,14.52631579,3.2
8.645999908,-15.98011239,14.52631579,3.2
8.654999733,-16.25959924,14.52631579,3.2
8.663999557,-16.55551215,14.52631579,3.2
8.673000336,-16.86872258,14.52631579,3.2
8.68200016,-17.20025957,14.52631579,3.2
8.690999985,-17.55136304,14.52631579,3.2
8.699999809,-17.92351123,14.52631579,3.2
8.708999634,-18.31850996,14.52631579,3.2
8.718000412,-18.73855255,14.52631579,3.2
8.727000237,-19.18631789,14.52631579,3.2
8.736000061,-19.66507909,14.52631579,3.2
8.744999886,-20.17888202,14.52631579,3.2
8.75399971,-20.73273404,14.52631579,3.2
8.762999535,-21.33289889,14.52631579,3.2
8.772000313,-21.98727734,14.52631579,3.2
8.781000137,-22.70599684,14.52631579,3.2
8.789999962,-23.50224656,14.52631579,3.2
8.798999786,-24.39362018,14.52631579,3.2
8.807999611,-25.40424768,14.52631579,3.2
8.817000389,-26.56846145,14.52631579,3.2
8.826000214,-27.93750557,14.52631579,3.2
8.835000038,-29.59285234,14.52631579,3.2
8.843999863,-31.67581252,14.52631579,3.2
8.852999687,-34.46504539,14.52631579,3.2
8.862000465,-38.63446767,14.52631579,3.2
8.87100029,-46.41427739,14.52631579,3.2
8.880000114,-46.91383199,14.52631579,3.2
8.888999939,-38.72217069,14.52631579,3.2
8.897999763,-34.33391081,14.52631579,3.2
8.906999588,-31.38288318,14.52631579,3.2
8.916000366,-29.1612248,14.52631579,3.2
8.925000191,-27.38048589,14.52631579,3.2
8.934000015,-25.89580771,14.52631579,3.2
8.94299984,-24.62437254,14.52631579,3.2
8.951999664,-23.51443501,14.52631579,3.2
8.961000443,-22.53149082,14.52631579,3.2
8.970000267,-21.65139359,14.52631579,3.2
8.979000092,-20.85655062,14.52631579,3.2
8.987999916,-20.13373163,14.52631579,3.2
8.996999741,-19.47271667,14.52631579,3.2
9.005999565,-18.86540658,14.52631579,3.2
9.015000343,-18.30525539,14.52631579,3.2
9.024000168,-17.78688246,14.52631579,3.2
9.032999992,-17.30577271,14.52631579,3.2
9.041999817,-16.85809157,14.52631579,3.2
9.050999641,-16.44052867,14.52631579,3.2
9.06000042,-16.05019973,14.52631579,3.2
9.069000244,-15.68455482,14.52631579,3.2
9.078000069,-15.34131975,14.52631579,3.2
9.086999893,-15.01845398,14.52631579,3.2
9.095999718,-14.71411001,14.52631579,3.2
9.104999542,-14.42661409,14.52631579,3.2
9.11400032,-14.15443121,14.52631579,3.2
9.123000145,-13.89616873,14.52631579,3.2
9.131999969,-13.65055245,14.52631579,3.2
9.140999794,-13.41642249,14.52631579,3.2
9.149999619,-13.19272816,14.52631579,3.2
9.159000397,-12.97852444,14.52631579,3.2
9.168000221,-12.77296401,14.52631579,3.2
9.177000046,-12.57530221,14.52631579,3.2
9.18599987,-12.3848888,14.52631579,3.2
9.194999695,-12.20116567,14.52631579,3.2
9.204000473,-12.02366476,14.52631579,3.2
9.213000298,-11.85200348,14.52631579,3.2
9.222000122,-11.68587954,14.52631579,3.2
9.230999947,-11.52506656,14.52631579,3.2
9.239999771,-11.36940313,14.52631579,3.2
9.248999596,-11.21879107,14.52631579,3.2
9.258000374,-11.07318396,14.52631579,3.2
9.267000198,-10.93258057,14.52631579,3.2
9.276000023,-10.79701352,14.52631579,3.2
9.284999847,-10.66654582,14.52631579,3.2
9.293999672,-10.54125645,14.52631579,3.2
9.30300045,-10.42123774,14.52631579,3.2
9.312000275,-10.30658545,14.52631579,3.2
9.321000099,-10.19739042,14.52631579,3.2
9.329999924,-10.09373681,14.52631579,3.2
9.338999748,-9.995690731,14.52631579,3.2
9.347999573,-9.903301321,14.52631579,3.2
9.357000351,-9.816595382,14.52631579,3.2
9.366000175,-9.735568969,14.52631579,3.2
9.375,-9.660192982,14.52631579,3.2
9.383999825,-9.590405369,14.52631579,3.2
9.392999649,-9.526113489,14.52631579,3.2
9.402000427,-9.467191562,14.52631579,3.2
9.411000252,-9.413482735,14.52631579,3.2
9.420000076,-9.364798309,14.52631579,3.2
9.428999901,-9.32092168,14.52631579,3.2
9.437999725,-9.281607887,14.52631579,3.2
9.44699955,-9.246589539,14.52631579,3.2
9.456000328,-9.215577219,14.52631579,3.2
9.465000153,-9.188268368,14.52631579,3.2
9.473999977,-9.164347975,14.52631579,3.2
9.482999802,-9.143495579,14.52631579,3.2
9.491999626,-9.125393166,14.52631579,3.2
9.501000404,-9.109729433,14.52631579,3.2
9.510000229,-9.096206219,14.52631579,3.2
9.519000053,-9.084547875,14.52631579,3.2
9.527999878,-9.07450502,14.52631579,3.2
9.536999702,-9.06585961,14.52631579,3.2
9.545999527,-9.058433602,14.52631579,3.2
9.555000305,-9.052089272,14.52631579,3.2
9.56400013,-9.046737643,14.52631579,3.2
9.572999954,-9.04233618,14.52631579,3.2
9.581999779,-9.038890237,14.52631579,3.2
9.590999603,-9.036453774,14.52631579,3.2
9.600000381,-9.035125988,14.52631579,3.2
9.609000206,-9.03504795,14.52631579,3.2
9.618000031,-9.036399775,14.52631579,3.2
9.626999855,-9.039391497,14.52631579,3.2
9.63599968,-9.044264735,14.52631579,3.2
9.645000458,-9.051270509,14.52631579,3.2
9.654000282,-9.060678622,14.52631579,3.2
9.663000107,-9.072761141,14.52631579,3.2
9.671999931,-9.087782756,14.52631579,3.2
9.680999756,-9.105996536,14.52631579,3.2
9.68999958,-9.127642564,14.52631579,3.2
9.699000359,-9.152930109,14.52631579,3.2
9.708000183,-9.182035,14.52631579,3.2
9.717000008,-9.215095755,14.52631579,3.2
9.725999832,-9.252212394,14.52631579,3.2
9.734999657,-9.293430339,14.52631579,3.2
9.744000435,-9.338745035,14.52631579,3.2
9.753000259,-9.388105788,14.52631579,3.2
9.762000084,-9.441393513,14.52631579,3.2
9.770999908,-9.498443904,14.52631579,3.2
9.779999733,-9.559026055,14.52631579,3.2
9.788999557,-9.622869651,14.52631579,3.2
9.798000336,-9.689643571,14.52631579,3.2
9.80700016,-9.758972312,14.52631579,3.2
9.815999985,-9.830447488,14.52631579,3.2
9.824999809,-9.903629084,14.52631579,3.2
9.833999634,-9.978056113,14.52631579,3.2
9.843000412,-10.05326167,14.52631579,3.2
9.852000237,-10.12877888,14.52631579,3.2
9.861000061,-10.20416198,14.52631579,3.2
9.869999886,-10.27899258,14.52631579,3.2
9.87899971,-10.35289882,14.52631579,3.2
9.887999535,-10.42556329,14.52631579,3.2
9.897000313,-10.49673333,14.52631579,3.2
9.906000137,-10.56623588,14.52631579,3.2
9.914999962,-10.63398055,14.52631579,3.2
9.923999786,-10.69995561,14.52631579,3.2
9.932999611,-10.76424499,14.52631579,3.2
9.942000389,-10.82701212,14.52631579,3.2
9.951000214,-10.88849901,14.52631579,3.2
9.960000038,-10.94901853,14.52631579,3.2
9.968999863,-11.00894695,14.52631579,3.2
9.977999687,-11.06870472,14.52631579,3.2
9.987000465,-11.1287458,14.52631579,3.2
9.99600029,-11.18954792,14.52631579,3.2
10.00500011,-11.25159361,14.52631579,3.2
10.01399994,-11.31535565,14.52631579,3.2
10.02299976,-11.38128119,14.52631579,3.2
10.03199959,-11.44978399,14.52631579,3.2
10.04100037,-11.52122891,14.52631579,3.2
10.05000019,-11.59591777,14.52631579,3.2
10.05900002,-11.67408591,14.52631579,3.2
10.06799984,-11.75589047,14.52631579,3.2
10.07699966,-11.84139915,14.52631579,3.2
10.08600044,-11.93058819,14.52631579,3.2
10.09500027,-12.02333714,14.52631579,3.2
10.10400009,-12.11942956,14.52631579,3.2
10.11299992,-12.21854511,14.52631579,3.2
10.12199974,-12.32026932,14.52631579,3.2
10.13099957,-12.4240838,14.52631579,3.2
10.14000034,-12.52939517,14.52631579,3.2
10.14900017,-12.63551293,14.52631579,3.2
10.15799999,-12.74168739,14.52631579,3.2
10.16699982,-12.8471137,14.52631579,3.2
10.17599964,-12.95094202,14.52631579,3.2
10.18500042,-13.05231719,14.52631579,3.2
10.19400024,-13.15037014,14.52631579,3.2
10.20300007,-13.24427563,14.52631579,3.2
10.21199989,-13.33325074,14.52631579,3.2
10.22099972,-13.41659653,14.52631579,3.2
10.22999954,-13.49369794,14.52631579,3.2
10.23900032,-13.56407275,14.52631579,3.2
10.24800014,-13.62736349,14.52631579,3.2
10.25699997,-13.68335877,14.52631579,3.2
10.26599979,-13.73199803,14.52631579,3.2
10.27499962,-13.77336745,14.52631579,3.2
10.2840004,-13.80769951,14.52631579,3.2
10.29300022,-13.83536231,14.52631579,3.2
10.30200005,-13.85683805,14.52631579,3.2
10.31099987,-13.87270561,14.52631579,3.2
10.31999969,-13.88362676,14.52631579,3.2
10.32900047,-13.8903157,14.52631579,3.2
10.3380003,-13.8935186,14.52631579,3.2
10.34700012,-13.89399243,14.52631579,3.2
10.35599995,-13.89247652,14.52631579,3.2
10.36499977,-13.88968587,14.52631579,3.2
10.3739996,-13.88628704,14.52631579,3.2
10.38300037,-13.88287673,14.52631579,3.2
10.3920002,-13.87998579,14.52631579,3.2
10.40100002,-13.87804803,14.52631579,3.2
10.40999985,-13.87740514,14.52631579,3.2
10.41899967,-13.87829373,14.52631579,3.2
10.42800045,-13.88084191,14.52631579,3.2
10.43700027,-13.88505738,14.52631579,3.2
10.4460001,-13.89084012,14.52631579,3.2
10.45499992,-13.89796875,14.52631579,3.2
10.46399975,-13.90610142,14.52631579,3.2
10.47299957,-13.91478804,14.52631579,3.2
10.48200035,-13.92346586,14.52631579,3.2
10.49100018,-13.931476,14.52631579,3.2
10.5,-13.9380701,14.52631579,3.2
1.5,-0.460340557,17.78947368,0.8
1.508999944,-0.479758905,17.78947368,0.8
1.518000007,-0.500833411,17.78947368,0.8
1.52699995,-0.522465137,17.78947368,0.8
1.536000013,-0.543510796,17.78947368,0.8
1.544999957,-0.562861899,17.78947368,0.8
1.55400002,-0.579533805,17.78947368,0.8
1.562999964,-0.592739521,17.78947368,0.8
1.572000027,-0.60195441,17.78947368,0.8
1.58099997,-0.606955892,17.78947368,0.8
1.590000033,-0.607842827,17.78947368,0.8
1.598999977,-0.605018404,17.78947368,0.8
1.60800004,-0.599159916,17.78947368,0.8
1.616999984,-0.591162235,17.78947368,0.8
1.626000047,-0.582072761,17.78947368,0.8
1.63499999,-0.573002998,17.78947368,0.8
1.644000053,-0.565060349,17.78947368,0.8
1.652999997,-0.559261653,17.78947368,0.8
1.661999941,-0.556473023,17.78947368,0.8
1.671000004,-0.557342101,17.78947368,0.8
1.679999948,-0.562262861,17.78947368,0.8
1.68900001,-0.571346851,17.78947368,0.8
1.697999954,-0.58441032,17.78947368,0.8
1.707000017,-0.600988723,17.78947368,0.8
1.715999961,-0.620357464,17.78947368,0.8
1.725000024,-0.641592832,17.78947368,0.8
1.733999968,-0.663621628,17.78947368,0.8
1.743000031,-0.685303128,17.78947368,0.8
1.751999974,-0.705519719,17.78947368,0.8
1.761000037,-0.72324943,17.78947368,0.8
1.769999981,-0.737654763,17.78947368,0.8
1.779000044,-0.74814404,17.78947368,0.8
1.787999988,-0.754415763,17.78947368,0.8
1.797000051,-0.756488827,17.78947368,0.8
1.805999994,-0.754686814,17.78947368,0.8
1.815000057,-0.74962302,17.78947368,0.8
1.824000001,-0.742140385,17.78947368,0.8
1.832999945,-0.733248919,17.78947368,0.8
1.842000008,-0.724054865,17.78947368,0.8
1.850999951,-0.715667674,17.78947368,0.8
1.860000014,-0.709134256,17.78947368,0.8
1.868999958,-0.705356563,17.78947368,0.8
1.878000021,-0.705038246,17.78947368,0.8
1.886999965,-0.708626681,17.78947368,0.8
1.896000028,-0.716293229,17.78947368,0.8
1.904999971,-0.727918143,17.78947368,0.8
1.914000034,-0.743093721,17.78947368,0.8
1.922999978,-0.761150319,17.78947368,0.8
1.932000041,-0.781207058,17.78947368,0.8
1.940999985,-0.80222558,17.78947368,0.8
1.950000048,-0.823089945,17.78947368,0.8
1.958999991,-0.842681063,17.78947368,0.8
1.968000054,-0.859964797,17.78947368,0.8
1.976999998,-0.874073754,17.78947368,0.8
1.985999942,-0.884363902,17.78947368,0.8
1.995000005,-0.890473906,17.78947368,0.8
2.003999949,-0.892346606,17.78947368,0.8
2.013000011,-0.890237833,17.78947368,0.8
2.022000074,-0.88468371,17.78947368,0.8
2.030999899,-0.876468816,17.78947368,0.8
2.039999962,-0.86655505,17.78947368,0.8
2.049000025,-0.856011627,17.78947368,0.8
2.058000088,-0.845937689,17.78947368,0.8
2.066999912,-0.837376972,17.78947368,0.8
2.075999975,-0.831246508,17.78947368,0.8
2.085000038,-0.828281942,17.78947368,0.8
2.094000101,-0.82896914,17.78947368,0.8
2.102999926,-0.833535399,17.78947368,0.8
2.111999989,-0.841917108,17.78947368,0.8
2.121000051,-0.85377149,17.78947368,0.8
2.130000114,-0.86850298,17.78947368,0.8
2.138999939,-0.88529936,17.78947368,0.8
2.148000002,-0.903186877,17.78947368,0.8
2.157000065,-0.921107384,17.78947368,0.8
2.165999889,-0.937990002,17.78947368,0.8
2.174999952,-0.952822616,17.78947368,0.8
2.184000015,-0.964740182,17.78947368,0.8
2.193000078,-0.97307858,17.78947368,0.8
2.201999903,-0.977439069,17.78947368,0.8
2.210999966,-0.977698967,17.78947368,0.8
2.220000029,-0.974034639,17.78947368,0.8
2.229000092,-0.966905251,17.78947368,0.8
2.237999916,-0.957003724,17.78947368,0.8
2.246999979,-0.945211176,17.78947368,0.8
2.256000042,-0.932528552,17.78947368,0.8
2.265000105,-0.919991925,17.78947368,0.8
2.273999929,-0.908611103,17.78947368,0.8
2.282999992,-0.899281332,17.78947368,0.8
2.292000055,-0.892734769,17.78947368,0.8
2.301000118,-0.889487943,17.78947368,0.8
2.309999943,-0.889803251,17.78947368,0.8
2.319000006,-0.893680942,17.78947368,0.8
2.328000069,-0.900864277,17.78947368,0.8
2.336999893,-0.910845579,17.78947368,0.8
2.345999956,-0.922916394,17.78947368,0.8
2.355000019,-0.936216125,17.78947368,0.8
2.364000082,-0.949783985,17.78947368,0.8
2.372999907,-0.962635026,17.78947368,0.8
2.381999969,-0.973829862,17.78947368,0.8
2.391000032,-0.982542015,17.78947368,0.8
2.400000095,-0.988117884,17.78947368,0.8
2.40899992,-0.990132184,17.78947368,0.8
2.417999983,-0.988412172,17.78947368,0.8
2.427000046,-0.983052569,17.78947368,0.8
2.436000109,-0.974407299,17.78947368,0.8
2.444999933,-0.963059155,17.78947368,0.8
2.453999996,-0.94977041,17.78947368,0.8
2.463000059,-0.935431358,17.78947368,0.8
2.471999884,-0.920982753,17.78947368,0.8
2.480999947,-0.907351512,17.78947368,0.8
2.49000001,-0.895383562,17.78947368,0.8
2.499000072,-0.885783667,17.78947368,0.8
2.507999897,-0.879072512,17.78947368,0.8
2.51699996,-0.875549804,17.78947368,0.8
2.526000023,-0.87527989,17.78947368,0.8
2.535000086,-0.878091716,17.78947368,0.8
2.54399991,-0.883594316,17.78947368,0.8
2.552999973,-0.891202924,17.78947368,0.8
2.562000036,-0.900183213,17.78947368,0.8
2.571000099,-0.909704349,17.78947368,0.8
2.579999924,-0.918893195,17.78947368,0.8
2.588999987,-0.926898031,17.78947368,0.8
2.59800005,-0.932952179,17.78947368,0.8
2.607000113,-0.936431804,17.78947368,0.8
2.615999937,-0.936889692,17.78947368,0.8
2.625,-0.934105155,17.78947368,0.8
2.634000063,-0.928088675,17.78947368,0.8
2.642999887,-0.919086117,17.78947368,0.8
2.65199995,-0.907550011,17.78947368,0.8
2.661000013,-0.894114571,17.78947368,0.8
2.670000076,-0.879540974,17.78947368,0.8
2.678999901,-0.864652681,17.78947368,0.8
2.687999964,-0.850286678,17.78947368,0.8
2.697000027,-0.837223423,17.78947368,0.8
2.70600009,-0.826132453,17.78947368,0.8
2.714999914,-0.817538112,17.78947368,0.8
2.723999977,-0.811768123,17.78947368,0.8
2.73300004,-0.808957819,17.78947368,0.8
2.742000103,-0.809025008,17.78947368,0.8
2.750999928,-0.811687656,17.78947368,0.8
2.75999999,-0.816488027,17.78947368,0.8
2.769000053,-0.822816329,17.78947368,0.8
2.778000116,-0.829960841,17.78947368,0.8
2.786999941,-0.837157961,17.78947368,0.8
2.796000004,-0.843633277,17.78947368,0.8
2.805000067,-0.848673148,17.78947368,0.8
2.813999891,-0.851666522,17.78947368,0.8
2.822999954,-0.852146843,17.78947368,0.8
2.832000017,-0.84983627,17.78947368,0.8
2.84100008,-0.844660665,17.78947368,0.8
2.849999905,-0.836753639,17.78947368,0.8
2.858999968,-0.826451706,17.78947368,0.8
2.868000031,-0.814264989,17.78947368,0.8
2.877000093,-0.800836129,17.78947368,0.8
2.885999918,-0.786892441,17.78947368,0.8
2.894999981,-0.773191803,17.78947368,0.8
2.904000044,-0.760467578,17.78947368,0.8
2.913000107,-0.749378044,17.78947368,0.8
2.921999931,-0.740458143,17.78947368,0.8
2.930999994,-0.734091994,17.78947368,0.8
2.940000057,-0.730478399,17.78947368,0.8
2.948999882,-0.729633409,17.78947368,0.8
2.957999945,-0.731381574,17.78947368,0.8
2.967000008,-0.73537323,17.78947368,0.8
2.976000071,-0.741109288,17.78947368,0.8
2.984999895,-0.747972623,17.78947368,0.8
2.993999958,-0.755270292,17.78947368,0.8
3.003000021,-0.762281479,17.78947368,0.8
3.012000084,-0.76830642,17.78947368,0.8
3.020999908,-0.772714567,17.78947368,0.8
3.029999971,-0.774995883,17.78947368,0.8
3.039000034,-0.774792762,17.78947368,0.8
3.048000097,-0.77193167,17.78947368,0.8
3.056999922,-0.766439032,17.78947368,0.8
3.065999985,-0.758540682,17.78947368,0.8
3.075000048,-0.748640713,17.78947368,0.8
3.084000111,-0.737298497,17.78947368,0.8
3.092999935,-0.72518098,17.78947368,0.8
3.101999998,-0.713018376,17.78947368,0.8
3.111000061,-0.701548227,17.78947368,0.8
3.119999886,-0.691462666,17.78947368,0.8
3.128999949,-0.683365786,17.78947368,0.8
3.138000011,-0.677728958,17.78947368,0.8
3.147000074,-0.674863171,17.78947368,0.8
3.155999899,-0.674901725,17.78947368,0.8
3.164999962,-0.677788551,17.78947368,0.8
3.174000025,-0.683285194,17.78947368,0.8
3.183000088,-0.690982949,17.78947368,0.8
3.191999912,-0.700332995,17.78947368,0.8
3.200999975,-0.71067454,17.78947368,0.8
3.210000038,-0.721282119,17.78947368,0.8
3.219000101,-0.731410426,17.78947368,0.8
3.227999926,-0.740345493,17.78947368,0.8
3.236999989,-0.747460308,17.78947368,0.8
3.246000051,-0.752260566,17.78947368,0.8
3.255000114,-0.75442556,17.78947368,0.8
3.263999939,-0.753837235,17.78947368,0.8
3.273000002,-0.75059792,17.78947368,0.8
3.282000065,-0.74502244,17.78947368,0.8
3.290999889,-0.737625903,17.78947368,0.8
3.299999952,-0.729084373,17.78947368,0.8
3.309000015,-0.720190443,17.78947368,0.8
3.318000078,-0.711801919,17.78947368,0.8
3.326999903,-0.704777345,17.78947368,0.8
3.335999966,-0.699927422,17.78947368,0.8
3.345000029,-0.697958967,17.78947368,0.8
3.354000092,-0.699430814,17.78947368,0.8
3.362999916,-0.704725355,17.78947368,0.8
3.371999979,-0.71402103,17.78947368,0.8
3.381000042,-0.72728093,17.78947368,0.8
3.390000105,-0.74425683,17.78947368,0.8
3.398999929,-0.764497334,17.78947368,0.8
3.407999992,-0.787371295,17.78947368,0.8
3.417000055,-0.812108099,17.78947368,0.8
3.426000118,-0.837834353,17.78947368,0.8
3.434999943,-0.863644734,17.78947368,0.8
3.444000006,-0.888657601,17.78947368,0.8
3.453000069,-0.912098348,17.78947368,0.8
3.461999893,-0.933365759,17.78947368,0.8
3.470999956,-0.952108761,17.78947368,0.8
3.480000019,-0.968275923,17.78947368,0.8
3.489000082,-0.982167937,17.78947368,0.8
3.497999907,-0.994443467,17.78947368,0.8
3.506999969,-1.006122524,17.78947368,0.8
3.516000032,-1.018557651,17.78947368,0.8
3.525000095,-1.033382949,17.78947368,0.8
3.53399992,-1.052459936,17.78947368,0.8
3.542999983,-1.077815699,17.78947368,0.8
3.552000046,-1.111581472,17.78947368,0.8
3.561000109,-1.155942456,17.78947368,0.8
3.569999933,-1.213097929,17.78947368,0.8
3.578999996,-1.285234068,17.78947368,0.8
3.588000059,-1.374507837,17.78947368,0.8
3.596999884,-1.483038693,17.78947368,0.8
3.605999947,-1.612900219,17.78947368,0.8
3.61500001,-1.766112163,17.78947368,0.8
3.624000072,-1.944611354,17.78947368,0.8
3.632999897,-2.150208642,17.78947368,0.8
3.64199996,-2.384492694,17.78947368,0.8
3.651000023,-2.648689294,17.78947368,0.8
3.660000086,-2.943427166,17.78947368,0.8
3.66899991,-3.268391297,17.78947368,0.8
3.677999973,-3.621832442,17.78947368,0.8
3.687000036,-3.999899296,17.78947368,0.8
3.696000099,-4.395791139,17.78947368,0.8
3.704999924,-4.798824822,17.78947368,0.8
3.713999987,-5.193626908,17.78947368,0.8
3.72300005,-5.559929924,17.78947368,0.8
3.732000113,-5.873635172,17.78947368,0.8
3.740999937,-6.10982219,17.78947368,0.8
3.75,-6.247631187,17.78947368,0.8
3.759000063,-6.275699356,17.78947368,0.8
3.767999887,-6.195654523,17.78947368,0.8
3.77699995,-6.021754999,17.78947368,0.8
3.786000013,-5.776868013,17.78947368,0.8
3.795000076,-5.486968196,17.78947368,0.8
3.803999901,-5.176514557,17.78947368,0.8
3.812999964,-4.865815561,17.78947368,0.8
3.822000027,-4.570246397,17.78947368,0.8
3.83100009,-4.300642914,17.78947368,0.8
3.839999914,-4.064176205,17.78947368,0.8
3.848999977,-3.865338195,17.78947368,0.8
3.85800004,-3.706804169,17.78947368,0.8
3.867000103,-3.590124977,17.78947368,0.8
3.875999928,-3.516251347,17.78947368,0.8
3.88499999,-3.485929042,17.78947368,0.8
3.894000053,-3.499985667,17.78947368,0.8
3.903000116,-3.559552356,17.78947368,0.8
3.911999941,-3.666247406,17.78947368,0.8
3.921000004,-3.822327777,17.78947368,0.8
3.930000067,-4.030845684,17.78947368,0.8
3.938999891,-4.295815085,17.78947368,0.8
3.947999954,-4.622402024,17.78947368,0.8
3.957000017,-5.017160394,17.78947368,0.8
3.96600008,-5.488343223,17.78947368,0.8
3.974999905,-6.046272919,17.78947368,0.8
3.983999968,-6.703847219,17.78947368,0.8
3.993000031,-7.477100928,17.78947368,0.8
4.001999855,-8.385757906,17.78947368,0.8
4.011000156,-9.453246214,17.78947368,0.8
4.019999981,-10.70450885,17.78947368,0.8
4.028999805,-12.15610571,17.78947368,0.8
4.038000107,-13.78145549,17.78947368,0.8
4.046999931,-15.40913286,17.78947368,0.8
4.056000233,-16.54394954,17.78947368,0.8
4.065000057,-16.51503565,17.78947368,0.8
4.073999882,-15.33900761,17.78947368,0.8
4.083000183,-13.69288598,17.78947368,0.8
4.092000008,-12.05863801,17.78947368,0.8
4.100999832,-10.5995134,17.78947368,0.8
4.110000134,-9.339028996,17.78947368,0.8
4.118999958,-8.259442717,17.78947368,0.8
4.127999783,-7.335108554,17.78947368,0.8
4.137000084,-6.541942907,17.78947368,0.8
4.145999908,-5.859448469,17.78947368,0.8
4.15500021,-5.27067427,17.78947368,0.8
4.164000034,-4.761648788,17.78947368,0.8
4.172999859,-4.320801105,17.78947368,0.8
4.18200016,-3.93847424,17.78947368,0.8
4.190999985,-3.606533332,17.78947368,0.8
4.199999809,-3.31806909,17.78947368,0.8
4.209000111,-3.06715705,17.78947368,0.8
4.217999935,-2.848685601,17.78947368,0.8
4.227000237,-2.658209334,17.78947368,0.8
4.236000061,-2.491840342,17.78947368,0.8
4.244999886,-2.34616327,17.78947368,0.8
4.254000187,-2.218174645,17.78947368,0.8
4.263000011,-2.105217147,17.78947368,0.8
4.271999836,-2.004962314,17.78947368,0.8
4.281000137,-1.915364327,17.78947368,0.8
4.289999962,-1.834644805,17.78947368,0.8
4.298999786,-1.761281156,17.78947368,0.8
4.308000088,-1.693981315,17.78947368,0.8
4.316999912,-1.631681651,17.78947368,0.8
4.326000214,-1.573524464,17.78947368,0.8
4.335000038,-1.518844237,17.78947368,0.8
4.343999863,-1.467151022,17.78947368,0.8
4.353000164,-1.418107861,17.78947368,0.8
4.361999989,-1.371505407,17.78947368,0.8
4.370999813,-1.327241969,17.78947368,0.8
4.380000114,-1.285292258,17.78947368,0.8
4.388999939,-1.245688039,17.78947368,0.8
4.397999763,-1.208490477,17.78947368,0.8
4.407000065,-1.173767195,17.78947368,0.8
4.415999889,-1.141579295,17.78947368,0.8
4.425000191,-1.111958414,17.78947368,0.8
4.434000015,-1.084903584,17.78947368,0.8
4.44299984,-1.060368239,17.78947368,0.8
4.452000141,-1.038256916,17.78947368,0.8
4.460999966,-1.018428125,17.78947368,0.8
4.46999979,-1.000695102,17.78947368,0.8
4.479000092,-0.984833182,17.78947368,0.8
4.487999916,-0.970589243,17.78947368,0.8
4.497000217,-0.957690376,17.78947368,0.8
4.506000042,-0.945860832,17.78947368,0.8
4.514999866,-0.934827691,17.78947368,0.8
4.524000168,-0.924337522,17.78947368,0.8
4.532999992,-0.914167469,17.78947368,0.8
4.541999817,-0.90413443,17.78947368,0.8
4.551000118,-0.89410078,17.78947368,0.8
4.559999943,-0.883980438,17.78947368,0.8
4.568999767,-0.87373788,17.78947368,0.8
4.578000069,-0.863389365,17.78947368,0.8
4.586999893,-0.852992913,17.78947368,0.8
4.596000195,-0.842646217,17.78947368,0.8
4.605000019,-0.832472134,17.78947368,0.8
4.613999844,-0.822610462,17.78947368,0.8
4.623000145,-0.81320833,17.78947368,0.8
4.631999969,-0.804401069,17.78947368,0.8
4.640999794,-0.796313496,17.78947368,0.8
4.650000095,-0.789041731,17.78947368,0.8
4.65899992,-0.782650048,17.78947368,0.8
4.668000221,-0.777165407,17.78947368,0.8
4.677000046,-0.772579763,17.78947368,0.8
4.68599987,-0.768842622,17.78947368,0.8
4.695000172,-0.765870079,17.78947368,0.8
4.703999996,-0.763550912,17.78947368,0.8
4.712999821,-0.761749262,17.78947368,0.8
4.722000122,-0.76031572,17.78947368,0.8
4.730999947,-0.759097256,17.78947368,0.8
4.739999771,-0.757946159,17.78947368,0.8
4.749000072,-0.756731756,17.78947368,0.8
4.757999897,-0.755343234,17.78947368,0.8
4.767000198,-0.753701318,17.78947368,0.8
4.776000023,-0.751761767,17.78947368,0.8
4.784999847,-0.749515394,17.78947368,0.8
4.794000149,-0.746990899,17.78947368,0.8
4.802999973,-0.744249103,17.78947368,0.8
4.811999798,-0.741377893,17.78947368,0.8
4.821000099,-0.73848674,17.78947368,0.8
4.829999924,-0.735699592,17.78947368,0.8
4.839000225,-0.733140129,17.78947368,0.8
4.84800005,-0.730930519,17.78947368,0.8
4.856999874,-0.729177088,17.78947368,0.8
4.866000175,-0.727963771,17.78947368,0.8
4.875,-0.727352389,17.78947368,0.8
4.883999825,-0.72736627,17.78947368,0.8
4.893000126,-0.728002073,17.78947368,0.8
4.90199995,-0.729220976,17.78947368,0.8
4.910999775,-0.730953393,17.78947368,0.8
4.920000076,-0.733108427,17.78947368,0.8
4.928999901,-0.735572042,17.78947368,0.8
4.938000202,-0.738222722,17.78947368,0.8
4.947000027,-0.740936005,17.78947368,0.8
4.955999851,-0.743593454,17.78947368,0.8
4.965000153,-0.746091893,17.78947368,0.8
4.973999977,-0.748348742,17.78947368,0.8
4.982999802,-0.750311868,17.78947368,0.8
4.992000103,-0.751958639,17.78947368,0.8
5.000999928,-0.753301404,17.78947368,0.8
5.010000229,-0.754383133,17.78947368,0.8
5.019000053,-0.755276064,17.78947368,0.8
5.027999878,-0.756077288,17.78947368,0.8
5.037000179,-0.756897265,17.78947368,0.8
5.046000004,-0.757858206,17.78947368,0.8
5.054999828,-0.759081576,17.78947368,0.8
5.06400013,-0.760678385,17.78947368,0.8
5.072999954,-0.762744947,17.78947368,0.8
5.081999779,-0.765351803,17.78947368,0.8
5.09100008,-0.768541257,17.78947368,0.8
5.099999905,-0.772323741,17.78947368,0.8
5.109000206,-0.776677478,17.78947368,0.8
5.118000031,-0.781546659,17.78947368,0.8
5.126999855,-0.786848947,17.78947368,0.8
5.136000156,-0.792479376,17.78947368,0.8
5.144999981,-0.798319236,17.78947368,0.8
5.153999805,-0.804240361,17.78947368,0.8
5.163000107,-0.810122326,17.78947368,0.8
5.171999931,-0.81585152,17.78947368,0.8
5.181000233,-0.821339404,17.78947368,0.8
5.190000057,-0.826524294,17.78947368,0.8
5.198999882,-0.831376708,17.78947368,0.8
5.208000183,-0.835904372,17.78947368,0.8
5.217000008,-0.84014986,17.78947368,0.8
5.225999832,-0.844193026,17.78947368,0.8
5.235000134,-0.848136466,17.78947368,0.8
5.243999958,-0.852111154,17.78947368,0.8
5.252999783,-0.856255431,17.78947368,0.8
5.262000084,-0.860714637,17.78947368,0.8
5.270999908,-0.865624736,17.78947368,0.8
5.28000021,-0.871105144,17.78947368,0.8
5.289000034,-0.877248231,17.78947368,0.8
5.297999859,-0.88411156,17.78947368,0.8
5.30700016,-0.891717672,17.78947368,0.8
5.315999985,-0.900043709,17.78947368,0.8
5.324999809,-0.909028715,17.78947368,0.8
5.334000111,-0.918574861,17.78947368,0.8
5.342999935,-0.928551952,17.78947368,0.8
5.352000237,-0.938809521,17.78947368,0.8
5.361000061,-0.949184686,17.78947368,0.8
5.369999886,-0.959524578,17.78947368,0.8
5.379000187,-0.969682076,17.78947368,0.8
5.388000011,-0.979548312,17.78947368,0.8
5.396999836,-0.98904893,17.78947368,0.8
5.406000137,-0.998166125,17.78947368,0.8
5.414999962,-1.006931751,17.78947368,0.8
5.423999786,-1.015445819,17.78947368,0.8
5.433000088,-1.023860972,17.78947368,0.8
5.441999912,-1.032388709,17.78947368,0.8
5.451000214,-1.041279373,17.78947368,0.8
5.460000038,-1.050822185,17.78947368,0.8
5.468999863,-1.061316833,17.78947368,0.8
5.478000164,-1.073068237,17.78947368,0.8
5.486999989,-1.086359838,17.78947368,0.8
5.495999813,-1.10143669,17.78947368,0.8
5.505000114,-1.118492615,17.78947368,0.8
5.513999939,-1.137645296,17.78947368,0.8
5.522999763,-1.158930849,17.78947368,0.8
5.532000065,-1.182289149,17.78947368,0.8
5.540999889,-1.207562841,17.78947368,0.8
5.550000191,-1.234489155,17.78947368,0.8
5.559000015,-1.262713354,17.78947368,0.8
5.56799984,-1.291793901,17.78947368,0.8
5.577000141,-1.321217843,17.78947368,0.8
5.585999966,-1.350419335,17.78947368,0.8
5.59499979,-1.378813471,17.78947368,0.8
5.604000092,-1.405812646,17.78947368,0.8
5.612999916,-1.43086146,17.78947368,0.8
5.622000217,-1.453462269,17.78947368,0.8
5.631000042,-1.473204626,17.78947368,0.8
5.639999866,-1.489781229,17.78947368,0.8
5.649000168,-1.503009811,17.78947368,0.8
5.657999992,-1.512834449,17.78947368,0.8
5.666999817,-1.519340194,17.78947368,0.8
5.676000118,-1.522733543,17.78947368,0.8
5.684999943,-1.523337725,17.78947368,0.8
5.693999767,-1.521571605,17.78947368,0.8
5.703000069,-1.517934121,17.78947368,0.8
5.711999893,-1.512964876,17.78947368,0.8
5.721000195,-1.507232411,17.78947368,0.8
5.730000019,-1.501300561,17.78947368,0.8
5.738999844,-1.495704817,17.78947368,0.8
5.748000145,-1.490930732,17.78947368,0.8
5.756999969,-1.487399643,17.78947368,0.8
5.765999794,-1.485449523,17.78947368,0.8
5.775000095,-1.485321504,17.78947368,0.8
5.78399992,-1.487171635,17.78947368,0.8
5.793000221,-1.491053463,17.78947368,0.8
5.802000046,-1.49692949,17.78947368,0.8
5.81099987,-1.504682706,17.78947368,0.8
5.820000172,-1.514125804,17.78947368,0.8
5.828999996,-1.525016009,17.78947368,0.8
5.837999821,-1.537071555,17.78947368,0.8
5.847000122,-1.549994039,17.78947368,0.8
5.855999947,-1.563481983,17.78947368,0.8
5.864999771,-1.577251724,17.78947368,0.8
5.874000072,-1.591046491,17.78947368,0.8
5.882999897,-1.604658164,17.78947368,0.8
5.892000198,-1.617928102,17.78947368,0.8
5.901000023,-1.630756961,17.78947368,0.8
5.909999847,-1.643096917,17.78947368,0.8
5.919000149,-1.654959915,17.78947368,0.8
5.927999973,-1.666405405,17.78947368,0.8
5.936999798,-1.67753087,17.78947368,0.8
5.946000099,-1.688459003,17.78947368,0.8
5.954999924,-1.699330346,17.78947368,0.8
5.964000225,-1.710282538,17.78947368,0.8
5.97300005,-1.721446326,17.78947368,0.8
5.981999874,-1.732933477,17.78947368,0.8
5.991000175,-1.744820103,17.78947368,0.8
6,-1.757152877,17.78947368,0.8
6.008999825,-1.769939733,17.78947368,0.8
6.018000126,-1.783145588,17.78947368,0.8
6.02699995,-1.796704826,17.78947368,0.8
6.035999775,-1.810520811,17.78947368,0.8
6.045000076,-1.824472379,17.78947368,0.8
6.053999901,-1.838424899,17.78947368,0.8
6.063000202,-1.852238342,17.78947368,0.8
6.072000027,-1.865778634,17.78947368,0.8
6.080999851,-1.878924353,17.78947368,0.8
6.090000153,-1.891579532,17.78947368,0.8
6.098999977,-1.903668767,17.78947368,0.8
6.107999802,-1.915155195,17.78947368,0.8
6.117000103,-1.926031134,17.78947368,0.8
6.125999928,-1.936321365,17.78947368,0.8
6.135000229,-1.946078316,17.78947368,0.8
6.144000053,-1.955378477,17.78947368,0.8
6.152999878,-1.964317427,17.78947368,0.8
6.162000179,-1.972991675,17.78947368,0.8
6.171000004,-1.981505224,17.78947368,0.8
6.179999828,-1.989953414,17.78947368,0.8
6.18900013,-1.998410894,17.78947368,0.8
6.197999954,-2.006936912,17.78947368,0.8
6.206999779,-2.015566972,17.78947368,0.8
6.21600008,-2.024303598,17.78947368,0.8
6.224999905,-2.033127159,17.78947368,0.8
6.234000206,-2.041988758,17.78947368,0.8
6.243000031,-2.050819636,17.78947368,0.8
6.251999855,-2.059532287,17.78947368,0.8
6.261000156,-2.068032954,17.78947368,0.8
6.269999981,-2.076215561,17.78947368,0.8
6.278999805,-2.083987707,17.78947368,0.8
6.288000107,-2.091261995,17.78947368,0.8
6.296999931,-2.097968768,17.78947368,0.8
6.306000233,-2.104058051,17.78947368,0.8
6.315000057,-2.109507048,17.78947368,0.8
6.323999882,-2.114315798,17.78947368,0.8
6.333000183,-2.118513323,17.78947368,0.8
6.342000008,-2.122147359,17.78947368,0.8
6.350999832,-2.125286918,17.78947368,0.8
6.360000134,-2.12801527,17.78947368,0.8
6.368999958,-2.130425526,17.78947368,0.8
6.377999783,-2.13260628,17.78947368,0.8
6.387000084,-2.134650712,17.78947368,0.8
6.395999908,-2.136629694,17.78947368,0.8
6.40500021,-2.138609399,17.78947368,0.8
6.414000034,-2.14062932,17.78947368,0.8
6.422999859,-2.142711717,17.78947368,0.8
6.43200016,-2.144851135,17.78947368,0.8
6.440999985,-2.147024018,17.78947368,0.8
6.449999809,-2.149190569,17.78947368,0.8
6.459000111,-2.151288505,17.78947368,0.8
6.467999935,-2.153249781,17.78947368,0.8
6.477000237,-2.155002425,17.78947368,0.8
6.486000061,-2.15646887,17.78947368,0.8
6.494999886,-2.157585461,17.78947368,0.8
6.504000187,-2.158295733,17.78947368,0.8
6.513000011,-2.158559538,17.78947368,0.8
6.521999836,-2.158357744,17.78947368,0.8
6.531000137,-2.157690165,17.78947368,0.8
6.539999962,-2.156576774,17.78947368,0.8
6.548999786,-2.155063069,17.78947368,0.8
6.558000088,-2.153207695,17.78947368,0.8
6.566999912,-2.151081623,17.78947368,0.8
6.576000214,-2.148766853,17.78947368,0.8
6.585000038,-2.14635361,17.78947368,0.8
6.593999863,-2.143923481,17.78947368,0.8
6.603000164,-2.141555292,17.78947368,0.8
6.611999989,-2.139318259,17.78947368,0.8
6.620999813,-2.137260994,17.78947368,0.8
6.630000114,-2.13542137,17.78947368,0.8
6.638999939,-2.133812507,17.78947368,0.8
6.647999763,-2.132429862,17.78947368,0.8
6.657000065,-2.131251953,17.78947368,0.8
6.665999889,-2.130242321,17.78947368,0.8
6.675000191,-2.129349218,17.78947368,0.8
6.684000015,-2.128513571,17.78947368,0.8
6.69299984,-2.127677491,17.78947368,0.8
6.702000141,-2.126779731,17.78947368,0.8
6.710999966,-2.125768059,17.78947368,0.8
6.71999979,-2.12459975,17.78947368,0.8
6.729000092,-2.123248127,17.78947368,0.8
6.737999916,-2.121702888,17.78947368,0.8
6.747000217,-2.119971246,17.78947368,0.8
6.756000042,-2.118079692,17.78947368,0.8
6.764999866,-2.116071507,17.78947368,0.8
6.774000168,-2.114004502,17.78947368,0.8
6.782999992,-2.11194841,17.78947368,0.8
6.791999817,-2.109981948,17.78947368,0.8
6.801000118,-2.108183826,17.78947368,0.8
6.809999943,-2.106634677,17.78947368,0.8
6.818999767,-2.105404883,17.78947368,0.8
6.828000069,-2.104557911,17.78947368,0.8
6.836999893,-2.104142126,17.78947368,0.8
6.846000195,-2.104188506,17.78947368,0.8
6.855000019,-2.104715451,17.78947368,0.8
6.863999844,-2.105718818,17.78947368,0.8
6.873000145,-2.107184486,17.78947368,0.8
6.881999969,-2.109074647,17.78947368,0.8
6.890999794,-2.111349688,17.78947368,0.8
6.900000095,-2.113958017,17.78947368,0.8
6.90899992,-2.116846867,17.78947368,0.8
6.918000221,-2.11996331,17.78947368,0.8
6.927000046,-2.123261157,17.78947368,0.8
6.93599987,-2.12670526,17.78947368,0.8
6.945000172,-2.130272559,17.78947368,0.8
6.953999996,-2.133957527,17.78947368,0.8
6.962999821,-2.137770497,17.78947368,0.8
6.972000122,-2.141740741,17.78947368,0.8
6.980999947,-2.145916717,17.78947368,0.8
6.989999771,-2.15035874,17.78947368,0.8
6.999000072,-2.155142242,17.78947368,0.8
7.007999897,-2.160351154,17.78947368,0.8
7.017000198,-2.166074515,17.78947368,0.8
7.026000023,-2.172400259,17.78947368,0.8
7.034999847,-2.179413824,17.78947368,0.8
7.044000149,-2.187191723,17.78947368,0.8
7.052999973,-2.195798366,17.78947368,0.8
7.061999798,-2.205285938,17.78947368,0.8
7.071000099,-2.215686933,17.78947368,0.8
7.079999924,-2.22702113,17.78947368,0.8
7.089000225,-2.239289373,17.78947368,0.8
7.09800005,-2.252479632,17.78947368,0.8
7.106999874,-2.266566294,17.78947368,0.8
7.116000175,-2.281516392,17.78947368,0.8
7.125,-2.29729295,17.78947368,0.8
7.133999825,-2.313860953,17.78947368,0.8
7.143000126,-2.331187271,17.78947368,0.8
7.15199995,-2.349252174,17.78947368,0.8
7.160999775,-2.368049041,17.78947368,0.8
7.170000076,-2.387588673,17.78947368,0.8
7.178999901,-2.407905012,17.78947368,0.8
7.188000202,-2.429051639,17.78947368,0.8
7.197000027,-2.451105359,17.78947368,0.8
7.205999851,-2.474165384,17.78947368,0.8
7.215000153,-2.498349445,17.78947368,0.8
7.223999977,-2.523792545,17.78947368,0.8
7.232999802,-2.550642018,17.78947368,0.8
7.242000103,-2.579053162,17.78947368,0.8
7.250999928,-2.609181,17.78947368,0.8
7.260000229,-2.641185385,17.78947368,0.8
7.269000053,-2.675210497,17.78947368,0.8
7.277999878,-2.711396253,17.78947368,0.8
7.287000179,-2.749866199,17.78947368,0.8
7.296000004,-2.790726914,17.78947368,0.8
7.304999828,-2.834070017,17.78947368,0.8
7.31400013,-2.879968445,17.78947368,0.8
7.322999954,-2.928481059,17.78947368,0.8
7.331999779,-2.979656845,17.78947368,0.8
7.34100008,-3.033535439,17.78947368,0.8
7.349999905,-3.090157417,17.78947368,0.8
7.359000206,-3.149568585,17.78947368,0.8
7.368000031,-3.211827041,17.78947368,0.8
7.376999855,-3.277007381,17.78947368,0.8
7.386000156,-3.345216072,17.78947368,0.8
7.394999981,-3.416589751,17.78947368,0.8
7.403999805,-3.491304714,17.78947368,0.8
7.413000107,-3.56957996,17.78947368,0.8
7.421999931,-3.651679064,17.78947368,0.8
7.431000233,-3.737910632,17.78947368,0.8
7.440000057,-3.828627177,17.78947368,0.8
7.448999882,-3.924219553,17.78947368,0.8
7.458000183,-4.025110225,17.78947368,0.8
7.467000008,-4.131746449,17.78947368,0.8
7.475999832,-4.24458492,17.78947368,0.8
7.485000134,-4.364083464,17.78947368,0.8
7.493999958,-4.490687405,17.78947368,0.8
7.502999783,-4.624804954,17.78947368,0.8
7.512000084,-4.76680161,17.78947368,0.8
7.520999908,-4.916977635,17.78947368,0.8
7.53000021,-5.075550489,17.78947368,0.8
7.539000034,-5.242641635,17.78947368,0.8
7.547999859,-5.418256911,17.78947368,0.8
7.55700016,-5.602286753,17.78947368,0.8
7.565999985,-5.794486444,17.78947368,0.8
7.574999809,-5.994486525,17.78947368,0.8
7.584000111,-6.201795627,17.78947368,0.8
7.592999935,-6.415823732,17.78947368,0.8
7.602000237,-6.635911643,17.78947368,0.8
7.611000061,-6.861371679,17.78947368,0.8
7.619999886,-7.091555232,17.78947368,0.8
7.629000187,-7.32590708,17.78947368,0.8
7.638000011,-7.564057609,17.78947368,0.8
7.646999836,-7.805900159,17.78947368,0.8
7.656000137,-8.051679348,17.78947368,0.8
7.664999962,-8.302068172,17.78947368,0.8
7.673999786,-8.558241371,17.78947368,0.8
7.683000088,-8.821927155,17.78947368,0.8
7.691999912,-9.095461665,17.78947368,0.8
7.701000214,-9.381810088,17.78947368,0.8
7.710000038,-9.684604908,17.78947368,0.8
7.718999863,-10.00817185,17.78947368,0.8
7.728000164,-10.35757621,17.78947368,0.8
7.736999989,-10.73869874,17.78947368,0.8
7.745999813,-11.15835651,17.78947368,0.8
7.755000114,-11.62447775,17.78947368,0.8
7.763999939,-12.14639665,17.78947368,0.8
7.772999763,-12.73526132,17.78947368,0.8
7.782000065,-13.4046287,17.78947368,0.8
7.790999889,-14.17135679,17.78947368,0.8
7.800000191,-15.05688633,17.78947368,0.8
7.809000015,-16.08905872,17.78947368,0.8
7.81799984,-17.30449304,17.78947368,0.8
7.827000141,-18.75073829,17.78947368,0.8
7.835999966,-20.48327578,17.78947368,0.8
7.84499979,-22.53290506,17.78947368,0.8
7.854000092,-24.73695739,17.78947368,0.8
7.862999916,-26.21854296,17.78947368,0.8
7.872000217,-25.60907496,17.78947368,0.8
7.881000042,-23.47615686,17.78947368,0.8
7.889999866,-21.17013724,17.78947368,0.8
7.899000168,-19.14461312,17.78947368,0.8
7.907999992,-17.43161617,17.78947368,0.8
7.916999817,-15.9806831,17.78947368,0.8
7.926000118,-14.73937809,17.78947368,0.8
7.934999943,-13.66599131,17.78947368,0.8
7.943999767,-12.72890858,17.78947368,0.8
7.953000069,-11.90413216,17.78947368,0.8
7.961999893,-11.17316471,17.78947368,0.8
7.971000195,-10.52147956,17.78947368,0.8
7.980000019,-9.937446974,17.78947368,0.8
7.988999844,-9.411599432,17.78947368,0.8
7.998000145,-8.936123032,17.78947368,0.8
8.006999969,-8.504488231,17.78947368,0.8
8.015999794,-8.111195076,17.78947368,0.8
8.024999619,-7.751580424,17.78947368,0.8
8.034000397,-7.421681268,17.78947368,0.8
8.043000221,-7.118118967,17.78947368,0.8
8.052000046,-6.838015992,17.78947368,0.8
8.06099987,-6.578929685,17.78947368,0.8
8.069999695,-6.338786265,17.78947368,0.8
8.079000473,-6.115833087,17.78947368,0.8
8.088000298,-5.908594741,17.78947368,0.8
8.097000122,-5.715824099,17.78947368,0.8
8.105999947,-5.536473664,17.78947368,0.8
8.114999771,-5.369654894,17.78947368,0.8
8.123999596,-5.214608978,17.78947368,0.8
8.133000374,-5.070679134,17.78947368,0.8
8.142000198,-4.937289252,17.78947368,0.8
8.151000023,-4.813919068,17.78947368,0.8
8.159999847,-4.700087554,17.78947368,0.8
8.168999672,-4.595346592,17.78947368,0.8
8.17800045,-4.499261919,17.78947368,0.8
8.187000275,-4.411413843,17.78947368,0.8
8.196000099,-4.331388998,17.78947368,0.8
8.204999924,-4.258783821,17.78947368,0.8
8.213999748,-4.193201682,17.78947368,0.8
8.222999573,-4.13425495,17.78947368,0.8
8.232000351,-4.081574111,17.78947368,0.8
8.241000175,-4.034812274,17.78947368,0.8
8.25,-3.993646226,17.78947368,0.8
8.258999825,-3.957787146,17.78947368,0.8
8.267999649,-3.926983639,17.78947368,0.8
8.277000427,-3.901027557,17.78947368,0.8
8.286000252,-3.879759659,17.78947368,0.8
8.295000076,-3.863068647,17.78947368,0.8
8.303999901,-3.850895373,17.78947368,0.8
8.312999725,-3.843233497,17.78947368,0.8
8.32199955,-3.840125687,17.78947368,0.8
8.331000328,-3.841660275,17.78947368,0.8
8.340000153,-3.847973079,17.78947368,0.8
8.348999977,-3.859234745,17.78947368,0.8
8.357999802,-3.87565613,17.78947368,0.8
8.366999626,-3.897473848,17.78947368,0.8
8.376000404,-3.924948644,17.78947368,0.8
8.385000229,-3.958365171,17.78947368,0.8
8.394000053,-3.998023378,17.78947368,0.8
8.402999878,-4.044237353,17.78947368,0.8
8.411999702,-4.097336996,17.78947368,0.8
8.420999527,-4.157666275,17.78947368,0.8
8.430000305,-4.225583612,17.78947368,0.8
8.43900013,-4.301468359,17.78947368,0.8
8.447999954,-4.385723573,17.78947368,0.8
8.456999779,-4.478783855,17.78947368,0.8
8.465999603,-4.581120662,17.78947368,0.8
8.475000381,-4.693256839,17.78947368,0.8
8.484000206,-4.815771001,17.78947368,0.8
8.493000031,-4.949309505,17.78947368,0.8
8.501999855,-5.094609893,17.78947368,0.8
8.51099968,-5.252502101,17.78947368,0.8
8.520000458,-5.423927095,17.78947368,0.8
8.529000282,-5.60995812,17.78947368,0.8
8.538000107,-5.811813064,17.78947368,0.8
8.546999931,-6.03087866,17.78947368,0.8
8.555999756,-6.268724098,17.78947368,0.8
8.56499958,-6.527131068,17.78947368,0.8
8.574000359,-6.808123163,17.78947368,0.8
8.583000183,-7.113988926,17.78947368,0.8
8.592000008,-7.447329263,17.78947368,0.8
8.600999832,-7.811103047,17.78947368,0.8
8.609999657,-8.208684072,17.78947368,0.8
8.619000435,-8.643933607,17.78947368,0.8
8.628000259,-9.121295104,17.78947368,0.8
8.637000084,-9.645908732,17.78947368,0.8
8.645999908,-10.22374522,17.78947368,0.8
8.654999733,-10.86178006,17.78947368,0.8
8.663999557,-11.56816514,17.78947368,0.8
8.673000336,-12.35238404,17.78947368,0.8
8.68200016,-13.22526099,17.78947368,0.8
8.690999985,-14.19852082,17.78947368,0.8
8.699999809,-15.28313826,17.78947368,0.8
8.708999634,-16.48455656,17.78947368,0.8
8.718000412,-17.79017528,17.78947368,0.8
8.727000237,-19.13978447,17.78947368,0.8
8.736000061,-20.36990842,17.78947368,0.8
8.744999886,-21.16997294,17.78947368,0.8
8.75399971,-21.21396112,17.78947368,0.8
8.762999535,-20.48675495,17.78947368,0.8
8.772000313,-19.30245123,17.78947368,0.8
8.781000137,-17.98011888,17.78947368,0.8
8.789999962,-16.69279278,17.78947368,0.8
8.798999786,-15.50563467,17.78947368,0.8
8.807999611,-14.43316609,17.78947368,0.8
8.817000389,-13.47052989,17.78947368,0.8
8.826000214,-12.6068625,17.78947368,0.8
8.835000038,-11.83043591,17.78947368,0.8
8.843999863,-11.13043587,17.78947368,0.8
8.852999687,-10.49744745,17.78947368,0.8
8.862000465,-9.923457526,17.78947368,0.8
8.87100029,-9.401683043,17.78947368,0.8
8.880000114,-8.926377692,17.78947368,0.8
8.888999939,-8.492656593,17.78947368,0.8
8.897999763,-8.096325199,17.78947368,0.8
8.906999588,-7.733752217,17.78947368,0.8
8.916000366,-7.401755651,17.78947368,0.8
8.925000191,-7.097521096,17.78947368,0.8
8.934000015,-6.818526127,17.78947368,0.8
8.94299984,-6.56248317,17.78947368,0.8
8.951999664,-6.327294772,17.78947368,0.8
8.961000443,-6.111018669,17.78947368,0.8
8.970000267,-5.911842829,17.78947368,0.8
8.979000092,-5.728061416,17.78947368,0.8
8.987999916,-5.55806769,17.78947368,0.8
8.996999741,-5.400342479,17.78947368,0.8
9.005999565,-5.253448133,17.78947368,0.8
9.015000343,-5.11603827,17.78947368,0.8
9.024000168,-4.986858193,17.78947368,0.8
9.032999992,-4.864751979,17.78947368,0.8
9.041999817,-4.748671093,17.78947368,0.8
9.050999641,-4.637686472,17.78947368,0.8
9.06000042,-4.530991317,17.78947368,0.8
9.069000244,-4.427916468,17.78947368,0.8
9.078000069,-4.327923448,17.78947368,0.8
9.086999893,-4.230615033,17.78947368,0.8
9.095999718,-4.135718352,17.78947368,0.8
9.104999542,-4.043088932,17.78947368,0.8
9.11400032,-3.952687706,17.78947368,0.8
9.123000145,-3.864568846,17.78947368,0.8
9.131999969,-3.778859536,17.78947368,0.8
9.140999794,-3.695738648,17.78947368,0.8
9.149999619,-3.61541646,17.78947368,0.8
9.159000397,-3.538112777,17.78947368,0.8
9.168000221,-3.464038081,17.78947368,0.8
9.177000046,-3.393379373,17.78947368,0.8
9.18599987,-3.326280461,17.78947368,0.8
9.194999695,-3.262841328,17.78947368,0.8
9.204000473,-3.203103907,17.78947368,0.8
9.213000298,-3.147048939,17.78947368,0.8
9.222000122,-3.094604172,17.78947368,0.8
9.230999947,-3.04563535,17.78947368,0.8
9.239999771,-2.999962031,17.78947368,0.8
9.248999596,-2.957362153,17.78947368,0.8
9.258000374,-2.91758022,17.78947368,0.8
9.267000198,-2.880342017,17.78947368,0.8
9.276000023,-2.845364972,17.78947368,0.8
9.284999847,-2.81236964,17.78947368,0.8
9.293999672,-2.781093846,17.78947368,0.8
9.30300045,-2.751300688,17.78947368,0.8
9.312000275,-2.72278912,17.78947368,0.8
9.321000099,-2.695399361,17.78947368,0.8
9.329999924,-2.669017991,17.78947368,0.8
9.338999748,-2.643577787,17.78947368,0.8
9.347999573,-2.619055707,17.78947368,0.8
9.357000351,-2.595470462,17.78947368,0.8
9.366000175,-2.57287322,17.78947368,0.8
9.375,-2.551340676,17.78947368,0.8
9.383999825,-2.530963485,17.78947368,0.8
9.392999649,-2.51183962,17.78947368,0.8
9.402000427,-2.49405938,17.78947368,0.8
9.411000252,-2.477700142,17.78947368,0.8
9.420000076,-2.462815861,17.78947368,0.8
9.428999901,-2.449432579,17.78947368,0.8
9.437999725,-2.437541771,17.78947368,0.8
9.44699955,-2.427101311,17.78947368,0.8
9.456000328,-2.418036575,17.78947368,0.8
9.465000153,-2.410241866,17.78947368,0.8
9.473999977,-2.403584557,17.78947368,0.8
9.482999802,-2.397915514,17.78947368,0.8
9.491999626,-2.393076051,17.78947368,0.8
9.501000404,-2.388906985,17.78947368,0.8
9.510000229,-2.385257263,17.78947368,0.8
9.519000053,-2.38199561,17.78947368,0.8
9.527999878,-2.379017474,17.78947368,0.8
9.536999702,-2.376251746,17.78947368,0.8
9.545999527,-2.3736611,17.78947368,0.8
9.555000305,-2.371249253,17.78947368,0.8
9.56400013,-2.369058985,17.78947368,0.8
9.572999954,-2.367162421,17.78947368,0.8
9.581999779,-2.3656636,17.78947368,0.8
9.590999603,-2.364688048,17.78947368,0.8
9.600000381,-2.364367456,17.78947368,0.8
9.609000206,-2.364842188,17.78947368,0.8
9.618000031,-2.366238459,17.78947368,0.8
9.626999855,-2.368665695,17.78947368,0.8
9.63599968,-2.372212843,17.78947368,0.8
9.645000458,-2.37692833,17.78947368,0.8
9.654000282,-2.382830949,17.78947368,0.8
9.663000107,-2.389900474,17.78947368,0.8
9.671999931,-2.398074176,17.78947368,0.8
9.680999756,-2.407261119,17.78947368,0.8
9.68999958,-2.417338608,17.78947368,0.8
9.699000359,-2.428165993,17.78947368,0.8
9.708000183,-2.439589128,17.78947368,0.8
9.717000008,-2.451456243,17.78947368,0.8
9.725999832,-2.463624276,17.78947368,0.8
9.734999657,-2.475971751,17.78947368,0.8
9.744000435,-2.488406789,17.78947368,0.8
9.753000259,-2.500875235,17.78947368,0.8
9.762000084,-2.513365321,17.78947368,0.8
9.770999908,-2.525908652,17.78947368,0.8
9.779999733,-2.538578442,17.78947368,0.8
9.788999557,-2.551489748,17.78947368,0.8
9.798000336,-2.564783785,17.78947368,0.8
9.80700016,-2.578630277,17.78947368,0.8
9.815999985,-2.593205238,17.78947368,0.8
9.824999809,-2.608688106,17.78947368,0.8
9.833999634,-2.625240765,17.78947368,0.8
9.843000412,-2.643008711,17.78947368,0.8
9.852000237,-2.662100261,17.78947368,0.8
9.861000061,-2.682581262,17.78947368,0.8
9.869999886,-2.704474496,17.78947368,0.8
9.87899971,-2.727756245,17.78947368,0.8
9.887999535,-2.752351865,17.78947368,0.8
9.897000313,-2.778145102,17.78947368,0.8
9.906000137,-2.80498739,17.78947368,0.8
9.914999962,-2.83270201,17.78947368,0.8
9.923999786,-2.861103072,17.78947368,0.8
9.932999611,-2.890002668,17.78947368,0.8
9.942000389,-2.919227703,17.78947368,0.8
9.951000214,-2.948636645,17.78947368,0.8
9.960000038,-2.978123593,17.78947368,0.8
9.968999863,-3.007634211,17.78947368,0.8
9.977999687,-3.037169279,17.78947368,0.8
9.987000465,-3.066782376,17.78947368,0.8
9.99600029,-3.096587844,17.78947368,0.8
10.00500011,-3.126739799,17.78947368,0.8
10.01399994,-3.157442997,17.78947368,0.8
10.02299976,-3.188921036,17.78947368,0.8
10.03199959,-3.221411041,17.78947368,0.8
10.04100037,-3.255147084,17.78947368,0.8
10.05000019,-3.290347096,17.78947368,0.8
10.05900002,-3.327188656,17.78947368,0.8
10.06799984,-3.365808258,17.78947368,0.8
10.07699966,-3.406283856,17.78947368,0.8
10.08600044,-3.448629943,17.78947368,0.8
10.09500027,-3.492793043,17.78947368,0.8
10.10400009,-3.538656913,17.78947368,0.8
10.11299992,-3.586049578,17.78947368,0.8
10.12199974,-3.634744442,17.78947368,0.8
10.13099957,-3.684492047,17.78947368,0.8
10.14000034,-3.735015282,17.78947368,0.8
10.14900017,-3.786047934,17.78947368,0.8
10.15799999,-3.837337019,17.78947368,0.8
10.16699982,-3.888670228,17.78947368,0.8
10.17599964,-3.939894777,17.78947368,0.8
10.18500042,-3.990916099,17.78947368,0.8
10.19400024,-4.041716799,17.78947368,0.8
10.20300007,-4.092358849,17.78947368,0.8
10.21199989,-4.142969682,17.78947368,0.8
10.22099972,-4.193750404,17.78947368,0.8
10.22999954,-4.244944169,17.78947368,0.8
10.23900032,-4.296828896,17.78947368,0.8
10.24800014,-4.349698927,17.78947368,0.8
10.25699997,-4.403839489,17.78947368,0.8
10.26599979,-4.459502317,17.78947368,0.8
10.27499962,-4.516889423,17.78947368,0.8
10.2840004,-4.576139502,17.78947368,0.8
10.29300022,-4.637307412,17.78947368,0.8
10.30200005,-4.700355054,17.78947368,0.8
10.31099987,-4.765159314,17.78947368,0.8
10.31999969,-4.831500503,17.78947368,0.8
10.32900047,-4.8990801,17.78947368,0.8
10.3380003,-4.967531369,17.78947368,0.8
10.34700012,-5.03644119,17.78947368,0.8
10.35599995,-5.105367521,17.78947368,0.8
10.36499977,-5.173871294,17.78947368,0.8
10.3739996,-5.241532303,17.78947368,0.8
10.38300037,-5.307984016,17.78947368,0.8
10.3920002,-5.372925094,17.78947368,0.8
10.40100002,-5.436144449,17.78947368,0.8
10.40999985,-5.497523134,17.78947368,0.8
10.41899967,-5.557049558,17.78947368,0.8
10.42800045,-5.614805225,17.78947368,0.8
10.43700027,-5.670961563,17.78947368,0.8
10.4460001,-5.725757525,17.78947368,0.8
10.45499992,-5.77948606,17.78947368,0.8
10.46399975,-5.832462602,17.78947368,0.8
10.47299957,-5.885003556,17.78947368,0.8
10.48200035,-5.937398709,17.78947368,0.8
10.49100018,-5.989879451,17.78947368,0.8
10.5,-6.042619535,17.78947368,0.8
1.5,-0.18637784,17.78947368,2
1.508999944,-0.182992037,17.78947368,2
1.518000007,-0.180736308,17.78947368,2
1.52699995,-0.179759607,17.78947368,2
1.536000013,-0.180154139,17.78947368,2
1.544999957,-0.181956566,17.78947368,2
1.55400002,-0.185145287,17.78947368,2
1.562999964,-0.189643342,17.78947368,2
1.572000027,-0.195320248,17.78947368,2
1.58099997,-0.202003684,17.78947368,2
1.590000033,-0.209479324,17.78947368,2
1.598999977,-0.217506627,17.78947368,2
1.60800004,-0.2258239,17.78947368,2
1.616999984,-0.234161996,17.78947368,2
1.626000047,-0.242253789,17.78947368,2
1.63499999,-0.249847863,17.78947368,2
1.644000053,-0.256713663,17.78947368,2
1.652999997,-0.262661466,17.78947368,2
1.661999941,-0.267533848,17.78947368,2
1.671000004,-0.271228648,17.78947368,2
1.679999948,-0.273691418,17.78947368,2
1.68900001,-0.274925531,17.78947368,2
1.697999954,-0.274983124,17.78947368,2
1.707000017,-0.273963595,17.78947368,2
1.715999961,-0.272018071,17.78947368,2
1.725000024,-0.269327855,17.78947368,2
1.733999968,-0.266105985,17.78947368,2
1.743000031,-0.262580935,17.78947368,2
1.751999974,-0.258992536,17.78947368,2
1.761000037,-0.255577436,17.78947368,2
1.769999981,-0.252558745,17.78947368,2
1.779000044,-0.250144041,17.78947368,2
1.787999988,-0.248504185,17.78947368,2
1.797000051,-0.247783292,17.78947368,2
1.805999994,-0.248080669,17.78947368,2
1.815000057,-0.249452281,17.78947368,2
1.824000001,-0.251910436,17.78947368,2
1.832999945,-0.255421635,17.78947368,2
1.842000008,-0.259912941,17.78947368,2
1.850999951,-0.265268595,17.78947368,2
1.860000014,-0.271341871,17.78947368,2
1.868999958,-0.277954186,17.78947368,2
1.878000021,-0.284913694,17.78947368,2
1.886999965,-0.292008851,17.78947368,2
1.896000028,-0.299030167,17.78947368,2
1.904999971,-0.305771315,17.78947368,2
1.914000034,-0.312040199,17.78947368,2
1.922999978,-0.317666927,17.78947368,2
1.932000041,-0.32250919,17.78947368,2
1.940999985,-0.326463822,17.78947368,2
1.950000048,-0.329460401,17.78947368,2
1.958999991,-0.331476234,17.78947368,2
1.968000054,-0.332526866,17.78947368,2
1.976999998,-0.332670278,17.78947368,2
1.985999942,-0.332001982,17.78947368,2
1.995000005,-0.330652259,17.78947368,2
2.003999949,-0.328774822,17.78947368,2
2.013000011,-0.326549503,17.78947368,2
2.022000074,-0.324162992,17.78947368,2
2.030999899,-0.32180705,17.78947368,2
2.039999962,-0.319672375,17.78947368,2
2.049000025,-0.317935419,17.78947368,2
2.058000088,-0.316754517,17.78947368,2
2.066999912,-0.316264297,17.78947368,2
2.075999975,-0.316567892,17.78947368,2
2.085000038,-0.317736202,17.78947368,2
2.094000101,-0.319803375,17.78947368,2
2.102999926,-0.322768152,17.78947368,2
2.111999989,-0.326592197,17.78947368,2
2.121000051,-0.331202487,17.78947368,2
2.130000114,-0.33649767,17.78947368,2
2.138999939,-0.342346779,17.78947368,2
2.148000002,-0.348599083,17.78947368,2
2.157000065,-0.355089883,17.78947368,2
2.165999889,-0.361646824,17.78947368,2
2.174999952,-0.368094377,17.78947368,2
2.184000015,-0.374266138,17.78947368,2
2.193000078,-0.380007235,17.78947368,2
2.201999903,-0.385185891,17.78947368,2
2.210999966,-0.389690739,17.78947368,2
2.220000029,-0.39344702,17.78947368,2
2.229000092,-0.396406543,17.78947368,2
2.237999916,-0.398560143,17.78947368,2
2.246999979,-0.399931442,17.78947368,2
2.256000042,-0.400578562,17.78947368,2
2.265000105,-0.400589158,17.78947368,2
2.273999929,-0.400079313,17.78947368,2
2.282999992,-0.399181459,17.78947368,2
2.292000055,-0.398049296,17.78947368,2
2.301000118,-0.396840658,17.78947368,2
2.309999943,-0.395716525,17.78947368,2
2.319000006,-0.394833075,17.78947368,2
2.328000069,-0.394333375,17.78947368,2
2.336999893,-0.394346546,17.78947368,2
2.345999956,-0.394977096,17.78947368,2
2.355000019,-0.396302591,17.78947368,2
2.364000082,-0.398372992,17.78947368,2
2.372999907,-0.401207847,17.78947368,2
2.381999969,-0.404794996,17.78947368,2
2.391000032,-0.409090809,17.78947368,2
2.400000095,-0.414023586,17.78947368,2
2.40899992,-0.419496434,17.78947368,2
2.417999983,-0.425390211,17.78947368,2
2.427000046,-0.431570534,17.78947368,2
2.436000109,-0.437891387,17.78947368,2
2.444999933,-0.444200867,17.78947368,2
2.453999996,-0.450350945,17.78947368,2
2.463000059,-0.45619892,17.78947368,2
2.471999884,-0.461618291,17.78947368,2
2.480999947,-0.466498958,17.78947368,2
2.49000001,-0.470755477,17.78947368,2
2.499000072,-0.474332675,17.78947368,2
2.507999897,-0.477199872,17.78947368,2
2.51699996,-0.479361331,17.78947368,2
2.526000023,-0.48085056,17.78947368,2
2.535000086,-0.481727518,17.78947368,2
2.54399991,-0.482082126,17.78947368,2
2.552999973,-0.482023165,17.78947368,2
2.562000036,-0.481678317,17.78947368,2
2.571000099,-0.481186372,17.78947368,2
2.579999924,-0.480692155,17.78947368,2
2.588999987,-0.48033907,17.78947368,2
2.59800005,-0.480267406,17.78947368,2
2.607000113,-0.480601038,17.78947368,2
2.615999937,-0.481449375,17.78947368,2
2.625,-0.482901868,17.78947368,2
2.634000063,-0.48502022,17.78947368,2
2.642999887,-0.48784184,17.78947368,2
2.65199995,-0.491375636,17.78947368,2
2.661000013,-0.495599553,17.78947368,2
2.670000076,-0.50046562,17.78947368,2
2.678999901,-0.505902079,17.78947368,2
2.687999964,-0.511812052,17.78947368,2
2.697000027,-0.518082684,17.78947368,2
2.70600009,-0.524584769,17.78947368,2
2.714999914,-0.531183715,17.78947368,2
2.723999977,-0.537739589,17.78947368,2
2.73300004,-0.544117133,17.78947368,2
2.742000103,-0.550190219,17.78947368,2
2.750999928,-0.555848285,17.78947368,2
2.75999999,-0.560995886,17.78947368,2
2.769000053,-0.565566312,17.78947368,2
2.778000116,-0.569514836,17.78947368,2
2.786999941,-0.572827751,17.78947368,2
2.796000004,-0.575517912,17.78947368,2
2.805000067,-0.577628766,17.78947368,2
2.813999891,-0.579225683,17.78947368,2
2.822999954,-0.580402783,17.78947368,2
2.832000017,-0.581270298,17.78947368,2
2.84100008,-0.581951825,17.78947368,2
2.849999905,-0.582583725,17.78947368,2
2.858999968,-0.583302263,17.78947368,2
2.868000031,-0.584243249,17.78947368,2
2.877000093,-0.585534061,17.78947368,2
2.885999918,-0.587288884,17.78947368,2
2.894999981,-0.589604531,17.78947368,2
2.904000044,-0.592554879,17.78947368,2
2.913000107,-0.596191122,17.78947368,2
2.921999931,-0.600539568,17.78947368,2
2.930999994,-0.605590978,17.78947368,2
2.940000057,-0.611317851,17.78947368,2
2.948999882,-0.617663946,17.78947368,2
2.957999945,-0.624550318,17.78947368,2
2.967000008,-0.631877513,17.78947368,2
2.976000071,-0.639528781,17.78947368,2
2.984999895,-0.647381158,17.78947368,2
2.993999958,-0.655304864,17.78947368,2
3.003000021,-0.66316884,17.78947368,2
3.012000084,-0.670851611,17.78947368,2
3.020999908,-0.678245522,17.78947368,2
3.029999971,-0.685255358,17.78947368,2
3.039000034,-0.691813168,17.78947368,2
3.048000097,-0.697874476,17.78947368,2
3.056999922,-0.703422305,17.78947368,2
3.065999985,-0.708470554,17.78947368,2
3.075000048,-0.713060098,17.78947368,2
3.084000111,-0.717260311,17.78947368,2
3.092999935,-0.7211647,17.78947368,2
3.101999998,-0.724890888,17.78947368,2
3.111000061,-0.728568125,17.78947368,2
3.119999886,-0.732338512,17.78947368,2
3.128999949,-0.736350541,17.78947368,2
3.138000011,-0.740749692,17.78947368,2
3.147000074,-0.745674193,17.78947368,2
3.155999899,-0.751252568,17.78947368,2
3.164999962,-0.757590331,17.78947368,2
3.174000025,-0.764775582,17.78947368,2
3.183000088,-0.772870052,17.78947368,2
3.191999912,-0.78190601,17.78947368,2
3.200999975,-0.791892339,17.78947368,2
3.210000038,-0.802805089,17.78947368,2
3.219000101,-0.81459884,17.78947368,2
3.227999926,-0.827204425,17.78947368,2
3.236999989,-0.840536701,17.78947368,2
3.246000051,-0.854497663,17.78947368,2
3.255000114,-0.868986159,17.78947368,2
3.263999939,-0.883903342,17.78947368,2
3.273000002,-0.899160697,17.78947368,2
3.282000065,-0.914689039,17.78947368,2
3.290999889,-0.930445386,17.78947368,2
3.299999952,-0.946423443,17.78947368,2
3.309000015,-0.962654495,17.78947368,2
3.318000078,-0.979214424,17.78947368,2
3.326999903,-0.996227777,17.78947368,2
3.335999966,-1.013870233,17.78947368,2
3.345000029,-1.032365003,17.78947368,2
3.354000092,-1.05197866,17.78947368,2
3.362999916,-1.073022873,17.78947368,2
3.371999979,-1.095843018,17.78947368,2
3.381000042,-1.120810485,17.78947368,2
3.390000105,-1.148314604,17.78947368,2
3.398999929,-1.178749665,17.78947368,2
3.407999992,-1.212507175,17.78947368,2
3.417000055,-1.249957999,17.78947368,2
3.426000118,-1.29144325,17.78947368,2
3.434999943,-1.337260102,17.78947368,2
3.444000006,-1.38765311,17.78947368,2
3.453000069,-1.442792484,17.78947368,2
3.461999893,-1.502771804,17.78947368,2
3.470999956,-1.567597169,17.78947368,2
3.480000019,-1.637171541,17.78947368,2
3.489000082,-1.711295366,17.78947368,2
3.497999907,-1.789652642,17.78947368,2
3.506999969,-1.871819569,17.78947368,2
3.516000032,-1.957259639,17.78947368,2
3.525000095,-2.045333182,17.78947368,2
3.53399992,-2.13530298,17.78947368,2
3.542999983,-2.2263521,17.78947368,2
3.552000046,-2.317610675,17.78947368,2
3.561000109,-2.408179743,17.78947368,2
3.569999933,-2.497159714,17.78947368,2
3.578999996,-2.583688316,17.78947368,2
3.588000059,-2.666990969,17.78947368,2
3.596999884,-2.746404448,17.78947368,2
3.605999947,-2.821435984,17.78947368,2
3.61500001,-2.891781698,17.78947368,2
3.624000072,-2.957370801,17.78947368,2
3.632999897,-3.018382211,17.78947368,2
3.64199996,-3.075260092,17.78947368,2
3.651000023,-3.128710928,17.78947368,2
3.660000086,-3.179704492,17.78947368,2
3.66899991,-3.229457759,17.78947368,2
3.677999973,-3.279396758,17.78947368,2
3.687000036,-3.331149811,17.78947368,2
3.696000099,-3.386503677,17.78947368,2
3.704999924,-3.447375223,17.78947368,2
3.713999987,-3.515787878,17.78947368,2
3.72300005,-3.593841245,17.78947368,2
3.732000113,-3.683696633,17.78947368,2
3.740999937,-3.787559423,17.78947368,2
3.75,-3.907674153,17.78947368,2
3.759000063,-4.046322157,17.78947368,2
3.767999887,-4.205837903,17.78947368,2
3.77699995,-4.388607701,17.78947368,2
3.786000013,-4.597103366,17.78947368,2
3.795000076,-4.833909832,17.78947368,2
3.803999901,-5.101769402,17.78947368,2
3.812999964,-5.403632244,17.78947368,2
3.822000027,-5.742735759,17.78947368,2
3.83100009,-6.122690521,17.78947368,2
3.839999914,-6.547608165,17.78947368,2
3.848999977,-7.022256787,17.78947368,2
3.85800004,-7.552276177,17.78947368,2
3.867000103,-8.144468551,17.78947368,2
3.875999928,-8.80719255,17.78947368,2
3.88499999,-9.550926956,17.78947368,2
3.894000053,-10.38905721,17.78947368,2
3.903000116,-11.33902256,17.78947368,2
3.911999941,-12.42397276,17.78947368,2
3.921000004,-13.67511384,17.78947368,2
3.930000067,-15.13463343,17.78947368,2
3.938999891,-16.85743589,17.78947368,2
3.947999954,-18.90111953,17.78947368,2
3.957000017,-21.25061543,17.78947368,2
3.96600008,-23.46912144,17.78947368,2
3.974999905,-24.11945766,17.78947368,2
3.983999968,-22.53247603,17.78947368,2
3.993000031,-20.19715432,17.78947368,2
4.001999855,-18.0400869,17.78947368,2
4.011000156,-16.2149063,17.78947368,2
4.019999981,-14.68165626,17.78947368,2
4.028999805,-13.38049234,17.78947368,2
4.038000107,-12.26223634,17.78947368,2
4.046999931,-11.29003719,17.78947368,2
4.056000233,-10.43658306,17.78947368,2
4.065000057,-9.681400843,17.78947368,2
4.073999882,-9.00888577,17.78947368,2
4.083000183,-8.406904854,17.78947368,2
4.092000008,-7.865862935,17.78947368,2
4.100999832,-7.378030339,17.78947368,2
4.110000134,-6.937079381,17.78947368,2
4.118999958,-6.537747948,17.78947368,2
4.127999783,-6.17559443,17.78947368,2
4.137000084,-5.846810587,17.78947368,2
4.145999908,-5.548091451,17.78947368,2
4.15500021,-5.276525045,17.78947368,2
4.164000034,-5.029518486,17.78947368,2
4.172999859,-4.804733311,17.78947368,2
4.18200016,-4.600041746,17.78947368,2
4.190999985,-4.413485645,17.78947368,2
4.199999809,-4.243257237,17.78947368,2
4.209000111,-4.08768029,17.78947368,2
4.217999935,-3.94519235,17.78947368,2
4.227000237,-3.814337142,17.78947368,2
4.236000061,-3.693765931,17.78947368,2
4.244999886,-3.582231805,17.78947368,2
4.254000187,-3.478587467,17.78947368,2
4.263000011,-3.3817916,17.78947368,2
4.271999836,-3.290911037,17.78947368,2
4.281000137,-3.205117408,17.78947368,2
4.289999962,-3.123691464,17.78947368,2
4.298999786,-3.046021862,17.78947368,2
4.308000088,-2.971605325,17.78947368,2
4.316999912,-2.900038166,17.78947368,2
4.326000214,-2.831013119,17.78947368,2
4.335000038,-2.764310366,17.78947368,2
4.343999863,-2.699788978,17.78947368,2
4.353000164,-2.637375895,17.78947368,2
4.361999989,-2.577054679,17.78947368,2
4.370999813,-2.518856329,17.78947368,2
4.380000114,-2.462837208,17.78947368,2
4.388999939,-2.409080357,17.78947368,2
4.397999763,-2.35767017,17.78947368,2
4.407000065,-2.308698271,17.78947368,2
4.415999889,-2.26223816,17.78947368,2
4.425000191,-2.218348267,17.78947368,2
4.434000015,-2.177059849,17.78947368,2
4.44299984,-2.138375794,17.78947368,2
4.452000141,-2.102265001,17.78947368,2
4.460999966,-2.068665439,17.78947368,2
4.46999979,-2.037476026,17.78947368,2
4.479000092,-2.00856829,17.78947368,2
4.487999916,-1.98177752,17.78947368,2
4.497000217,-1.956922228,17.78947368,2
4.506000042,-1.933791082,17.78947368,2
4.514999866,-1.912162729,17.78947368,2
4.524000168,-1.891804966,17.78947368,2
4.532999992,-1.87248619,17.78947368,2
4.541999817,-1.853976955,17.78947368,2
4.551000118,-1.836060067,17.78947368,2
4.559999943,-1.818534509,17.78947368,2
4.568999767,-1.801224724,17.78947368,2
4.578000069,-1.783977763,17.78947368,2
4.586999893,-1.766675569,17.78947368,2
4.596000195,-1.749232848,17.78947368,2
4.605000019,-1.731594389,17.78947368,2
4.613999844,-1.713742855,17.78947368,2
4.623000145,-1.695693364,17.78947368,2
4.631999969,-1.677485225,17.78947368,2
4.640999794,-1.659191238,17.78947368,2
4.650000095,-1.640899641,17.78947368,2
4.65899992,-1.622720762,17.78947368,2
4.668000221,-1.604770414,17.78947368,2
4.677000046,-1.587172442,17.78947368,2
4.68599987,-1.570050968,17.78947368,2
4.695000172,-1.55352331,17.78947368,2
4.703999996,-1.53769779,17.78947368,2
4.712999821,-1.522664855,17.78947368,2
4.722000122,-1.508496386,17.78947368,2
4.730999947,-1.495249673,17.78947368,2
4.739999771,-1.482950195,17.78947368,2
4.749000072,-1.471602868,17.78947368,2
4.757999897,-1.461189079,17.78947368,2
4.767000198,-1.451667084,17.78947368,2
4.776000023,-1.442973563,17.78947368,2
4.784999847,-1.435021873,17.78947368,2
4.794000149,-1.427717616,17.78947368,2
4.802999973,-1.420947247,17.78947368,2
4.811999798,-1.414591991,17.78947368,2
4.821000099,-1.408528574,17.78947368,2
4.829999924,-1.402633119,17.78947368,2
4.839000225,-1.39679147,17.78947368,2
4.84800005,-1.39089104,17.78947368,2
4.856999874,-1.38484168,17.78947368,2
4.866000175,-1.378560047,17.78947368,2
4.875,-1.371987892,17.78947368,2
4.883999825,-1.365087547,17.78947368,2
4.893000126,-1.35783625,17.78947368,2
4.90199995,-1.350241919,17.78947368,2
4.910999775,-1.342327426,17.78947368,2
4.920000076,-1.3341395,17.78947368,2
4.928999901,-1.325739685,17.78947368,2
4.938000202,-1.317206827,17.78947368,2
4.947000027,-1.3086291,17.78947368,2
4.955999851,-1.300102469,17.78947368,2
4.965000153,-1.291730169,17.78947368,2
4.973999977,-1.283611983,17.78947368,2
4.982999802,-1.275843941,17.78947368,2
4.992000103,-1.268518849,17.78947368,2
5.000999928,-1.261709101,17.78947368,2
5.010000229,-1.255481926,17.78947368,2
5.019000053,-1.249887281,17.78947368,2
5.027999878,-1.244952946,17.78947368,2
5.037000179,-1.240688989,17.78947368,2
5.046000004,-1.237088424,17.78947368,2
5.054999828,-1.234124069,17.78947368,2
5.06400013,-1.23174813,17.78947368,2
5.072999954,-1.229900453,17.78947368,2
5.081999779,-1.228501857,17.78947368,2
5.09100008,-1.227470014,17.78947368,2
5.099999905,-1.226701923,17.78947368,2
5.109000206,-1.22610226,17.78947368,2
5.118000031,-1.225568632,17.78947368,2
5.126999855,-1.225000069,17.78947368,2
5.136000156,-1.224309187,17.78947368,2
5.144999981,-1.223410693,17.78947368,2
5.153999805,-1.22224157,17.78947368,2
5.163000107,-1.220748314,17.78947368,2
5.171999931,-1.218900947,17.78947368,2
5.181000233,-1.216687861,17.78947368,2
5.190000057,-1.214121004,17.78947368,2
5.198999882,-1.211232809,17.78947368,2
5.208000183,-1.208077784,17.78947368,2
5.217000008,-1.204731152,17.78947368,2
5.225999832,-1.201283749,17.78947368,2
5.235000134,-1.197844774,17.78947368,2
5.243999958,-1.194536077,17.78947368,2
5.252999783,-1.191483433,17.78947368,2
5.262000084,-1.188822836,17.78947368,2
5.270999908,-1.186688814,17.78947368,2
5.28000021,-1.185209915,17.78947368,2
5.289000034,-1.18450947,17.78947368,2
5.297999859,-1.184698697,17.78947368,2
5.30700016,-1.18587206,17.78947368,2
5.315999985,-1.188107678,17.78947368,2
5.324999809,-1.19145816,17.78947368,2
5.334000111,-1.195955775,17.78947368,2
5.342999935,-1.201605994,17.78947368,2
5.352000237,-1.208385611,17.78947368,2
5.361000061,-1.216247808,17.78947368,2
5.369999886,-1.225116718,17.78947368,2
5.379000187,-1.234890537,17.78947368,2
5.388000011,-1.245443813,17.78947368,2
5.396999836,-1.256627108,17.78947368,2
5.406000137,-1.268275477,17.78947368,2
5.414999962,-1.280203558,17.78947368,2
5.423999786,-1.292218871,17.78947368,2
5.433000088,-1.304115629,17.78947368,2
5.441999912,-1.31569149,17.78947368,2
5.451000214,-1.326742558,17.78947368,2
5.460000038,-1.337073444,17.78947368,2
5.468999863,-1.346499754,17.78947368,2
5.478000164,-1.354855395,17.78947368,2
5.486999989,-1.361997084,17.78947368,2
5.495999813,-1.367803899,17.78947368,2
5.505000114,-1.372184567,17.78947368,2
5.513999939,-1.375080657,17.78947368,2
5.522999763,-1.376464092,17.78947368,2
5.532000065,-1.376342979,17.78947368,2
5.540999889,-1.374756202,17.78947368,2
5.550000191,-1.371774643,17.78947368,2
5.559000015,-1.367501724,17.78947368,2
5.56799984,-1.362062556,17.78947368,2
5.577000141,-1.35560946,17.78947368,2
5.585999966,-1.348312129,17.78947368,2
5.59499979,-1.340354151,17.78947368,2
5.604000092,-1.331928583,17.78947368,2
5.612999916,-1.323233614,17.78947368,2
5.622000217,-1.31446601,17.78947368,2
5.631000042,-1.305817465,17.78947368,2
5.639999866,-1.297473136,17.78947368,2
5.649000168,-1.289600515,17.78947368,2
5.657999992,-1.282356254,17.78947368,2
5.666999817,-1.275873251,17.78947368,2
5.676000118,-1.270265999,17.78947368,2
5.684999943,-1.265627035,17.78947368,2
5.693999767,-1.262025352,17.78947368,2
5.703000069,-1.259506461,17.78947368,2
5.711999893,-1.258092001,17.78947368,2
5.721000195,-1.257783245,17.78947368,2
5.730000019,-1.258561112,17.78947368,2
5.738999844,-1.26038642,17.78947368,2
5.748000145,-1.263204053,17.78947368,2
5.756999969,-1.266945881,17.78947368,2
5.765999794,-1.271531563,17.78947368,2
5.775000095,-1.276871141,17.78947368,2
5.78399992,-1.282873613,17.78947368,2
5.793000221,-1.289441398,17.78947368,2
5.802000046,-1.296479159,17.78947368,2
5.81099987,-1.30389555,17.78947368,2
5.820000172,-1.311604032,17.78947368,2
5.828999996,-1.319528884,17.78947368,2
5.837999821,-1.327600142,17.78947368,2
5.847000122,-1.335761912,17.78947368,2
5.855999947,-1.343973623,17.78947368,2
5.864999771,-1.352202314,17.78947368,2
5.874000072,-1.360433091,17.78947368,2
5.882999897,-1.368662483,17.78947368,2
5.892000198,-1.376899723,17.78947368,2
5.901000023,-1.385164712,17.78947368,2
5.909999847,-1.393487062,17.78947368,2
5.919000149,-1.401908813,17.78947368,2
5.927999973,-1.410469113,17.78947368,2
5.936999798,-1.419222267,17.78947368,2
5.946000099,-1.428216092,17.78947368,2
5.954999924,-1.437502892,17.78947368,2
5.964000225,-1.447131629,17.78947368,2
5.97300005,-1.457149166,17.78947368,2
5.981999874,-1.467596654,17.78947368,2
5.991000175,-1.478507858,17.78947368,2
6,-1.489911273,17.78947368,2
6.008999825,-1.501826001,17.78947368,2
6.018000126,-1.51426496,17.78947368,2
6.02699995,-1.527229457,17.78947368,2
6.035999775,-1.540715709,17.78947368,2
6.045000076,-1.554713444,17.78947368,2
6.053999901,-1.569203503,17.78947368,2
6.063000202,-1.584164287,17.78947368,2
6.072000027,-1.599568375,17.78947368,2
6.080999851,-1.615389223,17.78947368,2
6.090000153,-1.631596308,17.78947368,2
6.098999977,-1.648162718,17.78947368,2
6.107999802,-1.665060258,17.78947368,2
6.117000103,-1.682269817,17.78947368,2
6.125999928,-1.699773069,17.78947368,2
6.135000229,-1.717559349,17.78947368,2
6.144000053,-1.735624251,17.78947368,2
6.152999878,-1.753972407,17.78947368,2
6.162000179,-1.77261542,17.78947368,2
6.171000004,-1.791570326,17.78947368,2
6.179999828,-1.810866075,17.78947368,2
6.18900013,-1.830533646,17.78947368,2
6.197999954,-1.850612835,17.78947368,2
6.206999779,-1.871147752,17.78947368,2
6.21600008,-1.892186247,17.78947368,2
6.224999905,-1.913777479,17.78947368,2
6.234000206,-1.935972089,17.78947368,2
6.243000031,-1.958821088,17.78947368,2
6.251999855,-1.982372708,17.78947368,2
6.261000156,-2.006672428,17.78947368,2
6.269999981,-2.031763464,17.78947368,2
6.278999805,-2.057678697,17.78947368,2
6.288000107,-2.084453136,17.78947368,2
6.296999931,-2.112110221,17.78947368,2
6.306000233,-2.140668696,17.78947368,2
6.315000057,-2.170141626,17.78947368,2
6.323999882,-2.200537053,17.78947368,2
6.333000183,-2.231856457,17.78947368,2
6.342000008,-2.264099022,17.78947368,2
6.350999832,-2.297259081,17.78947368,2
6.360000134,-2.331333437,17.78947368,2
6.368999958,-2.366313267,17.78947368,2
6.377999783,-2.402196067,17.78947368,2
6.387000084,-2.438978322,17.78947368,2
6.395999908,-2.476663908,17.78947368,2
6.40500021,-2.515261281,17.78947368,2
6.414000034,-2.554785485,17.78947368,2
6.422999859,-2.59526045,17.78947368,2
6.43200016,-2.636718924,17.78947368,2
6.440999985,-2.679201023,17.78947368,2
6.449999809,-2.72275971,17.78947368,2
6.459000111,-2.767454243,17.78947368,2
6.467999935,-2.813357034,17.78947368,2
6.477000237,-2.860545359,17.78947368,2
6.486000061,-2.909105525,17.78947368,2
6.494999886,-2.959131909,17.78947368,2
6.504000187,-3.010720687,17.78947368,2
6.513000011,-3.06397531,17.78947368,2
6.521999836,-3.118998594,17.78947368,2
6.531000137,-3.175898171,17.78947368,2
6.539999962,-3.234775733,17.78947368,2
6.548999786,-3.295734898,17.78947368,2
6.558000088,-3.358873296,17.78947368,2
6.566999912,-3.424285685,17.78947368,2
6.576000214,-3.492063319,17.78947368,2
6.585000038,-3.562288362,17.78947368,2
6.593999863,-3.635039199,17.78947368,2
6.603000164,-3.71038949,17.78947368,2
6.611999989,-3.788407563,17.78947368,2
6.620999813,-3.869157973,17.78947368,2
6.630000114,-3.952703704,17.78947368,2
6.638999939,-4.039104859,17.78947368,2
6.647999763,-4.128427613,17.78947368,2
6.657000065,-4.220735013,17.78947368,2
6.665999889,-4.316100857,17.78947368,2
6.675000191,-4.414605473,17.78947368,2
6.684000015,-4.516341985,17.78947368,2
6.69299984,-4.621412191,17.78947368,2
6.702000141,-4.72993994,17.78947368,2
6.710999966,-4.842060243,17.78947368,2
6.71999979,-4.957935728,17.78947368,2
6.729000092,-5.077744628,17.78947368,2
6.737999916,-5.201688387,17.78947368,2
6.747000217,-5.329998156,17.78947368,2
6.756000042,-5.462920136,17.78947368,2
6.764999866,-5.600732686,17.78947368,2
6.774000168,-5.743735591,17.78947368,2
6.782999992,-5.892249876,17.78947368,2
6.791999817,-6.046621561,17.78947368,2
6.801000118,-6.207214231,17.78947368,2
6.809999943,-6.374415681,17.78947368,2
6.818999767,-6.54862656,17.78947368,2
6.828000069,-6.730267189,17.78947368,2
6.836999893,-6.919771184,17.78947368,2
6.846000195,-7.117584456,17.78947368,2
6.855000019,-7.32417007,17.78947368,2
6.863999844,-7.539999901,17.78947368,2
6.873000145,-7.765559743,17.78947368,2
6.881999969,-8.001347454,17.78947368,2
6.890999794,-8.24788119,17.78947368,2
6.900000095,-8.505692245,17.78947368,2
6.90899992,-8.775339809,17.78947368,2
6.918000221,-9.057406167,17.78947368,2
6.927000046,-9.352515596,17.78947368,2
6.93599987,-9.661332335,17.78947368,2
6.945000172,-9.984579558,17.78947368,2
6.953999996,-10.32305111,17.78947368,2
6.962999821,-10.67762431,17.78947368,2
6.972000122,-11.04928599,17.78947368,2
6.980999947,-11.43915135,17.78947368,2
6.989999771,-11.84849348,17.78947368,2
6.999000072,-12.27877586,17.78947368,2
7.007999897,-12.73169405,17.78947368,2
7.017000198,-13.20922,17.78947368,2
7.026000023,-13.71366297,17.78947368,2
7.034999847,-14.24773513,17.78947368,2
7.044000149,-14.81463446,17.78947368,2
7.052999973,-15.41814566,17.78947368,2
7.061999798,-16.06276251,17.78947368,2
7.071000099,-16.75382714,17.78947368,2
7.079999924,-17.49770498,17.78947368,2
7.089000225,-18.30194397,17.78947368,2
7.09800005,-19.17544257,17.78947368,2
7.106999874,-20.12843251,17.78947368,2
7.116000175,-21.17210867,17.78947368,2
7.125,-22.31710901,17.78947368,2
7.133999825,-23.56927858,17.78947368,2
7.143000126,-24.9186777,17.78947368,2
7.15199995,-26.3137783,17.78947368,2
7.160999775,-27.61202717,17.78947368,2
7.170000076,-28.53319782,17.78947368,2
7.178999901,-28.75274494,17.78947368,2
7.188000202,-28.2005223,17.78947368,2
7.197000027,-27.14534356,17.78947368,2
7.205999851,-25.90921308,17.78947368,2
7.215000153,-24.6840069,17.78947368,2
7.223999977,-23.54876379,17.78947368,2
7.232999802,-22.525585,17.78947368,2
7.242000103,-21.61355394,17.78947368,2
7.250999928,-20.80396722,17.78947368,2
7.260000229,-20.08640399,17.78947368,2
7.269000053,-19.45095257,17.78947368,2
7.277999878,-18.88888487,17.78947368,2
7.287000179,-18.39273677,17.78947368,2
7.296000004,-17.95618413,17.78947368,2
7.304999828,-17.57385844,17.78947368,2
7.31400013,-17.24115494,17.78947368,2
7.322999954,-16.95405768,17.78947368,2
7.331999779,-16.70898679,17.78947368,2
7.34100008,-16.50264919,17.78947368,2
7.349999905,-16.33191679,17.78947368,2
7.359000206,-16.19369333,17.78947368,2
7.368000031,-16.08479483,17.78947368,2
7.376999855,-16.00183299,17.78947368,2
7.386000156,-15.94109395,17.78947368,2
7.394999981,-15.89842913,17.78947368,2
7.403999805,-15.86916224,17.78947368,2
7.413000107,-15.84802526,17.78947368,2
7.421999931,-15.82914767,17.78947368,2
7.431000233,-15.80612105,17.78947368,2
7.440000057,-15.77217166,17.78947368,2
7.448999882,-15.72044163,17.78947368,2
7.458000183,-15.64440631,17.78947368,2
7.467000008,-15.53835114,17.78947368,2
7.475999832,-15.39789048,17.78947368,2
7.485000134,-15.22038927,17.78947368,2
7.493999958,-15.00522549,17.78947368,2
7.502999783,-14.75381068,17.78947368,2
7.512000084,-14.4693761,17.78947368,2
7.520999908,-14.15656213,17.78947368,2
7.53000021,-13.82091627,17.78947368,2
7.539000034,-13.46837326,17.78947368,2
7.547999859,-13.10482573,17.78947368,2
7.55700016,-12.73578581,17.78947368,2
7.565999985,-12.36618161,17.78947368,2
7.574999809,-12.00025299,17.78947368,2
7.584000111,-11.64153164,17.78947368,2
7.592999935,-11.29287113,17.78947368,2
7.602000237,-10.95651131,17.78947368,2
7.611000061,-10.63416318,17.78947368,2
7.619999886,-10.3270768,17.78947368,2
7.629000187,-10.03613204,17.78947368,2
7.638000011,-9.761898072,17.78947368,2
7.646999836,-9.504693554,17.78947368,2
7.656000137,-9.264642113,17.78947368,2
7.664999962,-9.041706046,17.78947368,2
7.673999786,-8.835722249,17.78947368,2
7.683000088,-8.646429358,17.78947368,2
7.691999912,-8.473486818,17.78947368,2
7.701000214,-8.316489239,17.78947368,2
7.710000038,-8.174985001,17.78947368,2
7.718999863,-8.048476042,17.78947368,2
7.728000164,-7.936432713,17.78947368,2
7.736999989,-7.838295281,17.78947368,2
7.745999813,-7.753481881,17.78947368,2
7.755000114,-7.681386643,17.78947368,2
7.763999939,-7.621390675,17.78947368,2
7.772999763,-7.572857735,17.78947368,2
7.782000065,-7.535145908,17.78947368,2
7.790999889,-7.507603411,17.78947368,2
7.800000191,-7.489583018,17.78947368,2
7.809000015,-7.48043896,17.78947368,2
7.81799984,-7.479538718,17.78947368,2
7.827000141,-7.486269656,17.78947368,2
7.835999966,-7.500046206,17.78947368,2
7.84499979,-7.520318818,17.78947368,2
7.854000092,-7.546580524,17.78947368,2
7.862999916,-7.57837754,17.78947368,2
7.872000217,-7.615315733,17.78947368,2
7.881000042,-7.657068878,17.78947368,2
7.889999866,-7.703381801,17.78947368,2
7.899000168,-7.754077511,17.78947368,2
7.907999992,-7.809059568,17.78947368,2
7.916999817,-7.86831171,17.78947368,2
7.926000118,-7.931896957,17.78947368,2
7.934999943,-7.999951656,17.78947368,2
7.943999767,-8.072689578,17.78947368,2
7.953000069,-8.150378223,17.78947368,2
7.961999893,-8.233350372,17.78947368,2
7.971000195,-8.321982259,17.78947368,2
7.980000019,-8.416678831,17.78947368,2
7.988999844,-8.517877418,17.78947368,2
7.998000145,-8.626023117,17.78947368,2
8.006999969,-8.741556642,17.78947368,2
8.015999794,-8.864910448,17.78947368,2
8.024999619,-8.996490642,17.78947368,2
8.034000397,-9.13665682,17.78947368,2
8.043000221,-9.285720895,17.78947368,2
8.052000046,-9.443921174,17.78947368,2
8.06099987,-9.61141572,17.78947368,2
8.069999695,-9.788260577,17.78947368,2
8.079000473,-9.97438966,17.78947368,2
8.088000298,-10.16959972,17.78947368,2
8.097000122,-10.37352433,17.78947368,2
8.105999947,-10.58560195,17.78947368,2
8.114999771,-10.80506526,17.78947368,2
8.123999596,-11.03088527,17.78947368,2
8.133000374,-11.26175685,17.78947368,2
8.142000198,-11.49605519,17.78947368,2
8.151000023,-11.73180566,17.78947368,2
8.159999847,-11.96665329,17.78947368,2
8.168999672,-12.19784817,17.78947368,2
8.17800045,-12.42224294,17.78947368,2
8.187000275,-12.63631901,17.78947368,2
8.196000099,-12.83624406,17.78947368,2
8.204999924,-13.01798671,17.78947368,2
8.213999748,-13.17744216,17.78947368,2
8.222999573,-13.31064973,17.78947368,2
8.232000351,-13.41401371,17.78947368,2
8.241000175,-13.48454096,17.78947368,2
8.25,-13.52007334,17.78947368,2
8.258999825,-13.51945578,17.78947368,2
8.267999649,-13.48263582,17.78947368,2
8.277000427,-13.41065727,17.78947368,2
8.286000252,-13.30557256,17.78947368,2
8.295000076,-13.17025831,17.78947368,2
8.303999901,-13.00819443,17.78947368,2
8.312999725,-12.82323104,17.78947368,2
8.32199955,-12.61935804,17.78947368,2
8.331000328,-12.40051751,17.78947368,2
8.340000153,-12.17045609,17.78947368,2
8.348999977,-11.9326361,17.78947368,2
8.357999802,-11.69017203,17.78947368,2
8.366999626,-11.44581218,17.78947368,2
8.376000404,-11.20194308,17.78947368,2
8.385000229,-10.96060659,17.78947368,2
8.394000053,-10.72352961,17.78947368,2
8.402999878,-10.49216251,17.78947368,2
8.411999702,-10.26770676,17.78947368,2
8.420999527,-10.05115266,17.78947368,2
8.430000305,-9.843309802,17.78947368,2
8.43900013,-9.644831898,17.78947368,2
8.447999954,-9.456237894,17.78947368,2
8.456999779,-9.277937149,17.78947368,2
8.465999603,-9.110238603,17.78947368,2
8.475000381,-8.953368235,17.78947368,2
8.484000206,-8.807473203,17.78947368,2
8.493000031,-8.672636834,17.78947368,2
8.501999855,-8.548874833,17.78947368,2
8.51099968,-8.436145102,17.78947368,2
8.520000458,-8.334340504,17.78947368,2
8.529000282,-8.243301926,17.78947368,2
8.538000107,-8.162799469,17.78947368,2
8.546999931,-8.092545208,17.78947368,2
8.555999756,-8.032181131,17.78947368,2
8.56499958,-7.981277274,17.78947368,2
8.574000359,-7.939328277,17.78947368,2
8.583000183,-7.905748371,17.78947368,2
8.592000008,-7.879868915,17.78947368,2
8.600999832,-7.860936541,17.78947368,2
8.609999657,-7.848112046,17.78947368,2
8.619000435,-7.840471301,17.78947368,2
8.628000259,-7.837009044,17.78947368,2
8.637000084,-7.836649156,17.78947368,2
8.645999908,-7.838253244,17.78947368,2
8.654999733,-7.840636668,17.78947368,2
8.663999557,-7.842589208,17.78947368,2
8.673000336,-7.842897157,17.78947368,2
8.68200016,-7.840375709,17.78947368,2
8.690999985,-7.833890453,17.78947368,2
8.699999809,-7.82239681,17.78947368,2
8.708999634,-7.804967762,17.78947368,2
8.718000412,-7.780823742,17.78947368,2
8.727000237,-7.74935631,17.78947368,2
8.736000061,-7.71014864,17.78947368,2
8.744999886,-7.662982231,17.78947368,2
8.75399971,-7.607848781,17.78947368,2
8.762999535,-7.54493251,17.78947368,2
8.772000313,-7.474607181,17.78947368,2
8.781000137,-7.397407313,17.78947368,2
8.789999962,-7.314010571,17.78947368,2
8.798999786,-7.225199715,17.78947368,2
8.807999611,-7.131840051,17.78947368,2
8.817000389,-7.034840887,17.78947368,2
8.826000214,-6.935136905,17.78947368,2
8.835000038,-6.833653221,17.78947368,2
8.843999863,-6.731286092,17.78947368,2
8.852999687,-6.628885639,17.78947368,2
8.862000465,-6.527246097,17.78947368,2
8.87100029,-6.427081716,17.78947368,2
8.880000114,-6.329036103,17.78947368,2
8.888999939,-6.233664772,17.78947368,2
8.897999763,-6.141441166,17.78947368,2
8.906999588,-6.052752641,17.78947368,2
8.916000366,-5.967903337,17.78947368,2
8.925000191,-5.887123284,17.78947368,2
8.934000015,-5.810557026,17.78947368,2
8.94299984,-5.738284494,17.78947368,2
8.951999664,-5.670317156,17.78947368,2
8.961000443,-5.606610913,17.78947368,2
8.970000267,-5.547058251,17.78947368,2
8.979000092,-5.491513516,17.78947368,2
8.987999916,-5.43978298,17.78947368,2
8.996999741,-5.391640913,17.78947368,2
9.005999565,-5.346830137,17.78947368,2
9.015000343,-5.305073381,17.78947368,2
9.024000168,-5.266081319,17.78947368,2
9.032999992,-5.229549588,17.78947368,2
9.041999817,-5.195177557,17.78947368,2
9.050999641,-5.162665056,17.78947368,2
9.06000042,-5.131723333,17.78947368,2
9.069000244,-5.10207761,17.78947368,2
9.078000069,-5.073472744,17.78947368,2
9.086999893,-5.045677277,17.78947368,2
9.095999718,-5.018487531,17.78947368,2
9.104999542,-4.991724955,17.78947368,2
9.11400032,-4.965246449,17.78947368,2
9.123000145,-4.938936257,17.78947368,2
9.131999969,-4.912711859,17.78947368,2
9.140999794,-4.886515631,17.78947368,2
9.149999619,-4.86032422,17.78947368,2
9.159000397,-4.834134785,17.78947368,2
9.168000221,-4.807969739,17.78947368,2
9.177000046,-4.781867936,17.78947368,2
9.18599987,-4.755884844,17.78947368,2
9.194999695,-4.730088029,17.78947368,2
9.204000473,-4.704550218,17.78947368,2
9.213000298,-4.679353155,17.78947368,2
9.222000122,-4.654571216,17.78947368,2
9.230999947,-4.630280997,17.78947368,2
9.239999771,-4.606552743,17.78947368,2
9.248999596,-4.583446598,17.78947368,2
9.258000374,-4.561013876,17.78947368,2
9.267000198,-4.539292373,17.78947368,2
9.276000023,-4.51831073,17.78947368,2
9.284999847,-4.49807744,17.78947368,2
9.293999672,-4.478592755,17.78947368,2
9.30300045,-4.459841436,17.78947368,2
9.312000275,-4.441795181,17.78947368,2
9.321000099,-4.424416976,17.78947368,2
9.329999924,-4.407652886,17.78947368,2
9.338999748,-4.39144947,17.78947368,2
9.347999573,-4.375740044,17.78947368,2
9.357000351,-4.360454318,17.78947368,2
9.366000175,-4.345519534,17.78947368,2
9.375,-4.330865477,17.78947368,2
9.383999825,-4.316419894,17.78947368,2
9.392999649,-4.302114585,17.78947368,2
9.402000427,-4.287885897,17.78947368,2
9.411000252,-4.273683192,17.78947368,2
9.420000076,-4.259454586,17.78947368,2
9.428999901,-4.24516317,17.78947368,2
9.437999725,-4.230784245,17.78947368,2
9.44699955,-4.216301564,17.78947368,2
9.456000328,-4.201709254,17.78947368,2
9.465000153,-4.187012071,17.78947368,2
9.473999977,-4.172229118,17.78947368,2
9.482999802,-4.157383464,17.78947368,2
9.491999626,-4.142513212,17.78947368,2
9.501000404,-4.12765944,17.78947368,2
9.510000229,-4.112872593,17.78947368,2
9.519000053,-4.098203083,17.78947368,2
9.527999878,-4.083710485,17.78947368,2
9.536999702,-4.069452096,17.78947368,2
9.545999527,-4.05548184,17.78947368,2
9.555000305,-4.041855877,17.78947368,2
9.56400013,-4.028626765,17.78947368,2
9.572999954,-4.015837628,17.78947368,2
9.581999779,-4.003526585,17.78947368,2
9.590999603,-3.991725168,17.78947368,2
9.600000381,-3.980458236,17.78947368,2
9.609000206,-3.969739933,17.78947368,2
9.618000031,-3.959571023,17.78947368,2
9.626999855,-3.949948661,17.78947368,2
9.63599968,-3.94085928,17.78947368,2
9.645000458,-3.932281555,17.78947368,2
9.654000282,-3.924181648,17.78947368,2
9.663000107,-3.916528268,17.78947368,2
9.671999931,-3.909276738,17.78947368,2
9.680999756,-3.902383708,17.78947368,2
9.68999958,-3.895798842,17.78947368,2
9.699000359,-3.889475947,17.78947368,2
9.708000183,-3.883370643,17.78947368,2
9.717000008,-3.877433965,17.78947368,2
9.725999832,-3.871633016,17.78947368,2
9.734999657,-3.86593094,17.78947368,2
9.744000435,-3.860302564,17.78947368,2
9.753000259,-3.854733281,17.78947368,2
9.762000084,-3.849213885,17.78947368,2
9.770999908,-3.843746108,17.78947368,2
9.779999733,-3.838345583,17.78947368,2
9.788999557,-3.833029951,17.78947368,2
9.798000336,-3.827835805,17.78947368,2
9.80700016,-3.82280255,17.78947368,2
9.815999985,-3.81797502,17.78947368,2
9.824999809,-3.813412615,17.78947368,2
9.833999634,-3.809170653,17.78947368,2
9.843000412,-3.80531309,17.78947368,2
9.852000237,-3.801902771,17.78947368,2
9.861000061,-3.799001381,17.78947368,2
9.869999886,-3.796668784,17.78947368,2
9.87899971,-3.794960018,17.78947368,2
9.887999535,-3.793924691,17.78947368,2
9.897000313,-3.793605289,17.78947368,2
9.906000137,-3.794031977,17.78947368,2
9.914999962,-3.795232212,17.78947368,2
9.923999786,-3.797216502,17.78947368,2
9.932999611,-3.799990496,17.78947368,2
9.942000389,-3.803547391,17.78947368,2
9.951000214,-3.80786896,17.78947368,2
9.960000038,-3.812933335,17.78947368,2
9.968999863,-3.818707215,17.78947368,2
9.977999687,-3.82515343,17.78947368,2
9.987000465,-3.832230084,17.78947368,2
9.99600029,-3.839892486,17.78947368,2
10.00500011,-3.848098041,17.78947368,2
10.01399994,-3.856804387,17.78947368,2
10.02299976,-3.865970027,17.78947368,2
10.03199959,-3.875568129,17.78947368,2
10.04100037,-3.885571511,17.78947368,2
10.05000019,-3.89596849,17.78947368,2
10.05900002,-3.906754585,17.78947368,2
10.06799984,-3.91793785,17.78947368,2
10.07699966,-3.929541469,17.78947368,2
10.08600044,-3.941597349,17.78947368,2
10.09500027,-3.954152984,17.78947368,2
10.10400009,-3.967265984,17.78947368,2
10.11299992,-3.981004676,17.78947368,2
10.12199974,-3.995444806,17.78947368,2
10.13099957,-4.010674003,17.78947368,2
10.14000034,-4.026781723,17.78947368,2
10.14900017,-4.043859766,17.78947368,2
10.15799999,-4.062004677,17.78947368,2
10.16699982,-4.081308682,17.78947368,2
10.17599964,-4.101860507,17.78947368,2
10.18500042,-4.123745535,17.78947368,2
10.19400024,-4.147040919,17.78947368,2
10.20300007,-4.171815374,17.78947368,2
10.21199989,-4.198128941,17.78947368,2
10.22099972,-4.226027606,17.78947368,2
10.22999954,-4.25555357,17.78947368,2
10.23900032,-4.286730509,17.78947368,2
10.24800014,-4.319581221,17.78947368,2
10.25699997,-4.354113532,17.78947368,2
10.26599979,-4.390329735,17.78947368,2
10.27499962,-4.428229328,17.78947368,2
10.2840004,-4.467805786,17.78947368,2
10.29300022,-4.509056211,17.78947368,2
10.30200005,-4.551974151,17.78947368,2
10.31099987,-4.596565287,17.78947368,2
10.31999969,-4.642836828,17.78947368,2
10.32900047,-4.690810232,17.78947368,2
10.3380003,-4.74051765,17.78947368,2
10.34700012,-4.792005983,17.78947368,2
10.35599995,-4.845339917,17.78947368,2
10.36499977,-4.900601053,17.78947368,2
10.3739996,-4.957887306,17.78947368,2
10.38300037,-5.017316577,17.78947368,2
10.3920002,-5.079024161,17.78947368,2
10.40100002,-5.143164111,17.78947368,2
10.40999985,-5.209900653,17.78947368,2
10.41899967,-5.279411639,17.78947368,2
10.42800045,-5.351887635,17.78947368,2
10.43700027,-5.427522053,17.78947368,2
10.4460001,-5.506512269,17.78947368,2
10.45499992,-5.589054076,17.78947368,2
10.46399975,-5.675339695,17.78947368,2
10.47299957,-5.76555037,17.78947368,2
10.48200035,-5.85985441,17.78947368,2
10.49100018,-5.958405724,17.78947368,2
10.5,-6.06133302,17.78947368,2
1.5,-0.203331548,17.78947368,3.2
1.508999944,-0.212308605,17.78947368,3.2
1.518000007,-0.221236206,17.78947368,3.2
1.52699995,-0.229894647,17.78947368,3.2
1.536000013,-0.23807605,17.78947368,3.2
1.544999957,-0.245591432,17.78947368,3.2
1.55400002,-0.252273047,17.78947368,3.2
1.562999964,-0.25798676,17.78947368,3.2
1.572000027,-0.262629827,17.78947368,3.2
1.58099997,-0.266137186,17.78947368,3.2
1.590000033,-0.268480586,17.78947368,3.2
1.598999977,-0.269673594,17.78947368,3.2
1.60800004,-0.269763027,17.78947368,3.2
1.616999984,-0.268836836,17.78947368,3.2
1.626000047,-0.267011828,17.78947368,3.2
1.63499999,-0.264430837,17.78947368,3.2
1.644000053,-0.26126146,17.78947368,3.2
1.652999997,-0.257687928,17.78947368,3.2
1.661999941,-0.253899146,17.78947368,3.2
1.671000004,-0.250091823,17.78947368,3.2
1.679999948,-0.246457564,17.78947368,3.2
1.68900001,-0.243175856,17.78947368,3.2
1.697999954,-0.240415549,17.78947368,3.2
1.707000017,-0.238322233,17.78947368,3.2
1.715999961,-0.237017521,17.78947368,3.2
1.725000024,-0.236596547,17.78947368,3.2
1.733999968,-0.237124666,17.78947368,3.2
1.743000031,-0.238635762,17.78947368,3.2
1.751999974,-0.241134654,17.78947368,3.2
1.761000037,-0.244591291,17.78947368,3.2
1.769999981,-0.248949885,17.78947368,3.2
1.779000044,-0.25412629,17.78947368,3.2
1.787999988,-0.260009967,17.78947368,3.2
1.797000051,-0.26647284,17.78947368,3.2
1.805999994,-0.273367436,17.78947368,3.2
1.815000057,-0.280538003,17.78947368,3.2
1.824000001,-0.287818322,17.78947368,3.2
1.832999945,-0.295041224,17.78947368,3.2
1.842000008,-0.302045253,17.78947368,3.2
1.850999951,-0.308673568,17.78947368,3.2
1.860000014,-0.31478655,17.78947368,3.2
1.868999958,-0.320260263,17.78947368,3.2
1.878000021,-0.324992462,17.78947368,3.2
1.886999965,-0.328909592,17.78947368,3.2
1.896000028,-0.331960078,17.78947368,3.2
1.904999971,-0.334126621,17.78947368,3.2
1.914000034,-0.33541667,17.78947368,3.2
1.922999978,-0.335869013,17.78947368,3.2
1.932000041,-0.335548533,17.78947368,3.2
1.940999985,-0.33454364,17.78947368,3.2
1.950000048,-0.33296467,17.78947368,3.2
1.958999991,-0.330938793,17.78947368,3.2
1.968000054,-0.328606689,17.78947368,3.2
1.976999998,-0.326114098,17.78947368,3.2
1.985999942,-0.32361306,17.78947368,3.2
1.995000005,-0.321250564,17.78947368,3.2
2.003999949,-0.319169105,17.78947368,3.2
2.013000011,-0.317498219,17.78947368,3.2
2.022000074,-0.316352465,17.78947368,3.2
2.030999899,-0.315831041,17.78947368,3.2
2.039999962,-0.316008527,17.78947368,3.2
2.049000025,-0.3169386,17.78947368,3.2
2.058000088,-0.318651294,17.78947368,3.2
2.066999912,-0.321149049,17.78947368,3.2
2.075999975,-0.324415574,17.78947368,3.2
2.085000038,-0.328403248,17.78947368,3.2
2.094000101,-0.333048988,17.78947368,3.2
2.102999926,-0.338264417,17.78947368,3.2
2.111999989,-0.343949659,17.78947368,3.2
2.121000051,-0.349985891,17.78947368,3.2
2.130000114,-0.356247861,17.78947368,3.2
2.138999939,-0.36260157,17.78947368,3.2
2.148000002,-0.36891123,17.78947368,3.2
2.157000065,-0.375042828,17.78947368,3.2
2.165999889,-0.380870959,17.78947368,3.2
2.174999952,-0.386278389,17.78947368,3.2
2.184000015,-0.391162423,17.78947368,3.2
2.193000078,-0.395439562,17.78947368,3.2
2.201999903,-0.399045166,17.78947368,3.2
2.210999966,-0.401935901,17.78947368,3.2
2.220000029,-0.404096414,17.78947368,3.2
2.229000092,-0.405529367,17.78947368,3.2
2.237999916,-0.406266472,17.78947368,3.2
2.246999979,-0.406358327,17.78947368,3.2
2.256000042,-0.405878951,17.78947368,3.2
2.265000105,-0.404919253,17.78947368,3.2
2.273999929,-0.403584728,17.78947368,3.2
2.282999992,-0.401993677,17.78947368,3.2
2.292000055,-0.400270345,17.78947368,3.2
2.301000118,-0.39854279,17.78947368,3.2
2.309999943,-0.396939075,17.78947368,3.2
2.319000006,-0.395581265,17.78947368,3.2
2.328000069,-0.394584413,17.78947368,3.2
2.336999893,-0.394049526,17.78947368,3.2
2.345999956,-0.394065256,17.78947368,3.2
2.355000019,-0.394700549,17.78947368,3.2
2.364000082,-0.396007166,17.78947368,3.2
2.372999907,-0.398015271,17.78947368,3.2
2.381999969,-0.400732672,17.78947368,3.2
2.391000032,-0.404145852,17.78947368,3.2
2.400000095,-0.408221764,17.78947368,3.2
2.40899992,-0.412906608,17.78947368,3.2
2.417999983,-0.418127531,17.78947368,3.2
2.427000046,-0.423794598,17.78947368,3.2
2.436000109,-0.429809597,17.78947368,3.2
2.444999933,-0.436056735,17.78947368,3.2
2.453999996,-0.442418232,17.78947368,3.2
2.463000059,-0.448772471,17.78947368,3.2
2.471999884,-0.454997059,17.78947368,3.2
2.480999947,-0.460974697,17.78947368,3.2
2.49000001,-0.466599199,17.78947368,3.2
2.499000072,-0.471771314,17.78947368,3.2
2.507999897,-0.476411652,17.78947368,3.2
2.51699996,-0.480457594,17.78947368,3.2
2.526000023,-0.483862968,17.78947368,3.2
2.535000086,-0.486607505,17.78947368,3.2
2.54399991,-0.488692121,17.78947368,3.2
2.552999973,-0.490139031,17.78947368,3.2
2.562000036,-0.490991793,17.78947368,3.2
2.571000099,-0.491316929,17.78947368,3.2
2.579999924,-0.491193531,17.78947368,3.2
2.588999987,-0.490722131,17.78947368,3.2
2.59800005,-0.490011188,17.78947368,3.2
2.607000113,-0.489177543,17.78947368,3.2
2.615999937,-0.488347036,17.78947368,3.2
2.625,-0.487641302,17.78947368,3.2
2.634000063,-0.487183496,17.78947368,3.2
2.642999887,-0.487087647,17.78947368,3.2
2.65199995,-0.48745671,17.78947368,3.2
2.661000013,-0.488385674,17.78947368,3.2
2.670000076,-0.489948048,17.78947368,3.2
2.678999901,-0.492202528,17.78947368,3.2
2.687999964,-0.495188629,17.78947368,3.2
2.697000027,-0.498923284,17.78947368,3.2
2.70600009,-0.503403253,17.78947368,3.2
2.714999914,-0.508602774,17.78947368,3.2
2.723999977,-0.514476672,17.78947368,3.2
2.73300004,-0.520961019,17.78947368,3.2
2.742000103,-0.527971578,17.78947368,3.2
2.750999928,-0.535412171,17.78947368,3.2
2.75999999,-0.543172121,17.78947368,3.2
2.769000053,-0.551132988,17.78947368,3.2
2.778000116,-0.559169274,17.78947368,3.2
2.786999941,-0.567155992,17.78947368,3.2
2.796000004,-0.574971173,17.78947368,3.2
2.805000067,-0.582496409,17.78947368,3.2
2.813999891,-0.58962771,17.78947368,3.2
2.822999954,-0.596270188,17.78947368,3.2
2.832000017,-0.602351507,17.78947368,3.2
2.84100008,-0.607817521,17.78947368,3.2
2.849999905,-0.61263489,17.78947368,3.2
2.858999968,-0.616793954,17.78947368,3.2
2.868000031,-0.620312091,17.78947368,3.2
2.877000093,-0.623227176,17.78947368,3.2
2.885999918,-0.625600983,17.78947368,3.2
2.894999981,-0.627518953,17.78947368,3.2
2.904000044,-0.629078667,17.78947368,3.2
2.913000107,-0.630402472,17.78947368,3.2
2.921999931,-0.631616665,17.78947368,3.2
2.930999994,-0.632858815,17.78947368,3.2
2.940000057,-0.634273318,17.78947368,3.2
2.948999882,-0.636002674,17.78947368,3.2
2.957999945,-0.638184048,17.78947368,3.2
2.967000008,-0.6409483,17.78947368,3.2
2.976000071,-0.644412718,17.78947368,3.2
2.984999895,-0.648682909,17.78947368,3.2
2.993999958,-0.653842386,17.78947368,3.2
3.003000021,-0.659955442,17.78947368,3.2
3.012000084,-0.667065934,17.78947368,3.2
3.020999908,-0.675190498,17.78947368,3.2
3.029999971,-0.684322029,17.78947368,3.2
3.039000034,-0.694428751,17.78947368,3.2
3.048000097,-0.705456401,17.78947368,3.2
3.056999922,-0.717326787,17.78947368,3.2
3.065999985,-0.72994166,17.78947368,3.2
3.075000048,-0.743184145,17.78947368,3.2
3.084000111,-0.756926358,17.78947368,3.2
3.092999935,-0.771024212,17.78947368,3.2
3.101999998,-0.785336764,17.78947368,3.2
3.111000061,-0.799714724,17.78947368,3.2
3.119999886,-0.814018617,17.78947368,3.2
3.128999949,-0.828113959,17.78947368,3.2
3.138000011,-0.84188402,17.78947368,3.2
3.147000074,-0.855232723,17.78947368,3.2
3.155999899,-0.868083552,17.78947368,3.2
3.164999962,-0.880390904,17.78947368,3.2
3.174000025,-0.892138566,17.78947368,3.2
3.183000088,-0.903341485,17.78947368,3.2
3.191999912,-0.914048918,17.78947368,3.2
3.200999975,-0.924344246,17.78947368,3.2
3.210000038,-0.934341378,17.78947368,3.2
3.219000101,-0.944182744,17.78947368,3.2
3.227999926,-0.954041761,17.78947368,3.2
3.236999989,-0.964114597,17.78947368,3.2
3.246000051,-0.974613591,17.78947368,3.2
3.255000114,-0.98576848,17.78947368,3.2
3.263999939,-0.997814794,17.78947368,3.2
3.273000002,-1.010995868,17.78947368,3.2
3.282000065,-1.025547262,17.78947368,3.2
3.290999889,-1.041703747,17.78947368,3.2
3.299999952,-1.059680192,17.78947368,3.2
3.309000015,-1.079678058,17.78947368,3.2
3.318000078,-1.101875108,17.78947368,3.2
3.326999903,-1.126422257,17.78947368,3.2
3.335999966,-1.153440604,17.78947368,3.2
3.345000029,-1.183018897,17.78947368,3.2
3.354000092,-1.215210597,17.78947368,3.2
3.362999916,-1.250034326,17.78947368,3.2
3.371999979,-1.287474569,17.78947368,3.2
3.381000042,-1.327479398,17.78947368,3.2
3.390000105,-1.369968877,17.78947368,3.2
3.398999929,-1.414833581,17.78947368,3.2
3.407999992,-1.461942474,17.78947368,3.2
3.417000055,-1.511148434,17.78947368,3.2
3.426000118,-1.562296534,17.78947368,3.2
3.434999943,-1.615234007,17.78947368,3.2
3.444000006,-1.669815927,17.78947368,3.2
3.453000069,-1.725923318,17.78947368,3.2
3.461999893,-1.783466034,17.78947368,3.2
3.470999956,-1.842401076,17.78947368,3.2
3.480000019,-1.902736976,17.78947368,3.2
3.489000082,-1.964551176,17.78947368,3.2
3.497999907,-2.027996166,17.78947368,3.2
3.506999969,-2.093307955,17.78947368,3.2
3.516000032,-2.160815593,17.78947368,3.2
3.525000095,-2.230945534,17.78947368,3.2
3.53399992,-2.30422182,17.78947368,3.2
3.542999983,-2.381284034,17.78947368,3.2
3.552000046,-2.462868371,17.78947368,3.2
3.561000109,-2.549817385,17.78947368,3.2
3.569999933,-2.643088062,17.78947368,3.2
3.578999996,-2.743731246,17.78947368,3.2
3.588000059,-2.852904492,17.78947368,3.2
3.596999884,-2.971862579,17.78947368,3.2
3.605999947,-3.101959677,17.78947368,3.2
3.61500001,-3.244642078,17.78947368,3.2
3.624000072,-3.40145501,17.78947368,3.2
3.632999897,-3.574040523,17.78947368,3.2
3.64199996,-3.76413402,17.78947368,3.2
3.651000023,-3.97358582,17.78947368,3.2
3.660000086,-4.204350762,17.78947368,3.2
3.66899991,-4.458520902,17.78947368,3.2
3.677999973,-4.738325984,17.78947368,3.2
3.687000036,-5.046179646,17.78947368,3.2
3.696000099,-5.384700464,17.78947368,3.2
3.704999924,-5.756771617,17.78947368,3.2
3.713999987,-6.165605181,17.78947368,3.2
3.72300005,-6.614832515,17.78947368,3.2
3.732000113,-7.108622591,17.78947368,3.2
3.740999937,-7.65185557,17.78947368,3.2
3.75,-8.250333146,17.78947368,3.2
3.759000063,-8.911098801,17.78947368,3.2
3.767999887,-9.642868573,17.78947368,3.2
3.77699995,-10.45664408,17.78947368,3.2
3.786000013,-11.36662238,17.78947368,3.2
3.795000076,-12.39151665,17.78947368,3.2
3.803999901,-13.55657705,17.78947368,3.2
3.812999964,-14.8965975,17.78947368,3.2
3.822000027,-16.46023722,17.78947368,3.2
3.83100009,-18.31457397,17.78947368,3.2
3.839999914,-20.54006778,17.78947368,3.2
3.848999977,-23.15342949,17.78947368,3.2
3.85800004,-25.65446814,17.78947368,3.2
3.867000103,-26.1704633,17.78947368,3.2
3.875999928,-24.14864808,17.78947368,3.2
3.88499999,-21.59491752,17.78947368,3.2
3.894000053,-19.37268862,17.78947368,3.2
3.903000116,-17.53915993,17.78947368,3.2
3.911999941,-16.01676719,17.78947368,3.2
3.921000004,-14.73204407,17.78947368,3.2
3.930000067,-13.63053602,17.78947368,3.2
3.938999891,-12.67318852,17.78947368,3.2
3.947999954,-11.83172423,17.78947368,3.2
3.957000017,-11.08525522,17.78947368,3.2
3.96600008,-10.4180148,17.78947368,3.2
3.974999905,-9.817856184,17.78947368,3.2
3.983999968,-9.275248997,17.78947368,3.2
3.993000031,-8.782589588,17.78947368,3.2
4.001999855,-8.333721904,17.78947368,3.2
4.011000156,-7.923593081,17.78947368,3.2
4.019999981,-7.548008297,17.78947368,3.2
4.028999805,-7.203442173,17.78947368,3.2
4.038000107,-6.886899813,17.78947368,3.2
4.046999931,-6.595813207,17.78947368,3.2
4.056000233,-6.327953386,17.78947368,3.2
4.065000057,-6.081370108,17.78947368,3.2
4.073999882,-5.854334879,17.78947368,3.2
4.083000183,-5.645300111,17.78947368,3.2
4.092000008,-5.452866864,17.78947368,3.2
4.100999832,-5.27575299,17.78947368,3.2
4.110000134,-5.112774761,17.78947368,3.2
4.118999958,-4.962831741,17.78947368,3.2
4.127999783,-4.824878423,17.78947368,3.2
4.137000084,-4.697929486,17.78947368,3.2
4.145999908,-4.581040794,17.78947368,3.2
4.15500021,-4.473308885,17.78947368,3.2
4.164000034,-4.373861149,17.78947368,3.2
4.172999859,-4.281864483,17.78947368,3.2
4.18200016,-4.196515596,17.78947368,3.2
4.190999985,-4.117046965,17.78947368,3.2
4.199999809,-4.042729442,17.78947368,3.2
4.209000111,-3.972875546,17.78947368,3.2
4.217999935,-3.906842617,17.78947368,3.2
4.227000237,-3.844037646,17.78947368,3.2
4.236000061,-3.783922659,17.78947368,3.2
4.244999886,-3.726016724,17.78947368,3.2
4.254000187,-3.669902226,17.78947368,3.2
4.263000011,-3.615220516,17.78947368,3.2
4.271999836,-3.561677949,17.78947368,3.2
4.281000137,-3.509050762,17.78947368,3.2
4.289999962,-3.45716602,17.78947368,3.2
4.298999786,-3.405919719,17.78947368,3.2
4.308000088,-3.355255044,17.78947368,3.2
4.316999912,-3.305173736,17.78947368,3.2
4.326000214,-3.255715432,17.78947368,3.2
4.335000038,-3.206960561,17.78947368,3.2
4.343999863,-3.159018723,17.78947368,3.2
4.353000164,-3.112020219,17.78947368,3.2
4.361999989,-3.066113447,17.78947368,3.2
4.370999813,-3.021456516,17.78947368,3.2
4.380000114,-2.978202876,17.78947368,3.2
4.388999939,-2.936501861,17.78947368,3.2
4.397999763,-2.896497545,17.78947368,3.2
4.407000065,-2.858305866,17.78947368,3.2
4.415999889,-2.822028426,17.78947368,3.2
4.425000191,-2.787737512,17.78947368,3.2
4.434000015,-2.755478717,17.78947368,3.2
4.44299984,-2.725265324,17.78947368,3.2
4.452000141,-2.697079822,17.78947368,3.2
4.460999966,-2.670871557,17.78947368,3.2
4.46999979,-2.646559359,17.78947368,3.2
4.479000092,-2.624031774,17.78947368,3.2
4.487999916,-2.603149645,17.78947368,3.2
4.497000217,-2.583751509,17.78947368,3.2
4.506000042,-2.565653357,17.78947368,3.2
4.514999866,-2.548655149,17.78947368,3.2
4.524000168,-2.532548121,17.78947368,3.2
4.532999992,-2.517110016,17.78947368,3.2
4.541999817,-2.502127493,17.78947368,3.2
4.551000118,-2.487383771,17.78947368,3.2
4.559999943,-2.472676416,17.78947368,3.2
4.568999767,-2.457814062,17.78947368,3.2
4.578000069,-2.44262809,17.78947368,3.2
4.586999893,-2.426970449,17.78947368,3.2
4.596000195,-2.410719659,17.78947368,3.2
4.605000019,-2.393781779,17.78947368,3.2
4.613999844,-2.376097633,17.78947368,3.2
4.623000145,-2.357635901,17.78947368,3.2
4.631999969,-2.338395629,17.78947368,3.2
4.640999794,-2.31841098,17.78947368,3.2
4.650000095,-2.297740373,17.78947368,3.2
4.65899992,-2.276468351,17.78947368,3.2
4.668000221,-2.254707002,17.78947368,3.2
4.677000046,-2.232579427,17.78947368,3.2
4.68599987,-2.210230418,17.78947368,3.2
4.695000172,-2.187810999,17.78947368,3.2
4.703999996,-2.165479191,17.78947368,3.2
4.712999821,-2.143393872,17.78947368,3.2
4.722000122,-2.121710481,17.78947368,3.2
4.730999947,-2.100576131,17.78947368,3.2
4.739999771,-2.080126565,17.78947368,3.2
4.749000072,-2.06048542,17.78947368,3.2
4.757999897,-2.04175115,17.78947368,3.2
4.767000198,-2.024006191,17.78947368,3.2
4.776000023,-2.007312826,17.78947368,3.2
4.784999847,-1.991706447,17.78947368,3.2
4.794000149,-1.977199934,17.78947368,3.2
4.802999973,-1.963782019,17.78947368,3.2
4.811999798,-1.951419073,17.78947368,3.2
4.821000099,-1.940056498,17.78947368,3.2
4.829999924,-1.929615989,17.78947368,3.2
4.839000225,-1.920006008,17.78947368,3.2
4.84800005,-1.911118169,17.78947368,3.2
4.856999874,-1.902827819,17.78947368,3.2
4.866000175,-1.895012213,17.78947368,3.2
4.875,-1.887532303,17.78947368,3.2
4.883999825,-1.880253134,17.78947368,3.2
4.893000126,-1.873042425,17.78947368,3.2
4.90199995,-1.865771982,17.78947368,3.2
4.910999775,-1.858322869,17.78947368,3.2
4.920000076,-1.85058777,17.78947368,3.2
4.928999901,-1.842475578,17.78947368,3.2
4.938000202,-1.833914435,17.78947368,3.2
4.947000027,-1.824848789,17.78947368,3.2
4.955999851,-1.815244912,17.78947368,3.2
4.965000153,-1.805098297,17.78947368,3.2
4.973999977,-1.79441599,17.78947368,3.2
4.982999802,-1.78323731,17.78947368,3.2
4.992000103,-1.771617409,17.78947368,3.2
5.000999928,-1.759631997,17.78947368,3.2
5.010000229,-1.747382382,17.78947368,3.2
5.019000053,-1.734977965,17.78947368,3.2
5.027999878,-1.722547782,17.78947368,3.2
5.037000179,-1.710226377,17.78947368,3.2
5.046000004,-1.69816387,17.78947368,3.2
5.054999828,-1.686508301,17.78947368,3.2
5.06400013,-1.675412501,17.78947368,3.2
5.072999954,-1.66502716,17.78947368,3.2
5.081999779,-1.65549595,17.78947368,3.2
5.09100008,-1.646958818,17.78947368,3.2
5.099999905,-1.639540804,17.78947368,3.2
5.109000206,-1.633355614,17.78947368,3.2
5.118000031,-1.628503931,17.78947368,3.2
5.126999855,-1.625064502,17.78947368,3.2
5.136000156,-1.623101713,17.78947368,3.2
5.144999981,-1.622658428,17.78947368,3.2
5.153999805,-1.623759596,17.78947368,3.2
5.163000107,-1.626405231,17.78947368,3.2
5.171999931,-1.630578604,17.78947368,3.2
5.181000233,-1.636240411,17.78947368,3.2
5.190000057,-1.643329366,17.78947368,3.2
5.198999882,-1.651768379,17.78947368,3.2
5.208000183,-1.661459439,17.78947368,3.2
5.217000008,-1.67229077,17.78947368,3.2
5.225999832,-1.684129785,17.78947368,3.2
5.235000134,-1.696834685,17.78947368,3.2
5.243999958,-1.710249032,17.78947368,3.2
5.252999783,-1.724207902,17.78947368,3.2
5.262000084,-1.738538658,17.78947368,3.2
5.270999908,-1.753065402,17.78947368,3.2
5.28000021,-1.767604931,17.78947368,3.2
5.289000034,-1.78197695,17.78947368,3.2
5.297999859,-1.79600469,17.78947368,3.2
5.30700016,-1.809515681,17.78947368,3.2
5.315999985,-1.822345285,17.78947368,3.2
5.324999809,-1.83433955,17.78947368,3.2
5.334000111,-1.845356909,17.78947368,3.2
5.342999935,-1.855273791,17.78947368,3.2
5.352000237,-1.863982332,17.78947368,3.2
5.361000061,-1.871392854,17.78947368,3.2
5.369999886,-1.877439387,17.78947368,3.2
5.379000187,-1.882073581,17.78947368,3.2
5.388000011,-1.885277379,17.78947368,3.2
5.396999836,-1.887046119,17.78947368,3.2
5.406000137,-1.88740534,17.78947368,3.2
5.414999962,-1.886397887,17.78947368,3.2
5.423999786,-1.884091409,17.78947368,3.2
5.433000088,-1.880571479,17.78947368,3.2
5.441999912,-1.87594105,17.78947368,3.2
5.451000214,-1.870321933,17.78947368,3.2
5.460000038,-1.863844698,17.78947368,3.2
5.468999863,-1.856655365,17.78947368,3.2
5.478000164,-1.84890605,17.78947368,3.2
5.486999989,-1.84075681,17.78947368,3.2
5.495999813,-1.832368929,17.78947368,3.2
5.505000114,-1.823905725,17.78947368,3.2
5.513999939,-1.815527493,17.78947368,3.2
5.522999763,-1.807392038,17.78947368,3.2
5.532000065,-1.799650324,17.78947368,3.2
5.540999889,-1.792444305,17.78947368,3.2
5.550000191,-1.785910015,17.78947368,3.2
5.559000015,-1.780169091,17.78947368,3.2
5.56799984,-1.775332901,17.78947368,3.2
5.577000141,-1.771502375,17.78947368,3.2
5.585999966,-1.768762778,17.78947368,3.2
5.59499979,-1.767186819,17.78947368,3.2
5.604000092,-1.766833946,17.78947368,3.2
5.612999916,-1.76775054,17.78947368,3.2
5.622000217,-1.769971133,17.78947368,3.2
5.631000042,-1.773515393,17.78947368,3.2
5.639999866,-1.778394335,17.78947368,3.2
5.649000168,-1.784603486,17.78947368,3.2
5.657999992,-1.792134309,17.78947368,3.2
5.666999817,-1.800962896,17.78947368,3.2
5.676000118,-1.811062477,17.78947368,3.2
5.684999943,-1.822394032,17.78947368,3.2
5.693999767,-1.834916865,17.78947368,3.2
5.703000069,-1.848583597,17.78947368,3.2
5.711999893,-1.863343066,17.78947368,3.2
5.721000195,-1.879141467,17.78947368,3.2
5.730000019,-1.89592489,17.78947368,3.2
5.738999844,-1.91363827,17.78947368,3.2
5.748000145,-1.932227625,17.78947368,3.2
5.756999969,-1.951643781,17.78947368,3.2
5.765999794,-1.971835505,17.78947368,3.2
5.775000095,-1.992761579,17.78947368,3.2
5.78399992,-2.014378949,17.78947368,3.2
5.793000221,-2.036657557,17.78947368,3.2
5.802000046,-2.059568232,17.78947368,3.2
5.81099987,-2.083091382,17.78947368,3.2
5.820000172,-2.107215384,17.78947368,3.2
5.828999996,-2.13193202,17.78947368,3.2
5.837999821,-2.157245983,17.78947368,3.2
5.847000122,-2.183165013,17.78947368,3.2
5.855999947,-2.209708481,17.78947368,3.2
5.864999771,-2.236899585,17.78947368,3.2
5.874000072,-2.264771443,17.78947368,3.2
5.882999897,-2.293361367,17.78947368,3.2
5.892000198,-2.322713477,17.78947368,3.2
5.901000023,-2.352876895,17.78947368,3.2
5.909999847,-2.383905593,17.78947368,3.2
5.919000149,-2.415856788,17.78947368,3.2
5.927999973,-2.448791462,17.78947368,3.2
5.936999798,-2.482771513,17.78947368,3.2
5.946000099,-2.517861157,17.78947368,3.2
5.954999924,-2.554126337,17.78947368,3.2
5.964000225,-2.591630659,17.78947368,3.2
5.97300005,-2.630437737,17.78947368,3.2
5.981999874,-2.670611237,17.78947368,3.2
5.991000175,-2.712211276,17.78947368,3.2
6,-2.755297072,17.78947368,3.2
6.008999825,-2.799922549,17.78947368,3.2
6.018000126,-2.846141724,17.78947368,3.2
6.02699995,-2.89400332,17.78947368,3.2
6.035999775,-2.94355459,17.78947368,3.2
6.045000076,-2.994837125,17.78947368,3.2
6.053999901,-3.047889736,17.78947368,3.2
6.063000202,-3.102749886,17.78947368,3.2
6.072000027,-3.159452091,17.78947368,3.2
6.080999851,-3.218026179,17.78947368,3.2
6.090000153,-3.278499946,17.78947368,3.2
6.098999977,-3.340902593,17.78947368,3.2
6.107999802,-3.405262899,17.78947368,3.2
6.117000103,-3.471604293,17.78947368,3.2
6.125999928,-3.539953569,17.78947368,3.2
6.135000229,-3.610340661,17.78947368,3.2
6.144000053,-3.682793016,17.78947368,3.2
6.152999878,-3.757343725,17.78947368,3.2
6.162000179,-3.834027823,17.78947368,3.2
6.171000004,-3.912884411,17.78947368,3.2
6.179999828,-3.993956057,17.78947368,3.2
6.18900013,-4.07729225,17.78947368,3.2
6.197999954,-4.162945556,17.78947368,3.2
6.206999779,-4.250977269,17.78947368,3.2
6.21600008,-4.34145277,17.78947368,3.2
6.224999905,-4.434445492,17.78947368,3.2
6.234000206,-4.530034525,17.78947368,3.2
6.243000031,-4.628303726,17.78947368,3.2
6.251999855,-4.729347218,17.78947368,3.2
6.261000156,-4.833261575,17.78947368,3.2
6.269999981,-4.94015105,17.78947368,3.2
6.278999805,-5.050124245,17.78947368,3.2
6.288000107,-5.163293871,17.78947368,3.2
6.296999931,-5.279774383,17.78947368,3.2
6.306000233,-5.399686477,17.78947368,3.2
6.315000057,-5.523148064,17.78947368,3.2
6.323999882,-5.650277181,17.78947368,3.2
6.333000183,-5.781192551,17.78947368,3.2
6.342000008,-5.916006735,17.78947368,3.2
6.350999832,-6.054829219,17.78947368,3.2
6.360000134,-6.19775893,17.78947368,3.2
6.368999958,-6.34489064,17.78947368,3.2
6.377999783,-6.496303393,17.78947368,3.2
6.387000084,-6.652063333,17.78947368,3.2
6.395999908,-6.812222352,17.78947368,3.2
6.40500021,-6.97681058,17.78947368,3.2
6.414000034,-7.145837018,17.78947368,3.2
6.422999859,-7.319287474,17.78947368,3.2
6.43200016,-7.497115494,17.78947368,3.2
6.440999985,-7.679246908,17.78947368,3.2
6.449999809,-7.865569401,17.78947368,3.2
6.459000111,-8.055931292,17.78947368,3.2
6.467999935,-8.250139077,17.78947368,3.2
6.477000237,-8.44795217,17.78947368,3.2
6.486000061,-8.649072713,17.78947368,3.2
6.494999886,-8.853151063,17.78947368,3.2
6.504000187,-9.059776657,17.78947368,3.2
6.513000011,-9.268467879,17.78947368,3.2
6.521999836,-9.478677857,17.78947368,3.2
6.531000137,-9.689780443,17.78947368,3.2
6.539999962,-9.901076653,17.78947368,3.2
6.548999786,-10.11178405,17.78947368,3.2
6.558000088,-10.32103842,17.78947368,3.2
6.566999912,-10.52789205,17.78947368,3.2
6.576000214,-10.73131961,17.78947368,3.2
6.585000038,-10.9302206,17.78947368,3.2
6.593999863,-11.12342457,17.78947368,3.2
6.603000164,-11.30970507,17.78947368,3.2
6.611999989,-11.48779616,17.78947368,3.2
6.620999813,-11.65640586,17.78947368,3.2
6.630000114,-11.81424433,17.78947368,3.2
6.638999939,-11.9600498,17.78947368,3.2
6.647999763,-12.09261578,17.78947368,3.2
6.657000065,-12.21082553,17.78947368,3.2
6.665999889,-12.31368604,17.78947368,3.2
6.675000191,-12.40035511,17.78947368,3.2
6.684000015,-12.47017417,17.78947368,3.2
6.69299984,-12.52268775,17.78947368,3.2
6.702000141,-12.55766469,17.78947368,3.2
6.710999966,-12.57510214,17.78947368,3.2
6.71999979,-12.57523032,17.78947368,3.2
6.729000092,-12.55849866,17.78947368,3.2
6.737999916,-12.52556646,17.78947368,3.2
6.747000217,-12.47727328,17.78947368,3.2
6.756000042,-12.41461505,17.78947368,3.2
6.764999866,-12.33871383,17.78947368,3.2
6.774000168,-12.25078184,17.78947368,3.2
6.782999992,-12.15209373,17.78947368,3.2
6.791999817,-12.04395746,17.78947368,3.2
6.801000118,-11.92768579,17.78947368,3.2
6.809999943,-11.80457323,17.78947368,3.2
6.818999767,-11.67588315,17.78947368,3.2
6.828000069,-11.5428239,17.78947368,3.2
6.836999893,-11.40654578,17.78947368,3.2
6.846000195,-11.26812755,17.78947368,3.2
6.855000019,-11.12857743,17.78947368,3.2
6.863999844,-10.98882486,17.78947368,3.2
6.873000145,-10.84972269,17.78947368,3.2
6.881999969,-10.71204694,17.78947368,3.2
6.890999794,-10.57649932,17.78947368,3.2
6.900000095,-10.44371028,17.78947368,3.2
6.90899992,-10.31424051,17.78947368,3.2
6.918000221,-10.18858496,17.78947368,3.2
6.927000046,-10.06717728,17.78947368,3.2
6.93599987,-9.950390343,17.78947368,3.2
6.945000172,-9.838544136,17.78947368,3.2
6.953999996,-9.73190122,17.78947368,3.2
6.962999821,-9.630678809,17.78947368,3.2
6.972000122,-9.53504175,17.78947368,3.2
6.980999947,-9.445113272,17.78947368,3.2
6.989999771,-9.360968203,17.78947368,3.2
6.999000072,-9.282641687,17.78947368,3.2
7.007999897,-9.210126191,17.78947368,3.2
7.017000198,-9.143374021,17.78947368,3.2
7.026000023,-9.082298154,17.78947368,3.2
7.034999847,-9.026769742,17.78947368,3.2
7.044000149,-8.97662448,17.78947368,3.2
7.052999973,-8.931656983,17.78947368,3.2
7.061999798,-8.89162658,17.78947368,3.2
7.071000099,-8.856252352,17.78947368,3.2
7.079999924,-8.825219799,17.78947368,3.2
7.089000225,-8.798177502,17.78947368,3.2
7.09800005,-8.774742725,17.78947368,3.2
7.106999874,-8.754500938,17.78947368,3.2
7.116000175,-8.737010478,17.78947368,3.2
7.125,-8.721806194,17.78947368,3.2
7.133999825,-8.708404164,17.78947368,3.2
7.143000126,-8.696309126,17.78947368,3.2
7.15199995,-8.685017994,17.78947368,3.2
7.160999775,-8.674031723,17.78947368,3.2
7.170000076,-8.662860545,17.78947368,3.2
7.178999901,-8.651035896,17.78947368,3.2
7.188000202,-8.638116955,17.78947368,3.2
7.197000027,-8.623703816,17.78947368,3.2
7.205999851,-8.607442904,17.78947368,3.2
7.215000153,-8.589039943,17.78947368,3.2
7.223999977,-8.568264215,17.78947368,3.2
7.232999802,-8.54495562,17.78947368,3.2
7.242000103,-8.519031832,17.78947368,3.2
7.250999928,-8.490486126,17.78947368,3.2
7.260000229,-8.4593902,17.78947368,3.2
7.269000053,-8.425898631,17.78947368,3.2
7.277999878,-8.39023277,17.78947368,3.2
7.287000179,-8.352686011,17.78947368,3.2
7.296000004,-8.313613542,17.78947368,3.2
7.304999828,-8.273426221,17.78947368,3.2
7.31400013,-8.232574492,17.78947368,3.2
7.322999954,-8.191552981,17.78947368,3.2
7.331999779,-8.150878332,17.78947368,3.2
7.34100008,-8.111088298,17.78947368,3.2
7.349999905,-8.072731212,17.78947368,3.2
7.359000206,-8.036360549,17.78947368,3.2
7.368000031,-8.002524458,17.78947368,3.2
7.376999855,-7.9717654,17.78947368,3.2
7.386000156,-7.944613678,17.78947368,3.2
7.394999981,-7.921583658,17.78947368,3.2
7.403999805,-7.903173992,17.78947368,3.2
7.413000107,-7.889863948,17.78947368,3.2
7.421999931,-7.882112531,17.78947368,3.2
7.431000233,-7.880361833,17.78947368,3.2
7.440000057,-7.885036502,17.78947368,3.2
7.448999882,-7.896543411,17.78947368,3.2
7.458000183,-7.915274053,17.78947368,3.2
7.467000008,-7.941607665,17.78947368,3.2
7.475999832,-7.975913377,17.78947368,3.2
7.485000134,-8.018552783,17.78947368,3.2
7.493999958,-8.069882923,17.78947368,3.2
7.502999783,-8.130259037,17.78947368,3.2
7.512000084,-8.200035287,17.78947368,3.2
7.520999908,-8.279577293,17.78947368,3.2
7.53000021,-8.369253031,17.78947368,3.2
7.539000034,-8.469450816,17.78947368,3.2
7.547999859,-8.580570297,17.78947368,3.2
7.55700016,-8.703040541,17.78947368,3.2
7.565999985,-8.837313402,17.78947368,3.2
7.574999809,-8.983878156,17.78947368,3.2
7.584000111,-9.143264592,17.78947368,3.2
7.592999935,-9.3160581,17.78947368,3.2
7.602000237,-9.502892191,17.78947368,3.2
7.611000061,-9.704477986,17.78947368,3.2
7.619999886,-9.921599254,17.78947368,3.2
7.629000187,-10.15514111,17.78947368,3.2
7.638000011,-10.40609024,17.78947368,3.2
7.646999836,-10.67556919,17.78947368,3.2
7.656000137,-10.96484042,17.78947368,3.2
7.664999962,-11.27534767,17.78947368,3.2
7.673999786,-11.60873691,17.78947368,3.2
7.683000088,-11.96689681,17.78947368,3.2
7.691999912,-12.35200101,17.78947368,3.2
7.701000214,-12.76655992,17.78947368,3.2
7.710000038,-13.21348473,17.78947368,3.2
7.718999863,-13.69616775,17.78947368,3.2
7.728000164,-14.21857229,17.78947368,3.2
7.736999989,-14.78533507,17.78947368,3.2
7.745999813,-15.40189832,17.78947368,3.2
7.755000114,-16.07461587,17.78947368,3.2
7.763999939,-16.81084181,17.78947368,3.2
7.772999763,-17.61890956,17.78947368,3.2
7.782000065,-18.50775712,17.78947368,3.2
7.790999889,-19.48578446,17.78947368,3.2
7.800000191,-20.55781607,17.78947368,3.2
7.809000015,-21.71768602,17.78947368,3.2
7.81799984,-22.93166478,17.78947368,3.2
7.827000141,-24.10629512,17.78947368,3.2
7.835999966,-25.04800371,17.78947368,3.2
7.84499979,-25.48123897,17.78947368,3.2
7.854000092,-25.22544492,17.78947368,3.2
7.862999916,-24.37956538,17.78947368,3.2
7.872000217,-23.21543328,17.78947368,3.2
7.881000042,-21.96192887,17.78947368,3.2
7.889999866,-20.74151801,17.78947368,3.2
7.899000168,-19.60320923,17.78947368,3.2
7.907999992,-18.55987477,17.78947368,3.2
7.916999817,-17.60931224,17.78947368,3.2
7.926000118,-16.74396747,17.78947368,3.2
7.934999943,-15.95502776,17.78947368,3.2
7.943999767,-15.23402634,17.78947368,3.2
7.953000069,-14.57337616,17.78947368,3.2
7.961999893,-13.96648716,17.78947368,3.2
7.971000195,-13.40770264,17.78947368,3.2
7.980000019,-12.89218235,17.78947368,3.2
7.988999844,-12.41578751,17.78947368,3.2
7.998000145,-11.97496293,17.78947368,3.2
8.006999969,-11.56664688,17.78947368,3.2
8.015999794,-11.18818761,17.78947368,3.2
8.024999619,-10.83728005,17.78947368,3.2
8.034000397,-10.51190626,17.78947368,3.2
8.043000221,-10.21029611,17.78947368,3.2
8.052000046,-9.930887123,17.78947368,3.2
8.06099987,-9.672295842,17.78947368,3.2
8.069999695,-9.433293856,17.78947368,3.2
8.079000473,-9.212781773,17.78947368,3.2
8.088000298,-9.009777388,17.78947368,3.2
8.097000122,-8.823398944,17.78947368,3.2
8.105999947,-8.652848526,17.78947368,3.2
8.114999771,-8.497407184,17.78947368,3.2
8.123999596,-8.356419465,17.78947368,3.2
8.133000374,-8.229287207,17.78947368,3.2
8.142000198,-8.115462746,17.78947368,3.2
8.151000023,-8.014439708,17.78947368,3.2
8.159999847,-7.925746754,17.78947368,3.2
8.168999672,-7.84894056,17.78947368,3.2
8.17800045,-7.783601148,17.78947368,3.2
8.187000275,-7.729324451,17.78947368,3.2
8.196000099,-7.685715951,17.78947368,3.2
8.204999924,-7.652388641,17.78947368,3.2
8.213999748,-7.628948765,17.78947368,3.2
8.222999573,-7.61500093,17.78947368,3.2
8.232000351,-7.610132251,17.78947368,3.2
8.241000175,-7.613914336,17.78947368,3.2
8.25,-7.625891278,17.78947368,3.2
8.258999825,-7.645577592,17.78947368,3.2
8.267999649,-7.672449604,17.78947368,3.2
8.277000427,-7.705948438,17.78947368,3.2
8.286000252,-7.74546934,17.78947368,3.2
8.295000076,-7.790354643,17.78947368,3.2
8.303999901,-7.839903831,17.78947368,3.2
8.312999725,-7.893362474,17.78947368,3.2
8.32199955,-7.949926953,17.78947368,3.2
8.331000328,-8.008750079,17.78947368,3.2
8.340000153,-8.068938951,17.78947368,3.2
8.348999977,-8.129574668,17.78947368,3.2
8.357999802,-8.189714042,17.78947368,3.2
8.366999626,-8.24840319,17.78947368,3.2
8.376000404,-8.304698107,17.78947368,3.2
8.385000229,-8.357679549,17.78947368,3.2
8.394000053,-8.406473078,17.78947368,3.2
8.402999878,-8.450268045,17.78947368,3.2
8.411999702,-8.488338981,17.78947368,3.2
8.420999527,-8.520064337,17.78947368,3.2
8.430000305,-8.544940081,17.78947368,3.2
8.43900013,-8.562598162,17.78947368,3.2
8.447999954,-8.572809382,17.78947368,3.2
8.456999779,-8.575491957,17.78947368,3.2
8.465999603,-8.570706579,17.78947368,3.2
8.475000381,-8.558654294,17.78947368,3.2
8.484000206,-8.539664189,17.78947368,3.2
8.493000031,-8.514178026,17.78947368,3.2
8.501999855,-8.482738593,17.78947368,3.2
8.51099968,-8.445965124,17.78947368,3.2
8.520000458,-8.404533861,17.78947368,3.2
8.529000282,-8.359165475,17.78947368,3.2
8.538000107,-8.310600241,17.78947368,3.2
8.546999931,-8.259583662,17.78947368,3.2
8.555999756,-8.206851726,17.78947368,3.2
8.56499958,-8.153116232,17.78947368,3.2
8.574000359,-8.099060319,17.78947368,3.2
8.583000183,-8.045325313,17.78947368,3.2
8.592000008,-7.992504795,17.78947368,3.2
8.600999832,-7.941143297,17.78947368,3.2
8.609999657,-7.891731816,17.78947368,3.2
8.619000435,-7.844705412,17.78947368,3.2
8.628000259,-7.800445363,17.78947368,3.2
8.637000084,-7.759277871,17.78947368,3.2
8.645999908,-7.721474858,17.78947368,3.2
8.654999733,-7.687254197,17.78947368,3.2
8.663999557,-7.656786243,17.78947368,3.2
8.673000336,-7.63018697,17.78947368,3.2
8.68200016,-7.607528597,17.78947368,3.2
8.690999985,-7.588837589,17.78947368,3.2
8.699999809,-7.57409357,17.78947368,3.2
8.708999634,-7.563242429,17.78947368,3.2
8.718000412,-7.556182649,17.78947368,3.2
8.727000237,-7.552783382,17.78947368,3.2
8.736000061,-7.552877409,17.78947368,3.2
8.744999886,-7.556266542,17.78947368,3.2
8.75399971,-7.562728618,17.78947368,3.2
8.762999535,-7.572015374,17.78947368,3.2
8.772000313,-7.583860163,17.78947368,3.2
8.781000137,-7.597982754,17.78947368,3.2
8.789999962,-7.61408454,17.78947368,3.2
8.798999786,-7.631871261,17.78947368,3.2
8.807999611,-7.651038745,17.78947368,3.2
8.817000389,-7.671291226,17.78947368,3.2
8.826000214,-7.692335776,17.78947368,3.2
8.835000038,-7.713898033,17.78947368,3.2
8.843999863,-7.735719779,17.78947368,3.2
8.852999687,-7.757559404,17.78947368,3.2
8.862000465,-7.779207053,17.78947368,3.2
8.87100029,-7.800479332,17.78947368,3.2
8.880000114,-7.821223425,17.78947368,3.2
8.888999939,-7.841315428,17.78947368,3.2
8.897999763,-7.860670733,17.78947368,3.2
8.906999588,-7.879233365,17.78947368,3.2
8.916000366,-7.896983752,17.78947368,3.2
8.925000191,-7.913930663,17.78947368,3.2
8.934000015,-7.93010959,17.78947368,3.2
8.94299984,-7.94558913,17.78947368,3.2
8.951999664,-7.960449317,17.78947368,3.2
8.961000443,-7.974794777,17.78947368,3.2
8.970000267,-7.988743219,17.78947368,3.2
8.979000092,-8.002415415,17.78947368,3.2
8.987999916,-8.015947005,17.78947368,3.2
8.996999741,-8.029462774,17.78947368,3.2
9.005999565,-8.043088211,17.78947368,3.2
9.015000343,-8.056934741,17.78947368,3.2
9.024000168,-8.071105445,17.78947368,3.2
9.032999992,-8.0856841,17.78947368,3.2
9.041999817,-8.100734921,17.78947368,3.2
9.050999641,-8.116299824,17.78947368,3.2
9.06000042,-8.132395548,17.78947368,3.2
9.069000244,-8.149012362,17.78947368,3.2
9.078000069,-8.166121902,17.78947368,3.2
9.086999893,-8.183658587,17.78947368,3.2
9.095999718,-8.201540381,17.78947368,3.2
9.104999542,-8.219656021,17.78947368,3.2
9.11400032,-8.237873263,17.78947368,3.2
9.123000145,-8.25604144,17.78947368,3.2
9.131999969,-8.27399799,17.78947368,3.2
9.140999794,-8.291559533,17.78947368,3.2
9.149999619,-8.308542247,17.78947368,3.2
9.159000397,-8.324750491,17.78947368,3.2
9.168000221,-8.339995773,17.78947368,3.2
9.177000046,-8.354096543,17.78947368,3.2
9.18599987,-8.366877683,17.78947368,3.2
9.194999695,-8.378180467,17.78947368,3.2
9.204000473,-8.387867087,17.78947368,3.2
9.213000298,-8.395825982,17.78947368,3.2
9.222000122,-8.401967042,17.78947368,3.2
9.230999947,-8.406235923,17.78947368,3.2
9.239999771,-8.408606831,17.78947368,3.2
9.248999596,-8.409090027,17.78947368,3.2
9.258000374,-8.407726642,17.78947368,3.2
9.267000198,-8.404595087,17.78947368,3.2
9.276000023,-8.399799123,17.78947368,3.2
9.284999847,-8.393475276,17.78947368,3.2
9.293999672,-8.385786514,17.78947368,3.2
9.30300045,-8.376915483,17.78947368,3.2
9.312000275,-8.367062065,17.78947368,3.2
9.321000099,-8.356440447,17.78947368,3.2
9.329999924,-8.345274255,17.78947368,3.2
9.338999748,-8.333781158,17.78947368,3.2
9.347999573,-8.322185173,17.78947368,3.2
9.357000351,-8.310699125,17.78947368,3.2
9.366000175,-8.299518212,17.78947368,3.2
9.375,-8.288828591,17.78947368,3.2
9.383999825,-8.278786368,17.78947368,3.2
9.392999649,-8.269531764,17.78947368,3.2
9.402000427,-8.261173423,17.78947368,3.2
9.411000252,-8.25379003,17.78947368,3.2
9.420000076,-8.24743155,17.78947368,3.2
9.428999901,-8.242112697,17.78947368,3.2
9.437999725,-8.237826698,17.78947368,3.2
9.44699955,-8.234524369,17.78947368,3.2
9.456000328,-8.23213506,17.78947368,3.2
9.465000153,-8.230562483,17.78947368,3.2
9.473999977,-8.229679096,17.78947368,3.2
9.482999802,-8.229345499,17.78947368,3.2
9.491999626,-8.229402392,17.78947368,3.2
9.501000404,-8.229676646,17.78947368,3.2
9.510000229,-8.229990928,17.78947368,3.2
9.519000053,-8.230163541,17.78947368,3.2
9.527999878,-8.230021277,17.78947368,3.2
9.536999702,-8.229389526,17.78947368,3.2
9.545999527,-8.228115384,17.78947368,3.2
9.555000305,-8.226060359,17.78947368,3.2
9.56400013,-8.223112011,17.78947368,3.2
9.572999954,-8.219175776,17.78947368,3.2
9.581999779,-8.214195511,17.78947368,3.2
9.590999603,-8.208139394,17.78947368,3.2
9.600000381,-8.201010395,17.78947368,3.2
9.609000206,-8.192839795,17.78947368,3.2
9.618000031,-8.183696277,17.78947368,3.2
9.626999855,-8.173669983,17.78947368,3.2
9.63599968,-8.162879653,17.78947368,3.2
9.645000458,-8.151463834,17.78947368,3.2
9.654000282,-8.139583121,17.78947368,3.2
9.663000107,-8.127405262,17.78947368,3.2
9.671999931,-8.115104937,17.78947368,3.2
9.680999756,-8.102858677,17.78947368,3.2
9.68999958,-8.090838297,17.78947368,3.2
9.699000359,-8.079202958,17.78947368,3.2
9.708000183,-8.068099837,17.78947368,3.2
9.717000008,-8.057649252,17.78947368,3.2
9.725999832,-8.047952699,17.78947368,3.2
9.734999657,-8.039078168,17.78947368,3.2
9.744000435,-8.031066381,17.78947368,3.2
9.753000259,-8.023922121,17.78947368,3.2
9.762000084,-8.017619602,17.78947368,3.2
9.770999908,-8.012094514,17.78947368,3.2
9.779999733,-8.007252755,17.78947368,3.2
9.788999557,-8.002969247,17.78947368,3.2
9.798000336,-7.999089319,17.78947368,3.2
9.80700016,-7.995433935,17.78947368,3.2
9.815999985,-7.991806148,17.78947368,3.2
9.824999809,-7.987996982,17.78947368,3.2
9.833999634,-7.983786559,17.78947368,3.2
9.843000412,-7.978954663,17.78947368,3.2
9.852000237,-7.973285223,17.78947368,3.2
9.861000061,-7.966584089,17.78947368,3.2
9.869999886,-7.95866644,17.78947368,3.2
9.87899971,-7.949381197,17.78947368,3.2
9.887999535,-7.938609298,17.78947368,3.2
9.897000313,-7.926266848,17.78947368,3.2
9.906000137,-7.912317568,17.78947368,3.2
9.914999962,-7.896767229,17.78947368,3.2
9.923999786,-7.879666223,17.78947368,3.2
9.932999611,-7.861110195,17.78947368,3.2
9.942000389,-7.841246239,17.78947368,3.2
9.951000214,-7.820253412,17.78947368,3.2
9.960000038,-7.798349395,17.78947368,3.2
9.968999863,-7.775786788,17.78947368,3.2
9.977999687,-7.752832289,17.78947368,3.2
9.987000465,-7.729777576,17.78947368,3.2
9.99600029,-7.706917816,17.78947368,3.2
10.00500011,-7.684549082,17.78947368,3.2
10.01399994,-7.66296141,17.78947368,3.2
10.02299976,-7.642432467,17.78947368,3.2
10.03199959,-7.623215341,17.78947368,3.2
10.04100037,-7.605535852,17.78947368,3.2
10.05000019,-7.589592985,17.78947368,3.2
10.05900002,-7.57554176,17.78947368,3.2
10.06799984,-7.563502234,17.78947368,3.2
10.07699966,-7.553551632,17.78947368,3.2
10.08600044,-7.545725847,17.78947368,3.2
10.09500027,-7.540014308,17.78947368,3.2
10.10400009,-7.53636702,17.78947368,3.2
10.11299992,-7.534689684,17.78947368,3.2
10.12199974,-7.534856035,17.78947368,3.2
10.13099957,-7.536701569,17.78947368,3.2
10.14000034,-7.54003537,17.78947368,3.2
10.14900017,-7.544639346,17.78947368,3.2
10.15799999,-7.550283036,17.78947368,3.2
10.16699982,-7.556720613,17.78947368,3.2
10.17599964,-7.563705518,17.78947368,3.2
10.18500042,-7.570996507,17.78947368,3.2
10.19400024,-7.578360054,17.78947368,3.2
10.20300007,-7.58558933,17.78947368,3.2
10.21199989,-7.592498388,17.78947368,3.2
10.22099972,-7.598934876,17.78947368,3.2
10.22999954,-7.604791423,17.78947368,3.2
10.23900032,-7.609993746,17.78947368,3.2
10.24800014,-7.614519598,17.78947368,3.2
10.25699997,-7.618394283,17.78947368,3.2
10.26599979,-7.62168586,17.78947368,3.2
10.27499962,-7.624511598,17.78947368,3.2
10.2840004,-7.627026766,17.78947368,3.2
10.29300022,-7.629424805,17.78947368,3.2
10.30200005,-7.631930652,17.78947368,3.2
10.31099987,-7.634787735,17.78947368,3.2
10.31999969,-7.63826112,17.78947368,3.2
10.32900047,-7.642619544,17.78947368,3.2
10.3380003,-7.648132275,17.78947368,3.2
10.34700012,-7.655057271,17.78947368,3.2
10.35599995,-7.663636878,17.78947368,3.2
10.36499977,-7.674091424,17.78947368,3.2
10.3739996,-7.686605639,17.78947368,3.2
10.38300037,-7.701330162,17.78947368,3.2
10.3920002,-7.71837551,17.78947368,3.2
10.40100002,-7.73780394,17.78947368,3.2
10.40999985,-7.759634401,17.78947368,3.2
10.41899967,-7.783831793,17.78947368,3.2
10.42800045,-7.810316535,17.78947368,3.2
10.43700027,-7.838955241,17.78947368,3.2
10.4460001,-7.869574853,17.78947368,3.2
10.45499992,-7.901954896,17.78947368,3.2
10.46399975,-7.935840003,17.78947368,3.2
10.47299957,-7.970943778,17.78947368,3.2
10.48200035,-8.00695394,17.78947368,3.2
10.49100018,-8.043544907,17.78947368,3.2
10.5,-8.080388249,17.78947368,3.2
1.5,-0.693475575,21.05263158,0.8
1.508999944,-0.703160002,21.05263158,0.8
1.518000007,-0.710608095,21.05263158,0.8
1.52699995,-0.715856716,21.05263158,0.8
1.536000013,-0.719143169,21.05263158,0.8
1.544999957,-0.720887506,21.05263158,0.8
1.55400002,-0.721648632,21.05263158,0.8
1.562999964,-0.722067144,21.05263158,0.8
1.572000027,-0.722810805,21.05263158,0.8
1.58099997,-0.724513334,21.05263158,0.8
1.590000033,-0.727715488,21.05263158,0.8
1.598999977,-0.732817637,21.05263158,0.8
1.60800004,-0.740048159,21.05263158,0.8
1.616999984,-0.749437077,21.05263158,0.8
1.626000047,-0.760817973,21.05263158,0.8
1.63499999,-0.773843824,21.05263158,0.8
1.644000053,-0.788013338,21.05263158,0.8
1.652999997,-0.802718069,21.05263158,0.8
1.661999941,-0.817298611,21.05263158,0.8
1.671000004,-0.831104505,21.05263158,0.8
1.679999948,-0.84355449,21.05263158,0.8
1.68900001,-0.854185807,21.05263158,0.8
1.697999954,-0.862706967,21.05263158,0.8
1.707000017,-0.869012587,21.05263158,0.8
1.715999961,-0.873197358,21.05263158,0.8
1.725000024,-0.875547101,21.05263158,0.8
1.733999968,-0.876506231,21.05263158,0.8
1.743000031,-0.876633235,21.05263158,0.8
1.751999974,-0.876549129,21.05263158,0.8
1.761000037,-0.876885297,21.05263158,0.8
1.769999981,-0.87821723,21.05263158,0.8
1.779000044,-0.881014198,21.05263158,0.8
1.787999988,-0.885605002,21.05263158,0.8
1.797000051,-0.892143785,21.05263158,0.8
1.805999994,-0.900594651,21.05263158,0.8
1.815000057,-0.910741202,21.05263158,0.8
1.824000001,-0.922203237,21.05263158,0.8
1.832999945,-0.934475063,21.05263158,0.8
1.842000008,-0.946963795,21.05263158,0.8
1.850999951,-0.959054391,21.05263158,0.8
1.860000014,-0.970153819,21.05263158,0.8
1.868999958,-0.979753461,21.05263158,0.8
1.878000021,-0.987474993,21.05263158,0.8
1.886999965,-0.993102078,21.05263158,0.8
1.896000028,-0.996598669,21.05263158,0.8
1.904999971,-0.998109846,21.05263158,0.8
1.914000034,-0.997949725,21.05263158,0.8
1.922999978,-0.996565713,21.05263158,0.8
1.932000041,-0.994496797,21.05263158,0.8
1.940999985,-0.992318528,21.05263158,0.8
1.950000048,-0.990599109,21.05263158,0.8
1.958999991,-0.989834943,21.05263158,0.8
1.968000054,-0.990416767,21.05263158,0.8
1.976999998,-0.992595314,21.05263158,0.8
1.985999942,-0.996450419,21.05263158,0.8
1.995000005,-1.001899714,21.05263158,0.8
2.003999949,-1.008699319,21.05263158,0.8
2.013000011,-1.016466611,21.05263158,0.8
2.022000074,-1.024721654,21.05263158,0.8
2.030999899,-1.032926985,21.05263158,0.8
2.039999962,-1.04053831,21.05263158,0.8
2.049000025,-1.047051576,21.05263158,0.8
2.058000088,-1.052057019,21.05263158,0.8
2.066999912,-1.055264382,21.05263158,0.8
2.075999975,-1.056537449,21.05263158,0.8
2.085000038,-1.055899035,21.05263158,0.8
2.094000101,-1.053528781,21.05263158,0.8
2.102999926,-1.04974389,21.05263158,0.8
2.111999989,-1.044965387,21.05263158,0.8
2.121000051,-1.039684586,21.05263158,0.8
2.130000114,-1.034407025,21.05263158,0.8
2.138999939,-1.029611556,21.05263158,0.8
2.148000002,-1.025707716,21.05263158,0.8
2.157000065,-1.023000928,21.05263158,0.8
2.165999889,-1.021665194,21.05263158,0.8
2.174999952,-1.021732683,21.05263158,0.8
2.184000015,-1.0230899,21.05263158,0.8
2.193000078,-1.025495797,21.05263158,0.8
2.201999903,-1.028604593,21.05263158,0.8
2.210999966,-1.031995945,21.05263158,0.8
2.220000029,-1.035216902,21.05263158,0.8
2.229000092,-1.037818295,21.05263158,0.8
2.237999916,-1.0394069,21.05263158,0.8
2.246999979,-1.039666359,21.05263158,0.8
2.256000042,-1.038397316,21.05263158,0.8
2.265000105,-1.035527456,21.05263158,0.8
2.273999929,-1.031114205,21.05263158,0.8
2.282999992,-1.025345981,21.05263158,0.8
2.292000055,-1.018511421,21.05263158,0.8
2.301000118,-1.010980981,21.05263158,0.8
2.309999943,-1.003166644,21.05263158,0.8
2.319000006,-0.995479195,21.05263158,0.8
2.328000069,-0.988304583,21.05263158,0.8
2.336999893,-0.981956791,21.05263158,0.8
2.345999956,-0.976658818,21.05263158,0.8
2.355000019,-0.972527354,21.05263158,0.8
2.364000082,-0.969559518,21.05263158,0.8
2.372999907,-0.967638272,21.05263158,0.8
2.381999969,-0.966550109,21.05263158,0.8
2.391000032,-0.966003554,21.05263158,0.8
2.400000095,-0.965655249,21.05263158,0.8
2.40899992,-0.96514619,21.05263158,0.8
2.417999983,-0.964128172,21.05263158,0.8
2.427000046,-0.962305301,21.05263158,0.8
2.436000109,-0.959452208,21.05263158,0.8
2.444999933,-0.95543085,21.05263158,0.8
2.453999996,-0.950210038,21.05263158,0.8
2.463000059,-0.943862769,21.05263158,0.8
2.471999884,-0.936554719,21.05263158,0.8
2.480999947,-0.928528249,21.05263158,0.8
2.49000001,-0.92008298,21.05263158,0.8
2.499000072,-0.91154239,21.05263158,0.8
2.507999897,-0.903229761,21.05263158,0.8
2.51699996,-0.895429895,21.05263158,0.8
2.526000023,-0.888377945,21.05263158,0.8
2.535000086,-0.882231531,21.05263158,0.8
2.54399991,-0.877061428,21.05263158,0.8
2.552999973,-0.872847704,21.05263158,0.8
2.562000036,-0.869486638,21.05263158,0.8
2.571000099,-0.86680034,21.05263158,0.8
2.579999924,-0.864555434,21.05263158,0.8
2.588999987,-0.862482623,21.05263158,0.8
2.59800005,-0.860306385,21.05263158,0.8
2.607000113,-0.857764889,21.05263158,0.8
2.615999937,-0.85463649,21.05263158,0.8
2.625,-0.850758207,21.05263158,0.8
2.634000063,-0.846035415,21.05263158,0.8
2.642999887,-0.840456382,21.05263158,0.8
2.65199995,-0.834084329,21.05263158,0.8
2.661000013,-0.82705418,21.05263158,0.8
2.670000076,-0.819558637,21.05263158,0.8
2.678999901,-0.81182607,21.05263158,0.8
2.687999964,-0.804107466,21.05263158,0.8
2.697000027,-0.796639596,21.05263158,0.8
2.70600009,-0.78964309,21.05263158,0.8
2.714999914,-0.783288877,21.05263158,0.8
2.723999977,-0.777692755,21.05263158,0.8
2.73300004,-0.772900569,21.05263158,0.8
2.742000103,-0.768897558,21.05263158,0.8
2.750999928,-0.765597483,21.05263158,0.8
2.75999999,-0.762862222,21.05263158,0.8
2.769000053,-0.760513344,21.05263158,0.8
2.778000116,-0.758344423,21.05263158,0.8
2.786999941,-0.756144989,21.05263158,0.8
2.796000004,-0.753716254,21.05263158,0.8
2.805000067,-0.750887555,21.05263158,0.8
2.813999891,-0.747529725,21.05263158,0.8
2.822999954,-0.743571206,21.05263158,0.8
2.832000017,-0.738998197,21.05263158,0.8
2.84100008,-0.733854348,21.05263158,0.8
2.849999905,-0.72823835,21.05263158,0.8
2.858999968,-0.722292542,21.05263158,0.8
2.868000031,-0.716191977,21.05263158,0.8
2.877000093,-0.710123477,21.05263158,0.8
2.885999918,-0.704277322,21.05263158,0.8
2.894999981,-0.698827111,21.05263158,0.8
2.904000044,-0.693911615,21.05263158,0.8
2.913000107,-0.689635596,21.05263158,0.8
2.921999931,-0.686049542,21.05263158,0.8
2.930999994,-0.683157489,21.05263158,0.8
2.940000057,-0.680913801,21.05263158,0.8
2.948999882,-0.679224017,21.05263158,0.8
2.957999945,-0.677964787,21.05263158,0.8
2.967000008,-0.676981611,21.05263158,0.8
2.976000071,-0.676110306,21.05263158,0.8
2.984999895,-0.675190555,21.05263158,0.8
2.993999958,-0.674072966,21.05263158,0.8
3.003000021,-0.672636864,21.05263158,0.8
3.012000084,-0.670797033,21.05263158,0.8
3.020999908,-0.668510393,21.05263158,0.8
3.029999971,-0.665781301,21.05263158,0.8
3.039000034,-0.662657978,21.05263158,0.8
3.048000097,-0.659235066,21.05263158,0.8
3.056999922,-0.655643338,21.05263158,0.8
3.065999985,-0.652045062,21.05263158,0.8
3.075000048,-0.648617651,21.05263158,0.8
3.084000111,-0.645554464,21.05263158,0.8
3.092999935,-0.643043733,21.05263158,0.8
3.101999998,-0.64126317,21.05263158,0.8
3.111000061,-0.640370521,21.05263158,0.8
3.119999886,-0.640500308,21.05263158,0.8
3.128999949,-0.641748574,21.05263158,0.8
3.138000011,-0.644175722,21.05263158,0.8
3.147000074,-0.647804399,21.05263158,0.8
3.155999899,-0.652610413,21.05263158,0.8
3.164999962,-0.658529571,21.05263158,0.8
3.174000025,-0.665457987,21.05263158,0.8
3.183000088,-0.673249184,21.05263158,0.8
3.191999912,-0.681722096,21.05263158,0.8
3.200999975,-0.690661902,21.05263158,0.8
3.210000038,-0.699824258,21.05263158,0.8
3.219000101,-0.708945336,21.05263158,0.8
3.227999926,-0.717747979,21.05263158,0.8
3.236999989,-0.72594874,21.05263158,0.8
3.246000051,-0.733267045,21.05263158,0.8
3.255000114,-0.739446877,21.05263158,0.8
3.263999939,-0.744252717,21.05263158,0.8
3.273000002,-0.747496187,21.05263158,0.8
3.282000065,-0.749043902,21.05263158,0.8
3.290999889,-0.748821747,21.05263158,0.8
3.299999952,-0.746833682,21.05263158,0.8
3.309000015,-0.743157604,21.05263158,0.8
3.318000078,-0.737951133,21.05263158,0.8
3.326999903,-0.731445309,21.05263158,0.8
3.335999966,-0.723940991,21.05263158,0.8
3.345000029,-0.715791082,21.05263158,0.8
3.354000092,-0.707388099,21.05263158,0.8
3.362999916,-0.699142204,21.05263158,0.8
3.371999979,-0.691469831,21.05263158,0.8
3.381000042,-0.684759916,21.05263158,0.8
3.390000105,-0.679367497,21.05263158,0.8
3.398999929,-0.67558839,21.05263158,0.8
3.407999992,-0.673652172,21.05263158,0.8
3.417000055,-0.673704375,21.05263158,0.8
3.426000118,-0.675811022,21.05263158,0.8
3.434999943,-0.679950885,21.05263158,0.8
3.444000006,-0.686022474,21.05263158,0.8
3.453000069,-0.693858434,21.05263158,0.8
3.461999893,-0.703235227,21.05263158,0.8
3.470999956,-0.713891809,21.05263158,0.8
3.480000019,-0.725554032,21.05263158,0.8
3.489000082,-0.737957553,21.05263158,0.8
3.497999907,-0.750871647,21.05263158,0.8
3.506999969,-0.764118325,21.05263158,0.8
3.516000032,-0.77759449,21.05263158,0.8
3.525000095,-0.791283043,21.05263158,0.8
3.53399992,-0.805264322,21.05263158,0.8
3.542999983,-0.819711741,21.05263158,0.8
3.552000046,-0.83488808,21.05263158,0.8
3.561000109,-0.851132806,21.05263158,0.8
3.569999933,-0.868844256,21.05263158,0.8
3.578999996,-0.88845763,21.05263158,0.8
3.588000059,-0.91042242,21.05263158,0.8
3.596999884,-0.935182692,21.05263158,0.8
3.605999947,-0.963154356,21.05263158,0.8
3.61500001,-0.994713144,21.05263158,0.8
3.624000072,-1.030185706,21.05263158,0.8
3.632999897,-1.069846357,21.05263158,0.8
3.64199996,-1.113928041,21.05263158,0.8
3.651000023,-1.162631484,21.05263158,0.8
3.660000086,-1.216154399,21.05263158,0.8
3.66899991,-1.274723254,21.05263158,0.8
3.677999973,-1.338626787,21.05263158,0.8
3.687000036,-1.408269365,21.05263158,0.8
3.696000099,-1.484216664,21.05263158,0.8
3.704999924,-1.567245805,21.05263158,0.8
3.713999987,-1.658399276,21.05263158,0.8
3.72300005,-1.759036833,21.05263158,0.8
3.732000113,-1.870882771,21.05263158,0.8
3.740999937,-1.996077078,21.05263158,0.8
3.75,-2.137228892,21.05263158,0.8
3.759000063,-2.297462982,21.05263158,0.8
3.767999887,-2.480500793,21.05263158,0.8
3.77699995,-2.690731699,21.05263158,0.8
3.786000013,-2.933340541,21.05263158,0.8
3.795000076,-3.214443404,21.05263158,0.8
3.803999901,-3.541312353,21.05263158,0.8
3.812999964,-3.922657295,21.05263158,0.8
3.822000027,-4.369043874,21.05263158,0.8
3.83100009,-4.893482645,21.05263158,0.8
3.839999914,-5.512335276,21.05263158,0.8
3.848999977,-6.246704518,21.05263158,0.8
3.85800004,-7.124717398,21.05263158,0.8
3.867000103,-8.185495722,21.05263158,0.8
3.875999928,-9.486550369,21.05263158,0.8
3.88499999,-11.11890366,21.05263158,0.8
3.894000053,-13.2421295,21.05263158,0.8
3.903000116,-16.18211443,21.05263158,0.8
3.911999941,-20.80506225,21.05263158,0.8
3.921000004,-31.58467541,21.05263158,0.8
3.930000067,-28.28437163,21.05263158,0.8
3.938999891,-19.78746447,21.05263158,0.8
3.947999954,-15.65790248,21.05263158,0.8
3.957000017,-12.95700814,21.05263158,0.8
3.96600008,-10.98588513,21.05263158,0.8
3.974999905,-9.463823896,21.05263158,0.8
3.983999968,-8.248465594,21.05263158,0.8
3.993000031,-7.25680452,21.05263158,0.8
4.001999855,-6.435647847,21.05263158,0.8
4.011000156,-5.748481178,21.05263158,0.8
4.019999981,-5.168905439,21.05263158,0.8
4.028999805,-4.677058767,21.05263158,0.8
4.038000107,-4.257509736,21.05263158,0.8
4.046999931,-3.897969048,21.05263158,0.8
4.056000233,-3.588448807,21.05263158,0.8
4.065000057,-3.320705368,21.05263158,0.8
4.073999882,-3.08785282,21.05263158,0.8
4.083000183,-2.88410314,21.05263158,0.8
4.092000008,-2.70457349,21.05263158,0.8
4.100999832,-2.545159008,21.05263158,0.8
4.110000134,-2.402433851,21.05263158,0.8
4.118999958,-2.273580046,21.05263158,0.8
4.127999783,-2.156320582,21.05263158,0.8
4.137000084,-2.04886916,21.05263158,0.8
4.145999908,-1.949869713,21.05263158,0.8
4.15500021,-1.858334239,21.05263158,0.8
4.164000034,-1.77358103,21.05263158,0.8
4.172999859,-1.695166107,21.05263158,0.8
4.18200016,-1.622817042,21.05263158,0.8
4.190999985,-1.556367723,21.05263158,0.8
4.199999809,-1.495699263,21.05263158,0.8
4.209000111,-1.440688192,21.05263158,0.8
4.217999935,-1.391170505,21.05263158,0.8
4.227000237,-1.346908312,21.05263158,0.8
4.236000061,-1.307577578,21.05263158,0.8
4.244999886,-1.272758651,21.05263158,0.8
4.254000187,-1.24194436,21.05263158,0.8
4.263000011,-1.214559606,21.05263158,0.8
4.271999836,-1.189981921,21.05263158,0.8
4.281000137,-1.167574769,21.05263158,0.8
4.289999962,-1.146725214,21.05263158,0.8
4.298999786,-1.126875482,21.05263158,0.8
4.308000088,-1.107559244,21.05263158,0.8
4.316999912,-1.088428821,21.05263158,0.8
4.326000214,-1.069269004,21.05263158,0.8
4.335000038,-1.050010145,21.05263158,0.8
4.343999863,-1.030713375,21.05263158,0.8
4.353000164,-1.011564048,21.05263158,0.8
4.361999989,-0.992837992,21.05263158,0.8
4.370999813,-0.974871197,21.05263158,0.8
4.380000114,-0.958019732,21.05263158,0.8
4.388999939,-0.942628992,21.05263158,0.8
4.397999763,-0.928985004,21.05263158,0.8
4.407000065,-0.917301705,21.05263158,0.8
4.415999889,-0.907683819,21.05263158,0.8
4.425000191,-0.900122814,21.05263158,0.8
4.434000015,-0.894488321,21.05263158,0.8
4.44299984,-0.89054,21.05263158,0.8
4.452000141,-0.887940159,21.05263158,0.8
4.460999966,-0.886282972,21.05263158,0.8
4.46999979,-0.885121863,21.05263158,0.8
4.479000092,-0.884016414,21.05263158,0.8
4.487999916,-0.882556543,21.05263158,0.8
4.497000217,-0.880413969,21.05263158,0.8
4.506000042,-0.87735973,21.05263158,0.8
4.514999866,-0.873288826,21.05263158,0.8
4.524000168,-0.868231606,21.05263158,0.8
4.532999992,-0.862349063,21.05263158,0.8
4.541999817,-0.855912934,21.05263158,0.8
4.551000118,-0.849291882,21.05263158,0.8
4.559999943,-0.842901384,21.05263158,0.8
4.568999767,-0.837181656,21.05263158,0.8
4.578000069,-0.832544493,21.05263158,0.8
4.586999893,-0.829344282,21.05263158,0.8
4.596000195,-0.827839973,21.05263158,0.8
4.605000019,-0.828174602,21.05263158,0.8
4.613999844,-0.830357577,21.05263158,0.8
4.623000145,-0.834256555,21.05263158,0.8
4.631999969,-0.839613213,21.05263158,0.8
4.640999794,-0.846058463,21.05263158,0.8
4.650000095,-0.853137059,21.05263158,0.8
4.65899992,-0.86035521,21.05263158,0.8
4.668000221,-0.867215967,21.05263158,0.8
4.677000046,-0.873274367,21.05263158,0.8
4.68599987,-0.878170947,21.05263158,0.8
4.695000172,-0.881675284,21.05263158,0.8
4.703999996,-0.883709159,21.05263158,0.8
4.712999821,-0.884354039,21.05263158,0.8
4.722000122,-0.883856042,21.05263158,0.8
4.730999947,-0.882595875,21.05263158,0.8
4.739999771,-0.881066371,21.05263158,0.8
4.749000072,-0.879824212,21.05263158,0.8
4.757999897,-0.879442985,21.05263158,0.8
4.767000198,-0.880465492,21.05263158,0.8
4.776000023,-0.88334843,21.05263158,0.8
4.784999847,-0.888429257,21.05263158,0.8
4.794000149,-0.895885398,21.05263158,0.8
4.802999973,-0.905715301,21.05263158,0.8
4.811999798,-0.917731991,21.05263158,0.8
4.821000099,-0.931571512,21.05263158,0.8
4.829999924,-0.946716558,21.05263158,0.8
4.839000225,-0.962540198,21.05263158,0.8
4.84800005,-0.978356861,21.05263158,0.8
4.856999874,-0.993484755,21.05263158,0.8
4.866000175,-1.007313013,21.05263158,0.8
4.875,-1.019367939,21.05263158,0.8
4.883999825,-1.029361583,21.05263158,0.8
4.893000126,-1.03723471,21.05263158,0.8
4.90199995,-1.043172429,21.05263158,0.8
4.910999775,-1.047601383,21.05263158,0.8
4.920000076,-1.051158851,21.05263158,0.8
4.928999901,-1.0546509,21.05263158,0.8
4.938000202,-1.058982721,21.05263158,0.8
4.947000027,-1.065093279,21.05263158,0.8
4.955999851,-1.073867174,21.05263158,0.8
4.965000153,-1.086071708,21.05263158,0.8
4.973999977,-1.102278424,21.05263158,0.8
4.982999802,-1.122806965,21.05263158,0.8
4.992000103,-1.147689273,21.05263158,0.8
5.000999928,-1.176649967,21.05263158,0.8
5.010000229,-1.209109549,21.05263158,0.8
5.019000053,-1.2442266,21.05263158,0.8
5.027999878,-1.280959283,21.05263158,0.8
5.037000179,-1.318160097,21.05263158,0.8
5.046000004,-1.354695418,21.05263158,0.8
5.054999828,-1.389572537,21.05263158,0.8
5.06400013,-1.42207704,21.05263158,0.8
5.072999954,-1.451892451,21.05263158,0.8
5.081999779,-1.479198311,21.05263158,0.8
5.09100008,-1.504729185,21.05263158,0.8
5.099999905,-1.52979307,21.05263158,0.8
5.109000206,-1.556247286,21.05263158,0.8
5.118000031,-1.586427249,21.05263158,0.8
5.126999855,-1.623050093,21.05263158,0.8
5.136000156,-1.669091998,21.05263158,0.8
5.144999981,-1.727630598,21.05263158,0.8
5.153999805,-1.801701476,21.05263158,0.8
5.163000107,-1.894120742,21.05263158,0.8
5.171999931,-2.007301582,21.05263158,0.8
5.181000233,-2.143066157,21.05263158,0.8
5.190000057,-2.30243083,21.05263158,0.8
5.198999882,-2.485390642,21.05263158,0.8
5.208000183,-2.690685627,21.05263158,0.8
5.217000008,-2.915576761,21.05263158,0.8
5.225999832,-3.155655539,21.05263158,0.8
5.235000134,-3.404712738,21.05263158,0.8
5.243999958,-3.654735367,21.05263158,0.8
5.252999783,-3.896113754,21.05263158,0.8
5.262000084,-4.118117632,21.05263158,0.8
5.270999908,-4.309706198,21.05263158,0.8
5.28000021,-4.460620901,21.05263158,0.8
5.289000034,-4.562639814,21.05263158,0.8
5.297999859,-4.610691836,21.05263158,0.8
5.30700016,-4.603564692,21.05263158,0.8
5.315999985,-4.54398027,21.05263158,0.8
5.324999809,-4.43803499,21.05263158,0.8
5.334000111,-4.294184357,21.05263158,0.8
5.342999935,-4.122094652,21.05263158,0.8
5.352000237,-3.931585803,21.05263158,0.8
5.361000061,-3.731861968,21.05263158,0.8
5.369999886,-3.53103144,21.05263158,0.8
5.379000187,-3.335886708,21.05263158,0.8
5.388000011,-3.15186104,21.05263158,0.8
5.396999836,-2.983086588,21.05263158,0.8
5.406000137,-2.832506309,21.05263158,0.8
5.414999962,-2.701975228,21.05263158,0.8
5.423999786,-2.592376712,21.05263158,0.8
5.433000088,-2.503728037,21.05263158,0.8
5.441999912,-2.43526106,21.05263158,0.8
5.451000214,-2.385528669,21.05263158,0.8
5.460000038,-2.352512764,21.05263158,0.8
5.468999863,-2.333740535,21.05263158,0.8
5.478000164,-2.326428329,21.05263158,0.8
5.486999989,-2.327634802,21.05263158,0.8
5.495999813,-2.334439418,21.05263158,0.8
5.505000114,-2.344102348,21.05263158,0.8
5.513999939,-2.354224814,21.05263158,0.8
5.522999763,-2.362882433,21.05263158,0.8
5.532000065,-2.368706254,21.05263158,0.8
5.540999889,-2.370940655,21.05263158,0.8
5.550000191,-2.369419317,21.05263158,0.8
5.559000015,-2.364518207,21.05263158,0.8
5.56799984,-2.357050155,21.05263158,0.8
5.577000141,-2.348143362,21.05263158,0.8
5.585999966,-2.339096459,21.05263158,0.8
5.59499979,-2.33124242,21.05263158,0.8
5.604000092,-2.325812196,21.05263158,0.8
5.612999916,-2.323838799,21.05263158,0.8
5.622000217,-2.3260619,21.05263158,0.8
5.631000042,-2.332886524,21.05263158,0.8
5.639999866,-2.344362609,21.05263158,0.8
5.649000168,-2.360187302,21.05263158,0.8
5.657999992,-2.379754998,21.05263158,0.8
5.666999817,-2.402203729,21.05263158,0.8
5.676000118,-2.426504772,21.05263158,0.8
5.684999943,-2.451545997,21.05263158,0.8
5.693999767,-2.476229185,21.05263158,0.8
5.703000069,-2.499556347,21.05263158,0.8
5.711999893,-2.520718018,21.05263158,0.8
5.721000195,-2.539141759,21.05263158,0.8
5.730000019,-2.554535606,21.05263158,0.8
5.738999844,-2.56690711,21.05263158,0.8
5.748000145,-2.576531034,21.05263158,0.8
5.756999969,-2.583925532,21.05263158,0.8
5.765999794,-2.58978424,21.05263158,0.8
5.775000095,-2.594910898,21.05263158,0.8
5.78399992,-2.600139248,21.05263158,0.8
5.793000221,-2.606260647,21.05263158,0.8
5.802000046,-2.613959366,21.05263158,0.8
5.81099987,-2.623761362,21.05263158,0.8
5.820000172,-2.635993101,21.05263158,0.8
5.828999996,-2.650776508,21.05263158,0.8
5.837999821,-2.668018391,21.05263158,0.8
5.847000122,-2.687434676,21.05263158,0.8
5.855999947,-2.70858509,21.05263158,0.8
5.864999771,-2.730915766,21.05263158,0.8
5.874000072,-2.753813118,21.05263158,0.8
5.882999897,-2.77666181,21.05263158,0.8
5.892000198,-2.798890245,21.05263158,0.8
5.901000023,-2.820033501,21.05263158,0.8
5.909999847,-2.839761571,21.05263158,0.8
5.919000149,-2.857904457,21.05263158,0.8
5.927999973,-2.874474172,21.05263158,0.8
5.936999798,-2.889646287,21.05263158,0.8
5.946000099,-2.903750734,21.05263158,0.8
5.954999924,-2.917237972,21.05263158,0.8
5.964000225,-2.930639757,21.05263158,0.8
5.97300005,-2.944523422,21.05263158,0.8
5.981999874,-2.959446743,21.05263158,0.8
5.991000175,-2.975918772,21.05263158,0.8
6,-2.994366473,21.05263158,0.8
6.008999825,-3.015111865,21.05263158,0.8
6.018000126,-3.038349908,21.05263158,0.8
6.02699995,-3.064153863,21.05263158,0.8
6.035999775,-3.092480491,21.05263158,0.8
6.045000076,-3.123183076,21.05263158,0.8
6.053999901,-3.156043884,21.05263158,0.8
6.063000202,-3.190792587,21.05263158,0.8
6.072000027,-3.227147822,21.05263158,0.8
6.080999851,-3.264850926,21.05263158,0.8
6.090000153,-3.303687498,21.05263158,0.8
6.098999977,-3.343519119,21.05263158,0.8
6.107999802,-3.384309099,21.05263158,0.8
6.117000103,-3.426123759,21.05263158,0.8
6.125999928,-3.469143219,21.05263158,0.8
6.135000229,-3.513655625,21.05263158,0.8
6.144000053,-3.560045595,21.05263158,0.8
6.152999878,-3.608776971,21.05263158,0.8
6.162000179,-3.660366966,21.05263158,0.8
6.171000004,-3.715371725,21.05263158,0.8
6.179999828,-3.774352072,21.05263158,0.8
6.18900013,-3.837864732,21.05263158,0.8
6.197999954,-3.906438777,21.05263158,0.8
6.206999779,-3.980562406,21.05263158,0.8
6.21600008,-4.060686553,21.05263158,0.8
6.224999905,-4.147216424,21.05263158,0.8
6.234000206,-4.240521538,21.05263158,0.8
6.243000031,-4.340944837,21.05263158,0.8
6.251999855,-4.448823349,21.05263158,0.8
6.261000156,-4.564500087,21.05263158,0.8
6.269999981,-4.688349096,21.05263158,0.8
6.278999805,-4.820796159,21.05263158,0.8
6.288000107,-4.96234365,21.05263158,0.8
6.296999931,-5.113595317,21.05263158,0.8
6.306000233,-5.275270448,21.05263158,0.8
6.315000057,-5.448230769,21.05263158,0.8
6.323999882,-5.633496645,21.05263158,0.8
6.333000183,-5.832265355,21.05263158,0.8
6.342000008,-6.045927099,21.05263158,0.8
6.350999832,-6.276083282,21.05263158,0.8
6.360000134,-6.524568081,21.05263158,0.8
6.368999958,-6.793470682,21.05263158,0.8
6.377999783,-7.085157649,21.05263158,0.8
6.387000084,-7.402327325,21.05263158,0.8
6.395999908,-7.748043574,21.05263158,0.8
6.40500021,-8.125815082,21.05263158,0.8
6.414000034,-8.539687011,21.05263158,0.8
6.422999859,-8.994361436,21.05263158,0.8
6.43200016,-9.495369484,21.05263158,0.8
6.440999985,-10.04930958,21.05263158,0.8
6.449999809,-10.66416957,21.05263158,0.8
6.459000111,-11.34980082,21.05263158,0.8
6.467999935,-12.11859618,21.05263158,0.8
6.477000237,-12.98649003,21.05263158,0.8
6.486000061,-13.97448743,21.05263158,0.8
6.494999886,-15.11101081,21.05263158,0.8
6.504000187,-16.43555944,21.05263158,0.8
6.513000011,-18.00415716,21.05263158,0.8
6.521999836,-19.89570658,21.05263158,0.8
6.531000137,-22.20693004,21.05263158,0.8
6.539999962,-24.94709612,21.05263158,0.8
6.548999786,-27.37983084,21.05263158,0.8
6.558000088,-27.19212419,21.05263158,0.8
6.566999912,-24.63816505,21.05263158,0.8
6.576000214,-21.94519082,21.05263158,0.8
6.585000038,-19.6943419,21.05263158,0.8
6.593999863,-17.85039725,21.05263158,0.8
6.603000164,-16.31657738,21.05263158,0.8
6.611999989,-15.01652382,21.05263158,0.8
6.620999813,-13.89628015,21.05263158,0.8
6.630000114,-12.91782907,21.05263158,0.8
6.638999939,-12.05385921,21.05263158,0.8
6.647999763,-11.28427148,21.05263158,0.8
6.657000065,-10.59392676,21.05263158,0.8
6.665999889,-9.971175655,21.05263158,0.8
6.675000191,-9.406872224,21.05263158,0.8
6.684000015,-8.893693856,21.05263158,0.8
6.69299984,-8.425678076,21.05263158,0.8
6.702000141,-7.997869188,21.05263158,0.8
6.710999966,-7.606082478,21.05263158,0.8
6.71999979,-7.246713301,21.05263158,0.8
6.729000092,-6.916605727,21.05263158,0.8
6.737999916,-6.612961583,21.05263158,0.8
6.747000217,-6.333262431,21.05263158,0.8
6.756000042,-6.075217813,21.05263158,0.8
6.764999866,-5.83674368,21.05263158,0.8
6.774000168,-5.615930049,21.05263158,0.8
6.782999992,-5.411035211,21.05263158,0.8
6.791999817,-5.220478771,21.05263158,0.8
6.801000118,-5.042839531,21.05263158,0.8
6.809999943,-4.876850335,21.05263158,0.8
6.818999767,-4.721401585,21.05263158,0.8
6.828000069,-4.575539989,21.05263158,0.8
6.836999893,-4.438452301,21.05263158,0.8
6.846000195,-4.309467778,21.05263158,0.8
6.855000019,-4.188032396,21.05263158,0.8
6.863999844,-4.073706307,21.05263158,0.8
6.873000145,-3.966131009,21.05263158,0.8
6.881999969,-3.865020035,21.05263158,0.8
6.890999794,-3.770131399,21.05263158,0.8
6.900000095,-3.681252641,21.05263158,0.8
6.90899992,-3.598177421,21.05263158,0.8
6.918000221,-3.520697371,21.05263158,0.8
6.927000046,-3.448586877,21.05263158,0.8
6.93599987,-3.381598149,21.05263158,0.8
6.945000172,-3.319457083,21.05263158,0.8
6.953999996,-3.261865826,21.05263158,0.8
6.962999821,-3.208506621,21.05263158,0.8
6.972000122,-3.159052842,21.05263158,0.8
6.980999947,-3.113172156,21.05263158,0.8
6.989999771,-3.070547377,21.05263158,0.8
6.999000072,-3.030880712,21.05263158,0.8
7.007999897,-2.993909228,21.05263158,0.8
7.017000198,-2.959412019,21.05263158,0.8
7.026000023,-2.92721665,21.05263158,0.8
7.034999847,-2.897204161,21.05263158,0.8
7.044000149,-2.869309695,21.05263158,0.8
7.052999973,-2.843520185,21.05263158,0.8
7.061999798,-2.819865682,21.05263158,0.8
7.071000099,-2.798412149,21.05263158,0.8
7.079999924,-2.779253521,21.05263158,0.8
7.089000225,-2.762495618,21.05263158,0.8
7.09800005,-2.748249736,21.05263158,0.8
7.106999874,-2.736615977,21.05263158,0.8
7.116000175,-2.727681921,21.05263158,0.8
7.125,-2.721509518,21.05263158,0.8
7.133999825,-2.718130905,21.05263158,0.8
7.143000126,-2.717551784,21.05263158,0.8
7.15199995,-2.719751918,21.05263158,0.8
7.160999775,-2.724684576,21.05263158,0.8
7.170000076,-2.732290095,21.05263158,0.8
7.178999901,-2.742501028,21.05263158,0.8
7.188000202,-2.755253113,21.05263158,0.8
7.197000027,-2.770495509,21.05263158,0.8
7.205999851,-2.788200702,21.05263158,0.8
7.215000153,-2.808375113,21.05263158,0.8
7.223999977,-2.831066576,21.05263158,0.8
7.232999802,-2.856370177,21.05263158,0.8
7.242000103,-2.88443071,21.05263158,0.8
7.250999928,-2.915444352,21.05263158,0.8
7.260000229,-2.949657679,21.05263158,0.8
7.269000053,-2.987361876,21.05263158,0.8
7.277999878,-3.028889713,21.05263158,0.8
7.287000179,-3.074603189,21.05263158,0.8
7.296000004,-3.124893726,21.05263158,0.8
7.304999828,-3.180173381,21.05263158,0.8
7.31400013,-3.240859679,21.05263158,0.8
7.322999954,-3.307387226,21.05263158,0.8
7.331999779,-3.380191114,21.05263158,0.8
7.34100008,-3.459715309,21.05263158,0.8
7.349999905,-3.546409197,21.05263158,0.8
7.359000206,-3.640738763,21.05263158,0.8
7.368000031,-3.743191274,21.05263158,0.8
7.376999855,-3.85428673,21.05263158,0.8
7.386000156,-3.974593885,21.05263158,0.8
7.394999981,-4.104739858,21.05263158,0.8
7.403999805,-4.24543644,21.05263158,0.8
7.413000107,-4.397495332,21.05263158,0.8
7.421999931,-4.561846357,21.05263158,0.8
7.431000233,-4.739563018,21.05263158,0.8
7.440000057,-4.931882635,21.05263158,0.8
7.448999882,-5.140232228,21.05263158,0.8
7.458000183,-5.366248042,21.05263158,0.8
7.467000008,-5.6118006,21.05263158,0.8
7.475999832,-5.879025043,21.05263158,0.8
7.485000134,-6.170342849,21.05263158,0.8
7.493999958,-6.48849822,21.05263158,0.8
7.502999783,-6.836590445,21.05263158,0.8
7.512000084,-7.218117842,21.05263158,0.8
7.520999908,-7.637022744,21.05263158,0.8
7.53000021,-8.097748132,21.05263158,0.8
7.539000034,-8.605301882,21.05263158,0.8
7.547999859,-9.165306625,21.05263158,0.8
7.55700016,-9.784037702,21.05263158,0.8
7.565999985,-10.46840296,21.05263158,0.8
7.574999809,-11.22576731,21.05263158,0.8
7.584000111,-12.06338972,21.05263158,0.8
7.592999935,-12.98709553,21.05263158,0.8
7.602000237,-13.99814224,21.05263158,0.8
7.611000061,-15.08644959,21.05263158,0.8
7.619999886,-16.21681892,21.05263158,0.8
7.629000187,-17.30519339,21.05263158,0.8
7.638000011,-18.19317781,21.05263158,0.8
7.646999836,-18.66571871,21.05263158,0.8
7.656000137,-18.57062757,21.05263158,0.8
7.664999962,-17.95296868,21.05263158,0.8
7.673999786,-17.01081855,21.05263158,0.8
7.683000088,-15.94203844,21.05263158,0.8
7.691999912,-14.87042323,21.05263158,0.8
7.701000214,-13.85487988,21.05263158,0.8
7.710000038,-12.9169298,21.05263158,0.8
7.718999863,-12.06014343,21.05263158,0.8
7.728000164,-11.28047861,21.05263158,0.8
7.736999989,-10.57117651,21.05263158,0.8
7.745999813,-9.924951468,21.05263158,0.8
7.755000114,-9.334904443,21.05263158,0.8
7.763999939,-8.794849233,21.05263158,0.8
7.772999763,-8.299377689,21.05263158,0.8
7.782000065,-7.843823068,21.05263158,0.8
7.790999889,-7.42417167,21.05263158,0.8
7.800000191,-7.036967537,21.05263158,0.8
7.809000015,-6.679229008,21.05263158,0.8
7.81799984,-6.348361148,21.05263158,0.8
7.827000141,-6.042087173,21.05263158,0.8
7.835999966,-5.758393107,21.05263158,0.8
7.84499979,-5.495475863,21.05263158,0.8
7.854000092,-5.251708239,21.05263158,0.8
7.862999916,-5.025606578,21.05263158,0.8
7.872000217,-4.81580743,21.05263158,0.8
7.881000042,-4.621052822,21.05263158,0.8
7.889999866,-4.44017188,21.05263158,0.8
7.899000168,-4.272084327,21.05263158,0.8
7.907999992,-4.115780519,21.05263158,0.8
7.916999817,-3.970325089,21.05263158,0.8
7.926000118,-3.834854062,21.05263158,0.8
7.934999943,-3.708572358,21.05263158,0.8
7.943999767,-3.590747769,21.05263158,0.8
7.953000069,-3.48071492,21.05263158,0.8
7.961999893,-3.377865638,21.05263158,0.8
7.971000195,-3.28165193,21.05263158,0.8
7.980000019,-3.191577701,21.05263158,0.8
7.988999844,-3.107193959,21.05263158,0.8
7.998000145,-3.028090958,21.05263158,0.8
8.006999969,-2.95390224,21.05263158,0.8
8.015999794,-2.88428413,21.05263158,0.8
8.024999619,-2.818926837,21.05263158,0.8
8.034000397,-2.75753826,21.05263158,0.8
8.043000221,-2.699844435,21.05263158,0.8
8.052000046,-2.645586862,21.05263158,0.8
8.06099987,-2.594518034,21.05263158,0.8
8.069999695,-2.546405983,21.05263158,0.8
8.079000473,-2.501032344,21.05263158,0.8
8.088000298,-2.458185782,21.05263158,0.8
8.097000122,-2.417679156,21.05263158,0.8
8.105999947,-2.379336166,21.05263158,0.8
8.114999771,-2.343000712,21.05263158,0.8
8.123999596,-2.308536675,21.05263158,0.8
8.133000374,-2.275830406,21.05263158,0.8
8.142000198,-2.244788187,21.05263158,0.8
8.151000023,-2.215336179,21.05263158,0.8
8.159999847,-2.187419655,21.05263158,0.8
8.168999672,-2.161001063,21.05263158,0.8
8.17800045,-2.136051653,21.05263158,0.8
8.187000275,-2.112553284,21.05263158,0.8
8.196000099,-2.090493387,21.05263158,0.8
8.204999924,-2.069853984,21.05263158,0.8
8.213999748,-2.05061614,21.05263158,0.8
8.222999573,-2.032752753,21.05263158,0.8
8.232000351,-2.016227296,21.05263158,0.8
8.241000175,-2.000987314,21.05263158,0.8
8.25,-1.986971535,21.05263158,0.8
8.258999825,-1.974106009,21.05263158,0.8
8.267999649,-1.962310209,21.05263158,0.8
8.277000427,-1.951494715,21.05263158,0.8
8.286000252,-1.941570394,21.05263158,0.8
8.295000076,-1.932451056,21.05263158,0.8
8.303999901,-1.924058727,21.05263158,0.8
8.312999725,-1.916329279,21.05263158,0.8
8.32199955,-1.90921385,21.05263158,0.8
8.331000328,-1.902683484,21.05263158,0.8
8.340000153,-1.896732775,21.05263158,0.8
8.348999977,-1.891377023,21.05263158,0.8
8.357999802,-1.886653397,21.05263158,0.8
8.366999626,-1.882617086,21.05263158,0.8
8.376000404,-1.879340102,21.05263158,0.8
8.385000229,-1.87690164,21.05263158,0.8
8.394000053,-1.875385508,21.05263158,0.8
8.402999878,-1.874875409,21.05263158,0.8
8.411999702,-1.875443285,21.05263158,0.8
8.420999527,-1.877151138,21.05263158,0.8
8.430000305,-1.880039867,21.05263158,0.8
8.43900013,-1.884130878,21.05263158,0.8
8.447999954,-1.889422774,21.05263158,0.8
8.456999779,-1.895893581,21.05263158,0.8
8.465999603,-1.90349847,21.05263158,0.8
8.475000381,-1.912180558,21.05263158,0.8
8.484000206,-1.921875899,21.05263158,0.8
8.493000031,-1.932519082,21.05263158,0.8
8.501999855,-1.94405187,21.05263158,0.8
8.51099968,-1.956438323,21.05263158,0.8
8.520000458,-1.969669469,21.05263158,0.8
8.529000282,-1.983773191,21.05263158,0.8
8.538000107,-1.998822697,21.05263158,0.8
8.546999931,-2.014943267,21.05263158,0.8
8.555999756,-2.032314107,21.05263158,0.8
8.56499958,-2.051160133,21.05263158,0.8
8.574000359,-2.071760506,21.05263158,0.8
8.583000183,-2.094433697,21.05263158,0.8
8.592000008,-2.119523071,21.05263158,0.8
8.600999832,-2.147390199,21.05263158,0.8
8.609999657,-2.178393892,21.05263158,0.8
8.619000435,-2.212862062,21.05263158,0.8
8.628000259,-2.251080084,21.05263158,0.8
8.637000084,-2.293264853,21.05263158,0.8
8.645999908,-2.339527476,21.05263158,0.8
8.654999733,-2.389870128,21.05263158,0.8
8.663999557,-2.444140462,21.05263158,0.8
8.673000336,-2.502025596,21.05263158,0.8
8.68200016,-2.563031538,21.05263158,0.8
8.690999985,-2.626467878,21.05263158,0.8
8.699999809,-2.691454597,21.05263158,0.8
8.708999634,-2.756929176,21.05263158,0.8
8.718000412,-2.82166283,21.05263158,0.8
8.727000237,-2.884305809,21.05263158,0.8
8.736000061,-2.943431469,21.05263158,0.8
8.744999886,-2.997604545,21.05263158,0.8
8.75399971,-3.045453902,21.05263158,0.8
8.762999535,-3.085748941,21.05263158,0.8
8.772000313,-3.117477192,21.05263158,0.8
8.781000137,-3.139910734,21.05263158,0.8
8.789999962,-3.152658946,21.05263158,0.8
8.798999786,-3.155689865,21.05263158,0.8
8.807999611,-3.149340414,21.05263158,0.8
8.817000389,-3.134288789,21.05263158,0.8
8.826000214,-3.111513391,21.05263158,0.8
8.835000038,-3.082233594,21.05263158,0.8
8.843999863,-3.047830514,21.05263158,0.8
8.852999687,-3.009786461,21.05263158,0.8
8.862000465,-2.969604454,21.05263158,0.8
8.87100029,-2.928744375,21.05263158,0.8
8.880000114,-2.888576322,21.05263158,0.8
8.888999939,-2.850327457,21.05263158,0.8
8.897999763,-2.815055079,21.05263158,0.8
8.906999588,-2.783624609,21.05263158,0.8
8.916000366,-2.75669347,21.05263158,0.8
8.925000191,-2.734710675,21.05263158,0.8
8.934000015,-2.717915334,21.05263158,0.8
8.94299984,-2.706349538,21.05263158,0.8
8.951999664,-2.699875832,21.05263158,0.8
8.961000443,-2.698192825,21.05263158,0.8
8.970000267,-2.700871844,21.05263158,0.8
8.979000092,-2.707382801,21.05263158,0.8
8.987999916,-2.71713596,21.05263158,0.8
8.996999741,-2.729514807,21.05263158,0.8
9.005999565,-2.743919933,21.05263158,0.8
9.015000343,-2.759804701,21.05263158,0.8
9.024000168,-2.776702855,21.05263158,0.8
9.032999992,-2.794259071,21.05263158,0.8
9.041999817,-2.812243702,21.05263158,0.8
9.050999641,-2.830559645,21.05263158,0.8
9.06000042,-2.849232249,21.05263158,0.8
9.069000244,-2.868408942,21.05263158,0.8
9.078000069,-2.888325358,21.05263158,0.8
9.086999893,-2.909287919,21.05263158,0.8
9.095999718,-2.931631205,21.05263158,0.8
9.104999542,-2.955693609,21.05263158,0.8
9.11400032,-2.981781755,21.05263158,0.8
9.123000145,-3.010142305,21.05263158,0.8
9.131999969,-3.040937773,21.05263158,0.8
9.140999794,-3.07423104,21.05263158,0.8
9.149999619,-3.109979819,21.05263158,0.8
9.159000397,-3.148032145,21.05263158,0.8
9.168000221,-3.188141873,21.05263158,0.8
9.177000046,-3.22997863,21.05263158,0.8
9.18599987,-3.273162347,21.05263158,0.8
9.194999695,-3.31728121,21.05263158,0.8
9.204000473,-3.361935325,21.05263158,0.8
9.213000298,-3.406757614,21.05263158,0.8
9.222000122,-3.451455988,21.05263158,0.8
9.230999947,-3.495828662,21.05263158,0.8
9.239999771,-3.539780701,21.05263158,0.8
9.248999596,-3.583335359,21.05263158,0.8
9.258000374,-3.626629312,21.05263158,0.8
9.267000198,-3.669905022,21.05263158,0.8
9.276000023,-3.713475173,21.05263158,0.8
9.284999847,-3.757716343,21.05263158,0.8
9.293999672,-3.803017618,21.05263158,0.8
9.30300045,-3.849756022,21.05263158,0.8
9.312000275,-3.898261757,21.05263158,0.8
9.321000099,-3.948788492,21.05263158,0.8
9.329999924,-4.001487162,21.05263158,0.8
9.338999748,-4.056397917,21.05263158,0.8
9.347999573,-4.113431836,21.05263158,0.8
9.357000351,-4.172388456,21.05263158,0.8
9.366000175,-4.23295353,21.05263158,0.8
9.375,-4.294732649,21.05263158,0.8
9.383999825,-4.357274892,21.05263158,0.8
9.392999649,-4.420110015,21.05263158,0.8
9.402000427,-4.482780833,21.05263158,0.8
9.411000252,-4.54488783,21.05263158,0.8
9.420000076,-4.606113892,21.05263158,0.8
9.428999901,-4.666257329,21.05263158,0.8
9.437999725,-4.725240182,21.05263158,0.8
9.44699955,-4.783124198,21.05263158,0.8
9.456000328,-4.840095032,21.05263158,0.8
9.465000153,-4.896457116,21.05263158,0.8
9.473999977,-4.952594804,21.05263158,0.8
9.482999802,-5.008953486,21.05263158,0.8
9.491999626,-5.065987555,21.05263158,0.8
9.501000404,-5.124133015,21.05263158,0.8
9.510000229,-5.183764389,21.05263158,0.8
9.519000053,-5.245164729,21.05263158,0.8
9.527999878,-5.308503926,21.05263158,0.8
9.536999702,-5.373824864,21.05263158,0.8
9.545999527,-5.441031891,21.05263158,0.8
9.555000305,-5.509903405,21.05263158,0.8
9.56400013,-5.580108629,21.05263158,0.8
9.572999954,-5.651232327,21.05263158,0.8
9.581999779,-5.722813126,21.05263158,0.8
9.590999603,-5.794378268,21.05263158,0.8
9.600000381,-5.865487507,21.05263158,0.8
9.609000206,-5.935777395,21.05263158,0.8
9.618000031,-6.004984257,21.05263158,0.8
9.626999855,-6.072990797,21.05263158,0.8
9.63599968,-6.139828969,21.05263158,0.8
9.645000458,-6.205694105,21.05263158,0.8
9.654000282,-6.270932277,21.05263158,0.8
9.663000107,-6.33602104,21.05263158,0.8
9.671999931,-6.401545467,21.05263158,0.8
9.680999756,-6.468141826,21.05263158,0.8
9.68999958,-6.536468647,21.05263158,0.8
9.699000359,-6.607145987,21.05263158,0.8
9.708000183,-6.680715975,21.05263158,0.8
9.717000008,-6.757586285,21.05263158,0.8
9.725999832,-6.838005545,21.05263158,0.8
9.734999657,-6.922009443,21.05263158,0.8
9.744000435,-7.009422077,21.05263158,0.8
9.753000259,-7.099816349,21.05263158,0.8
9.762000084,-7.192524607,21.05263158,0.8
9.770999908,-7.286636873,21.05263158,0.8
9.779999733,-7.381018574,21.05263158,0.8
9.788999557,-7.474330118,21.05263158,0.8
9.798000336,-7.565079217,21.05263158,0.8
9.80700016,-7.651644544,21.05263158,0.8
9.815999985,-7.732353524,21.05263158,0.8
9.824999809,-7.805542791,21.05263158,0.8
9.833999634,-7.869620177,21.05263158,0.8
9.843000412,-7.923145494,21.05263158,0.8
9.852000237,-7.964893916,21.05263158,0.8
9.861000061,-7.99391232,21.05263158,0.8
9.869999886,-8.009563177,21.05263158,0.8
9.87899971,-8.011552838,21.05263158,0.8
9.887999535,-7.999931324,21.05263158,0.8
9.897000313,-7.975086318,21.05263158,0.8
9.906000137,-7.937704266,21.05263158,0.8
9.914999962,-7.888733419,21.05263158,0.8
9.923999786,-7.829328291,21.05263158,0.8
9.932999611,-7.76080252,21.05263158,0.8
9.942000389,-7.684576529,21.05263158,0.8
9.951000214,-7.602130866,21.05263158,0.8
9.960000038,-7.514978004,21.05263158,0.8
9.968999863,-7.424624451,21.05263158,0.8
9.977999687,-7.332560361,21.05263158,0.8
9.987000465,-7.240235858,21.05263158,0.8
9.99600029,-7.149057614,21.05263158,0.8
10.00500011,-7.060376357,21.05263158,0.8
10.01399994,-6.975479274,21.05263158,0.8
10.02299976,-6.89558474,21.05263158,0.8
10.03199959,-6.821838688,21.05263158,0.8
10.04100037,-6.755301848,21.05263158,0.8
10.05000019,-6.696947972,21.05263158,0.8
10.05900002,-6.647658985,21.05263158,0.8
10.06799984,-6.608216883,21.05263158,0.8
10.07699966,-6.579311651,21.05263158,0.8
10.08600044,-6.561532328,21.05263158,0.8
10.09500027,-6.555385448,21.05263158,0.8
10.10400009,-6.561290425,21.05263158,0.8
10.11299992,-6.57960165,21.05263158,0.8
10.12199974,-6.61061851,21.05263158,0.8
10.13099957,-6.654605085,21.05263158,0.8
10.14000034,-6.711810276,21.05263158,0.8
10.14900017,-6.782489293,21.05263158,0.8
10.15799999,-6.866932144,21.05263158,0.8
10.16699982,-6.965484762,21.05263158,0.8
10.17599964,-7.078584956,21.05263158,0.8
10.18500042,-7.206779655,21.05263158,0.8
10.19400024,-7.350764286,21.05263158,0.8
10.20300007,-7.511404823,21.05263158,0.8
10.21199989,-7.689772191,21.05263158,0.8
10.22099972,-7.887168561,21.05263158,0.8
10.22999954,-8.105151985,21.05263158,0.8
10.23900032,-8.34557485,21.05263158,0.8
10.24800014,-8.610605677,21.05263158,0.8
10.25699997,-8.90276097,21.05263158,0.8
10.26599979,-9.224930659,21.05263158,0.8
10.27499962,-9.580410201,21.05263158,0.8
10.2840004,-9.972923933,21.05263158,0.8
10.29300022,-10.40663722,21.05263158,0.8
10.30200005,-10.88614352,21.05263158,0.8
10.31099987,-11.41640284,21.05263158,0.8
10.31999969,-12.00257464,21.05263158,0.8
10.32900047,-12.64964339,21.05263158,0.8
10.3380003,-13.36164722,21.05263158,0.8
10.34700012,-14.14014397,21.05263158,0.8
10.35599995,-14.98126501,21.05263158,0.8
10.36499977,-15.87031311,21.05263158,0.8
10.3739996,-16.7727017,21.05263158,0.8
10.38300037,-17.62162887,21.05263158,0.8
10.3920002,-18.30972267,21.05263158,0.8
10.40100002,-18.7049626,21.05263158,0.8
10.40999985,-18.70900282,21.05263158,0.8
10.41899967,-18.3234506,21.05263158,0.8
10.42800045,-17.64857019,21.05263158,0.8
10.43700027,-16.81607222,21.05263158,0.8
10.4460001,-15.93191691,21.05263158,0.8
10.45499992,-15.06148172,21.05263158,0.8
10.46399975,-14.23826383,21.05263158,0.8
10.47299957,-13.4761605,21.05263158,0.8
10.48200035,-12.7784367,21.05263158,0.8
10.49100018,-12.14305054,21.05263158,0.8
10.5,-11.56557461,21.05263158,0.8
1.5,-0.252439143,21.05263158,2
1.508999944,-0.254527417,21.05263158,2
1.518000007,-0.257484014,21.05263158,2
1.52699995,-0.261258291,21.05263158,2
1.536000013,-0.265740952,21.05263158,2
1.544999957,-0.27077781,21.05263158,2
1.55400002,-0.276176165,21.05263158,2
1.562999964,-0.281726249,21.05263158,2
1.572000027,-0.28720158,21.05263158,2
1.58099997,-0.292387847,21.05263158,2
1.590000033,-0.297089356,21.05263158,2
1.598999977,-0.301142038,21.05263158,2
1.60800004,-0.304430051,21.05263158,2
1.616999984,-0.306886569,21.05263158,2
1.626000047,-0.308505484,21.05263158,2
1.63499999,-0.309336976,21.05263158,2
1.644000053,-0.309482142,21.05263158,2
1.652999997,-0.309091512,21.05263158,2
1.661999941,-0.308348839,21.05263158,2
1.671000004,-0.307463118,21.05263158,2
1.679999948,-0.306648451,21.05263158,2
1.68900001,-0.30611788,21.05263158,2
1.697999954,-0.306057937,21.05263158,2
1.707000017,-0.306627243,21.05263158,2
1.715999961,-0.307940876,21.05263158,2
1.725000024,-0.310060662,21.05263158,2
1.733999968,-0.312998277,21.05263158,2
1.743000031,-0.316708575,21.05263158,2
1.751999974,-0.321094772,21.05263158,2
1.761000037,-0.32601375,21.05263158,2
1.769999981,-0.331291148,21.05263158,2
1.779000044,-0.336723358,21.05263158,2
1.787999988,-0.342101404,21.05263158,2
1.797000051,-0.347215645,21.05263158,2
1.805999994,-0.351878689,21.05263158,2
1.815000057,-0.355932231,21.05263158,2
1.824000001,-0.359259255,21.05263158,2
1.832999945,-0.361796197,21.05263158,2
1.842000008,-0.363529519,21.05263158,2
1.850999951,-0.364506729,21.05263158,2
1.860000014,-0.364821248,21.05263158,2
1.868999958,-0.364617435,21.05263158,2
1.878000021,-0.364074377,21.05263158,2
1.886999965,-0.363392997,21.05263158,2
1.896000028,-0.362784089,21.05263158,2
1.904999971,-0.362454052,21.05263158,2
1.914000034,-0.362591038,21.05263158,2
1.922999978,-0.363350017,21.05263158,2
1.932000041,-0.364845658,21.05263158,2
1.940999985,-0.367142811,21.05263158,2
1.950000048,-0.370252811,21.05263158,2
1.958999991,-0.374132781,21.05263158,2
1.968000054,-0.37868639,21.05263158,2
1.976999998,-0.383775328,21.05263158,2
1.985999942,-0.389219671,21.05263158,2
1.995000005,-0.394819818,21.05263158,2
2.003999949,-0.400361952,21.05263158,2
2.013000011,-0.405639279,21.05263158,2
2.022000074,-0.41045795,21.05263158,2
2.030999899,-0.414658382,21.05263158,2
2.039999962,-0.418123947,21.05263158,2
2.049000025,-0.420786662,21.05263158,2
2.058000088,-0.422637084,21.05263158,2
2.066999912,-0.423720662,21.05263158,2
2.075999975,-0.424137549,21.05263158,2
2.085000038,-0.42403641,21.05263158,2
2.094000101,-0.423601134,21.05263158,2
2.102999926,-0.423040234,21.05263158,2
2.111999989,-0.422573934,21.05263158,2
2.121000051,-0.422415476,21.05263158,2
2.130000114,-0.422759851,21.05263158,2
2.138999939,-0.423769389,21.05263158,2
2.148000002,-0.425561684,21.05263158,2
2.157000065,-0.428204228,21.05263158,2
2.165999889,-0.431707264,21.05263158,2
2.174999952,-0.436021666,21.05263158,2
2.184000015,-0.441044515,21.05263158,2
2.193000078,-0.446625974,21.05263158,2
2.201999903,-0.452574321,21.05263158,2
2.210999966,-0.458674259,21.05263158,2
2.220000029,-0.464697069,21.05263158,2
2.229000092,-0.470416997,21.05263158,2
2.237999916,-0.475630173,21.05263158,2
2.246999979,-0.480163761,21.05263158,2
2.256000042,-0.483894986,21.05263158,2
2.265000105,-0.48675388,21.05263158,2
2.273999929,-0.488732344,21.05263158,2
2.282999992,-0.489886379,21.05263158,2
2.292000055,-0.490330805,21.05263158,2
2.301000118,-0.490231072,21.05263158,2
2.309999943,-0.489796277,21.05263158,2
2.319000006,-0.489257044,21.05263158,2
2.328000069,-0.48886183,21.05263158,2
2.336999893,-0.488847637,21.05263158,2
2.345999956,-0.489432845,21.05263158,2
2.355000019,-0.490796632,21.05263158,2
2.364000082,-0.493068795,21.05263158,2
2.372999907,-0.496321698,21.05263158,2
2.381999969,-0.50056091,21.05263158,2
2.391000032,-0.505729874,21.05263158,2
2.400000095,-0.511704237,21.05263158,2
2.40899992,-0.518308093,21.05263158,2
2.417999983,-0.525318536,21.05263158,2
2.427000046,-0.532482033,21.05263158,2
2.436000109,-0.539534406,21.05263158,2
2.444999933,-0.546212917,21.05263158,2
2.453999996,-0.552279617,21.05263158,2
2.463000059,-0.557537283,21.05263158,2
2.471999884,-0.561843965,21.05263158,2
2.480999947,-0.565125018,21.05263158,2
2.49000001,-0.567379808,21.05263158,2
2.499000072,-0.568683128,21.05263158,2
2.507999897,-0.569177486,21.05263158,2
2.51699996,-0.569073628,21.05263158,2
2.526000023,-0.568630656,21.05263158,2
2.535000086,-0.568134874,21.05263158,2
2.54399991,-0.567889866,21.05263158,2
2.552999973,-0.568190875,21.05263158,2
2.562000036,-0.569304904,21.05263158,2
2.571000099,-0.571451821,21.05263158,2
2.579999924,-0.574792137,21.05263158,2
2.588999987,-0.579409857,21.05263158,2
2.59800005,-0.585311608,21.05263158,2
2.607000113,-0.592416854,21.05263158,2
2.615999937,-0.600567531,21.05263158,2
2.625,-0.609531511,21.05263158,2
2.634000063,-0.619024813,21.05263158,2
2.642999887,-0.628717036,21.05263158,2
2.65199995,-0.638267571,21.05263158,2
2.661000013,-0.647336575,21.05263158,2
2.670000076,-0.655620264,21.05263158,2
2.678999901,-0.662865074,21.05263158,2
2.687999964,-0.668895622,21.05263158,2
2.697000027,-0.673627256,21.05263158,2
2.70600009,-0.677079121,21.05263158,2
2.714999914,-0.679370383,21.05263158,2
2.723999977,-0.680722977,21.05263158,2
2.73300004,-0.681443521,21.05263158,2
2.742000103,-0.681910327,21.05263158,2
2.750999928,-0.682548855,21.05263158,2
2.75999999,-0.683803863,21.05263158,2
2.769000053,-0.686108587,21.05263158,2
2.778000116,-0.689863777,21.05263158,2
2.786999941,-0.695401162,21.05263158,2
2.796000004,-0.702968279,21.05263158,2
2.805000067,-0.712705785,21.05263158,2
2.813999891,-0.724636892,21.05263158,2
2.822999954,-0.738663841,21.05263158,2
2.832000017,-0.754567003,21.05263158,2
2.84100008,-0.772019206,21.05263158,2
2.849999905,-0.790605531,21.05263158,2
2.858999968,-0.809847223,21.05263158,2
2.868000031,-0.829243673,21.05263158,2
2.877000093,-0.84830152,21.05263158,2
2.885999918,-0.866588119,21.05263158,2
2.894999981,-0.883768405,21.05263158,2
2.904000044,-0.899643341,21.05263158,2
2.913000107,-0.914190119,21.05263158,2
2.921999931,-0.927578678,21.05263158,2
2.930999994,-0.940189795,21.05263158,2
2.940000057,-0.952611879,21.05263158,2
2.948999882,-0.965628589,21.05263158,2
2.957999945,-0.980195164,21.05263158,2
2.967000008,-0.99740206,21.05263158,2
2.976000071,-1.018429852,21.05263158,2
2.984999895,-1.044503029,21.05263158,2
2.993999958,-1.07683045,21.05263158,2
3.003000021,-1.116558542,21.05263158,2
3.012000084,-1.164710291,21.05263158,2
3.020999908,-1.222127732,21.05263158,2
3.029999971,-1.289425822,21.05263158,2
3.039000034,-1.366928816,21.05263158,2
3.048000097,-1.454625372,21.05263158,2
3.056999922,-1.552120561,21.05263158,2
3.065999985,-1.658591063,21.05263158,2
3.075000048,-1.772748804,21.05263158,2
3.084000111,-1.892821878,21.05263158,2
3.092999935,-2.016555851,21.05263158,2
3.101999998,-2.14124046,21.05263158,2
3.111000061,-2.263766324,21.05263158,2
3.119999886,-2.380739129,21.05263158,2
3.128999949,-2.488623593,21.05263158,2
3.138000011,-2.58393858,21.05263158,2
3.147000074,-2.663480086,21.05263158,2
3.155999899,-2.724552693,21.05263158,2
3.164999962,-2.76518289,21.05263158,2
3.174000025,-2.784282322,21.05263158,2
3.183000088,-2.781736539,21.05263158,2
3.191999912,-2.758397806,21.05263158,2
3.200999975,-2.71600333,21.05263158,2
3.210000038,-2.657005229,21.05263158,2
3.219000101,-2.584367929,21.05263158,2
3.227999926,-2.501343118,21.05263158,2
3.236999989,-2.411264543,21.05263158,2
3.246000051,-2.317365346,21.05263158,2
3.255000114,-2.222639186,21.05263158,2
3.263999939,-2.129741144,21.05263158,2
3.273000002,-2.04093865,21.05263158,2
3.282000065,-1.95807001,21.05263158,2
3.290999889,-1.88255391,21.05263158,2
3.299999952,-1.815392927,21.05263158,2
3.309000015,-1.757209296,21.05263158,2
3.318000078,-1.708273625,21.05263158,2
3.326999903,-1.668547323,21.05263158,2
3.335999966,-1.637722898,21.05263158,2
3.345000029,-1.61527804,21.05263158,2
3.354000092,-1.600519915,21.05263158,2
3.362999916,-1.592633136,21.05263158,2
3.371999979,-1.590740644,21.05263158,2
3.381000042,-1.593942346,21.05263158,2
3.390000105,-1.601380191,21.05263158,2
3.398999929,-1.612264495,21.05263158,2
3.407999992,-1.62592972,21.05263158,2
3.417000055,-1.641850997,21.05263158,2
3.426000118,-1.659666365,21.05263158,2
3.434999943,-1.67919124,21.05263158,2
3.444000006,-1.700409418,21.05263158,2
3.453000069,-1.723468163,21.05263158,2
3.461999893,-1.748649667,21.05263158,2
3.470999956,-1.776346767,21.05263158,2
3.480000019,-1.807037266,21.05263158,2
3.489000082,-1.841245379,21.05263158,2
3.497999907,-1.87951833,21.05263158,2
3.506999969,-1.922391896,21.05263158,2
3.516000032,-1.970387228,21.05263158,2
3.525000095,-2.02397293,21.05263158,2
3.53399992,-2.083589238,21.05263158,2
3.542999983,-2.149628412,21.05263158,2
3.552000046,-2.222460437,21.05263158,2
3.561000109,-2.302451729,21.05263158,2
3.569999933,-2.389981499,21.05263158,2
3.578999996,-2.485478904,21.05263158,2
3.588000059,-2.589460184,21.05263158,2
3.596999884,-2.702553961,21.05263158,2
3.605999947,-2.825540695,21.05263158,2
3.61500001,-2.959375704,21.05263158,2
3.624000072,-3.105222275,21.05263158,2
3.632999897,-3.26446824,21.05263158,2
3.64199996,-3.43874328,21.05263158,2
3.651000023,-3.629923688,21.05263158,2
3.660000086,-3.840138414,21.05263158,2
3.66899991,-4.071779087,21.05263158,2
3.677999973,-4.327492321,21.05263158,2
3.687000036,-4.610184795,21.05263158,2
3.696000099,-4.923039777,21.05263158,2
3.704999924,-5.269525866,21.05263158,2
3.713999987,-5.653417492,21.05263158,2
3.72300005,-6.078840026,21.05263158,2
3.732000113,-6.550297892,21.05263158,2
3.740999937,-7.07271979,21.05263158,2
3.75,-7.651481218,21.05263158,2
3.759000063,-8.292367406,21.05263158,2
3.767999887,-9.001410837,21.05263158,2
3.77699995,-9.78440916,21.05263158,2
3.786000013,-10.64583466,21.05263158,2
3.795000076,-11.58638902,21.05263158,2
3.803999901,-12.59794295,21.05263158,2
3.812999964,-13.65363355,21.05263158,2
3.822000027,-14.6909842,21.05263158,2
3.83100009,-15.59176456,21.05263158,2
3.839999914,-16.18332877,21.05263158,2
3.848999977,-16.30660335,21.05263158,2
3.85800004,-15.93186263,21.05263158,2
3.867000103,-15.18496132,21.05263158,2
3.875999928,-14.2454854,21.05263158,2
3.88499999,-13.25283282,21.05263158,2
3.894000053,-12.28648953,21.05263158,2
3.903000116,-11.38310174,21.05263158,2
3.911999941,-10.55557215,21.05263158,2
3.921000004,-9.80523997,21.05263158,2
3.930000067,-9.128317627,21.05263158,2
3.938999891,-8.519051612,21.05263158,2
3.947999954,-7.971191331,21.05263158,2
3.957000017,-7.478612621,21.05263158,2
3.96600008,-7.035574434,21.05263158,2
3.974999905,-6.636781749,21.05263158,2
3.983999968,-6.277381541,21.05263158,2
3.993000031,-5.952921304,21.05263158,2
4.001999855,-5.659316736,21.05263158,2
4.011000156,-5.392818423,21.05263158,2
4.019999981,-5.149995204,21.05263158,2
4.028999805,-4.92772014,21.05263158,2
4.038000107,-4.723174653,21.05263158,2
4.046999931,-4.533851631,21.05263158,2
4.056000233,-4.357564701,21.05263158,2
4.065000057,-4.192454374,21.05263158,2
4.073999882,-4.03698693,21.05263158,2
4.083000183,-3.889946862,21.05263158,2
4.092000008,-3.750424383,21.05263158,2
4.100999832,-3.617784382,21.05263158,2
4.110000134,-3.491638019,21.05263158,2
4.118999958,-3.371791841,21.05263158,2
4.127999783,-3.258207405,21.05263158,2
4.137000084,-3.150946341,21.05263158,2
4.145999908,-3.050124561,21.05263158,2
4.15500021,-2.955861464,21.05263158,2
4.164000034,-2.868239578,21.05263158,2
4.172999859,-2.787271136,21.05263158,2
4.18200016,-2.712870357,21.05263158,2
4.190999985,-2.644830883,21.05263158,2
4.199999809,-2.582828584,21.05263158,2
4.209000111,-2.526415929,21.05263158,2
4.217999935,-2.475027824,21.05263158,2
4.227000237,-2.428011974,21.05263158,2
4.236000061,-2.384646089,21.05263158,2
4.244999886,-2.344174454,21.05263158,2
4.254000187,-2.305836929,21.05263158,2
4.263000011,-2.268921739,21.05263158,2
4.271999836,-2.232781209,21.05263158,2
4.281000137,-2.19687827,21.05263158,2
4.289999962,-2.160808618,21.05263158,2
4.298999786,-2.124315721,21.05263158,2
4.308000088,-2.087302752,21.05263158,2
4.316999912,-2.049827715,21.05263158,2
4.326000214,-2.012090534,21.05263158,2
4.335000038,-1.974407652,21.05263158,2
4.343999863,-1.937189733,21.05263158,2
4.353000164,-1.900895942,21.05263158,2
4.361999989,-1.866009859,21.05263158,2
4.370999813,-1.832990837,21.05263158,2
4.380000114,-1.80224339,21.05263158,2
4.388999939,-1.774089936,21.05263158,2
4.397999763,-1.748744419,21.05263158,2
4.407000065,-1.726294682,21.05263158,2
4.415999889,-1.706699326,21.05263158,2
4.425000191,-1.689785985,21.05263158,2
4.434000015,-1.675254543,21.05263158,2
4.44299984,-1.662705271,21.05263158,2
4.452000141,-1.65165606,21.05263158,2
4.460999966,-1.64156917,21.05263158,2
4.46999979,-1.631890664,21.05263158,2
4.479000092,-1.622084617,21.05263158,2
4.487999916,-1.611664865,21.05263158,2
4.497000217,-1.600233929,21.05263158,2
4.506000042,-1.587501746,21.05263158,2
4.514999866,-1.573311016,21.05263158,2
4.524000168,-1.557639711,21.05263158,2
4.532999992,-1.540612716,21.05263158,2
4.541999817,-1.52248141,21.05263158,2
4.551000118,-1.503609189,21.05263158,2
4.559999943,-1.484445665,21.05263158,2
4.568999767,-1.465491608,21.05263158,2
4.578000069,-1.447263186,21.05263158,2
4.586999893,-1.430257456,21.05263158,2
4.596000195,-1.414921465,21.05263158,2
4.605000019,-1.401611004,21.05263158,2
4.613999844,-1.390580582,21.05263158,2
4.623000145,-1.381955802,21.05263158,2
4.631999969,-1.375727958,21.05263158,2
4.640999794,-1.37175233,21.05263158,2
4.650000095,-1.369756735,21.05263158,2
4.65899992,-1.369356749,21.05263158,2
4.668000221,-1.370080903,21.05263158,2
4.677000046,-1.371398379,21.05263158,2
4.68599987,-1.37275571,21.05263158,2
4.695000172,-1.373611397,21.05263158,2
4.703999996,-1.373477068,21.05263158,2
4.712999821,-1.371948563,21.05263158,2
4.722000122,-1.368742928,21.05263158,2
4.730999947,-1.36371301,21.05263158,2
4.739999771,-1.356867729,21.05263158,2
4.749000072,-1.348367407,21.05263158,2
4.757999897,-1.338522964,21.05263158,2
4.767000198,-1.32777034,21.05263158,2
4.776000023,-1.316641333,21.05263158,2
4.784999847,-1.305736357,21.05263158,2
4.794000149,-1.295674906,21.05263158,2
4.802999973,-1.287058088,21.05263158,2
4.811999798,-1.280430226,21.05263158,2
4.821000099,-1.276244225,21.05263158,2
4.829999924,-1.274823123,21.05263158,2
4.839000225,-1.276348573,21.05263158,2
4.84800005,-1.280836673,21.05263158,2
4.856999874,-1.288145323,21.05263158,2
4.866000175,-1.297967846,21.05263158,2
4.875,-1.309855842,21.05263158,2
4.883999825,-1.32324508,21.05263158,2
4.893000126,-1.337486893,21.05263158,2
4.90199995,-1.351895674,21.05263158,2
4.910999775,-1.365794673,21.05263158,2
4.920000076,-1.378570597,21.05263158,2
4.928999901,-1.389724058,21.05263158,2
4.938000202,-1.398920989,21.05263158,2
4.947000027,-1.406026345,21.05263158,2
4.955999851,-1.411145283,21.05263158,2
4.965000153,-1.414624109,21.05263158,2
4.973999977,-1.417059845,21.05263158,2
4.982999802,-1.419277379,21.05263158,2
4.992000103,-1.422298555,21.05263158,2
5.000999928,-1.427299375,21.05263158,2
5.010000229,-1.435555725,21.05263158,2
5.019000053,-1.44838372,21.05263158,2
5.027999878,-1.46708551,21.05263158,2
5.037000179,-1.492884757,21.05263158,2
5.046000004,-1.52687723,21.05263158,2
5.054999828,-1.569976025,21.05263158,2
5.06400013,-1.62286935,21.05263158,2
5.072999954,-1.685976112,21.05263158,2
5.081999779,-1.759410475,21.05263158,2
5.09100008,-1.842942137,21.05263158,2
5.099999905,-1.935976692,21.05263158,2
5.109000206,-2.037510857,21.05263158,2
5.118000031,-2.146127134,21.05263158,2
5.126999855,-2.259975068,21.05263158,2
5.136000156,-2.376776506,21.05263158,2
5.144999981,-2.493853153,21.05263158,2
5.153999805,-2.608189773,21.05263158,2
5.163000107,-2.716524642,21.05263158,2
5.171999931,-2.815488726,21.05263158,2
5.181000233,-2.90179364,21.05263158,2
5.190000057,-2.972432097,21.05263158,2
5.198999882,-3.024900944,21.05263158,2
5.208000183,-3.057415881,21.05263158,2
5.217000008,-3.06906812,21.05263158,2
5.225999832,-3.059908837,21.05263158,2
5.235000134,-3.030954876,21.05263158,2
5.243999958,-2.98409262,21.05263158,2
5.252999783,-2.921913635,21.05263158,2
5.262000084,-2.847503507,21.05263158,2
5.270999908,-2.7642077,21.05263158,2
5.28000021,-2.675415246,21.05263158,2
5.289000034,-2.584373,21.05263158,2
5.297999859,-2.49404161,21.05263158,2
5.30700016,-2.406998554,21.05263158,2
5.315999985,-2.325384756,21.05263158,2
5.324999809,-2.250882489,21.05263158,2
5.334000111,-2.184720532,21.05263158,2
5.342999935,-2.127701116,21.05263158,2
5.352000237,-2.080232911,21.05263158,2
5.361000061,-2.042375956,21.05263158,2
5.369999886,-2.013887428,21.05263158,2
5.379000187,-1.994267239,21.05263158,2
5.388000011,-1.982811428,21.05263158,2
5.396999836,-1.978661384,21.05263158,2
5.406000137,-1.980846124,21.05263158,2
5.414999962,-1.988339006,21.05263158,2
5.423999786,-2.000101245,21.05263158,2
5.433000088,-2.015126402,21.05263158,2
5.441999912,-2.032488822,21.05263158,2
5.451000214,-2.05137511,21.05263158,2
5.460000038,-2.071116149,21.05263158,2
5.468999863,-2.091208522,21.05263158,2
5.478000164,-2.11133093,21.05263158,2
5.486999989,-2.131340577,21.05263158,2
5.495999813,-2.151268813,21.05263158,2
5.505000114,-2.171295503,21.05263158,2
5.513999939,-2.191735247,21.05263158,2
5.522999763,-2.212996566,21.05263158,2
5.532000065,-2.235550787,21.05263158,2
5.540999889,-2.259901373,21.05263158,2
5.550000191,-2.28654146,21.05263158,2
5.559000015,-2.315937965,21.05263158,2
5.56799984,-2.348498746,21.05263158,2
5.577000141,-2.384554687,21.05263158,2
5.585999966,-2.424351776,21.05263158,2
5.59499979,-2.46804445,21.05263158,2
5.604000092,-2.515695505,21.05263158,2
5.612999916,-2.567283774,21.05263158,2
5.622000217,-2.622711481,21.05263158,2
5.631000042,-2.681827341,21.05263158,2
5.639999866,-2.744439173,21.05263158,2
5.649000168,-2.810337522,21.05263158,2
5.657999992,-2.879318711,21.05263158,2
5.666999817,-2.951204393,21.05263158,2
5.676000118,-3.025865421,21.05263158,2
5.684999943,-3.10323735,21.05263158,2
5.693999767,-3.183337006,21.05263158,2
5.703000069,-3.266270185,21.05263158,2
5.711999893,-3.352241611,21.05263158,2
5.721000195,-3.441546547,21.05263158,2
5.730000019,-3.534575682,21.05263158,2
5.738999844,-3.631797786,21.05263158,2
5.748000145,-3.733753053,21.05263158,2
5.756999969,-3.841035208,21.05263158,2
5.765999794,-3.954275481,21.05263158,2
5.775000095,-4.074128091,21.05263158,2
5.78399992,-4.20125199,21.05263158,2
5.793000221,-4.336298442,21.05263158,2
5.802000046,-4.479903634,21.05263158,2
5.81099987,-4.632671946,21.05263158,2
5.820000172,-4.795177599,21.05263158,2
5.828999996,-4.967958756,21.05263158,2
5.837999821,-5.151526771,21.05263158,2
5.847000122,-5.346362399,21.05263158,2
5.855999947,-5.552929008,21.05263158,2
5.864999771,-5.771683663,21.05263158,2
5.874000072,-6.003094464,21.05263158,2
5.882999897,-6.247646227,21.05263158,2
5.892000198,-6.505867551,21.05263158,2
5.901000023,-6.778339861,21.05263158,2
5.909999847,-7.065716061,21.05263158,2
5.919000149,-7.368728913,21.05263158,2
5.927999973,-7.688201171,21.05263158,2
5.936999798,-8.025041199,21.05263158,2
5.946000099,-8.380232774,21.05263158,2
5.954999924,-8.754811529,21.05263158,2
5.964000225,-9.149815944,21.05263158,2
5.97300005,-9.56621731,21.05263158,2
5.981999874,-10.00479471,21.05263158,2
5.991000175,-10.46597806,21.05263158,2
6,-10.94957977,21.05263158,2
6.008999825,-11.45444882,21.05263158,2
6.018000126,-11.97795338,21.05263158,2
6.02699995,-12.51529185,21.05263158,2
6.035999775,-13.05860297,21.05263158,2
6.045000076,-13.59593207,21.05263158,2
6.053999901,-14.11025357,21.05263158,2
6.063000202,-14.57901622,21.05263158,2
6.072000027,-14.97497528,21.05263158,2
6.080999851,-15.26916761,21.05263158,2
6.090000153,-15.43626159,21.05263158,2
6.098999977,-15.46096903,21.05263158,2
6.107999802,-15.34266572,21.05263158,2
6.117000103,-15.09559308,21.05263158,2
6.125999928,-14.74451382,21.05263158,2
6.135000229,-14.31831979,21.05263158,2
6.144000053,-13.84453064,21.05263158,2
6.152999878,-13.34612535,21.05263158,2
6.162000179,-12.8405597,21.05263158,2
6.171000004,-12.34015645,21.05263158,2
6.179999828,-11.85305841,21.05263158,2
6.18900013,-11.38426591,21.05263158,2
6.197999954,-10.93653767,21.05263158,2
6.206999779,-10.51110105,21.05263158,2
6.21600008,-10.10816671,21.05263158,2
6.224999905,-9.727298653,21.05263158,2
6.234000206,-9.367674789,21.05263158,2
6.243000031,-9.028261319,21.05263158,2
6.251999855,-8.70793427,21.05263158,2
6.261000156,-8.405552815,21.05263158,2
6.269999981,-8.120016804,21.05263158,2
6.278999805,-7.850289637,21.05263158,2
6.288000107,-7.59541956,21.05263158,2
6.296999931,-7.354544228,21.05263158,2
6.306000233,-7.126885729,21.05263158,2
6.315000057,-6.911750854,21.05263158,2
6.323999882,-6.70851479,21.05263158,2
6.333000183,-6.516613764,21.05263158,2
6.342000008,-6.335531956,21.05263158,2
6.350999832,-6.164790747,21.05263158,2
6.360000134,-6.003933579,21.05263158,2
6.368999958,-5.85252119,21.05263158,2
6.377999783,-5.710119787,21.05263158,2
6.387000084,-5.576295746,21.05263158,2
6.395999908,-5.450612748,21.05263158,2
6.40500021,-5.332629491,21.05263158,2
6.414000034,-5.221900096,21.05263158,2
6.422999859,-5.117975585,21.05263158,2
6.43200016,-5.020406979,21.05263158,2
6.440999985,-4.928753136,21.05263158,2
6.449999809,-4.842585245,21.05263158,2
6.459000111,-4.761491535,21.05263158,2
6.467999935,-4.685088659,21.05263158,2
6.477000237,-4.613022921,21.05263158,2
6.486000061,-4.544976863,21.05263158,2
6.494999886,-4.480675715,21.05263158,2
6.504000187,-4.419885167,21.05263158,2
6.513000011,-4.362417358,21.05263158,2
6.521999836,-4.308124436,21.05263158,2
6.531000137,-4.256901339,21.05263158,2
6.539999962,-4.208673997,21.05263158,2
6.548999786,-4.163398489,21.05263158,2
6.558000088,-4.121054954,21.05263158,2
6.566999912,-4.081635196,21.05263158,2
6.576000214,-4.045140074,21.05263158,2
6.585000038,-4.011567929,21.05263158,2
6.593999863,-3.980911044,21.05263158,2
6.603000164,-3.953149621,21.05263158,2
6.611999989,-3.928247644,21.05263158,2
6.620999813,-3.906150919,21.05263158,2
6.630000114,-3.886782135,21.05263158,2
6.638999939,-3.870047695,21.05263158,2
6.647999763,-3.855838881,21.05263158,2
6.657000065,-3.844031975,21.05263158,2
6.665999889,-3.834499103,21.05263158,2
6.675000191,-3.827106966,21.05263158,2
6.684000015,-3.821728971,21.05263158,2
6.69299984,-3.818249577,21.05263158,2
6.702000141,-3.816570075,21.05263158,2
6.710999966,-3.816611729,21.05263158,2
6.71999979,-3.818326979,21.05263158,2
6.729000092,-3.821687244,21.05263158,2
6.737999916,-3.826701753,21.05263158,2
6.747000217,-3.833404725,21.05263158,2
6.756000042,-3.841856435,21.05263158,2
6.764999866,-3.852140991,21.05263158,2
6.774000168,-3.864357303,21.05263158,2
6.782999992,-3.878623223,21.05263158,2
6.791999817,-3.895058195,21.05263158,2
6.801000118,-3.913783813,21.05263158,2
6.809999943,-3.934917175,21.05263158,2
6.818999767,-3.958565261,21.05263158,2
6.828000069,-3.98482737,21.05263158,2
6.836999893,-4.013778086,21.05263158,2
6.846000195,-4.045484503,21.05263158,2
6.855000019,-4.07999591,21.05263158,2
6.863999844,-4.117346141,21.05263158,2
6.873000145,-4.15756169,21.05263158,2
6.881999969,-4.200665056,21.05263158,2
6.890999794,-4.246678296,21.05263158,2
6.900000095,-4.295629357,21.05263158,2
6.90899992,-4.347562615,21.05263158,2
6.918000221,-4.402538481,21.05263158,2
6.927000046,-4.460647382,21.05263158,2
6.93599987,-4.522005385,21.05263158,2
6.945000172,-4.586762791,21.05263158,2
6.953999996,-4.655105113,21.05263158,2
6.962999821,-4.727257198,21.05263158,2
6.972000122,-4.803475094,21.05263158,2
6.980999947,-4.88405058,21.05263158,2
6.989999771,-4.969306503,21.05263158,2
6.999000072,-5.059591166,21.05263158,2
7.007999897,-5.155273822,21.05263158,2
7.017000198,-5.256744344,21.05263158,2
7.026000023,-5.364405618,21.05263158,2
7.034999847,-5.478668354,21.05263158,2
7.044000149,-5.599957078,21.05263158,2
7.052999973,-5.728693407,21.05263158,2
7.061999798,-5.865311686,21.05263158,2
7.071000099,-6.010254989,21.05263158,2
7.079999924,-6.163968781,21.05263158,2
7.089000225,-6.326917519,21.05263158,2
7.09800005,-6.499581572,21.05263158,2
7.106999874,-6.682458452,21.05263158,2
7.116000175,-6.876077611,21.05263158,2
7.125,-7.080988677,21.05263158,2
7.133999825,-7.297777047,21.05263158,2
7.143000126,-7.527052126,21.05263158,2
7.15199995,-7.769448482,21.05263158,2
7.160999775,-8.02561162,21.05263158,2
7.170000076,-8.296178682,21.05263158,2
7.178999901,-8.581756623,21.05263158,2
7.188000202,-8.882877744,21.05263158,2
7.197000027,-9.199954954,21.05263158,2
7.205999851,-9.533199356,21.05263158,2
7.215000153,-9.882528162,21.05263158,2
7.223999977,-10.24743524,21.05263158,2
7.232999802,-10.62682485,21.05263158,2
7.242000103,-11.01879312,21.05263158,2
7.250999928,-11.42038112,21.05263158,2
7.260000229,-11.82725243,21.05263158,2
7.269000053,-12.23337623,21.05263158,2
7.277999878,-12.63071534,21.05263158,2
7.287000179,-13.00904865,21.05263158,2
7.296000004,-13.35605534,21.05263158,2
7.304999828,-13.65782199,21.05263158,2
7.31400013,-13.89995915,21.05263158,2
7.322999954,-14.06930891,21.05263158,2
7.331999779,-14.15595692,21.05263158,2
7.34100008,-14.1550453,21.05263158,2
7.349999905,-14.06773462,21.05263158,2
7.359000206,-13.90090957,21.05263158,2
7.368000031,-13.66581088,21.05263158,2
7.376999855,-13.37604502,21.05263158,2
7.386000156,-13.04565914,21.05263158,2
7.394999981,-12.68768487,21.05263158,2
7.403999805,-12.31330868,21.05263158,2
7.413000107,-11.93156575,21.05263158,2
7.421999931,-11.54940256,21.05263158,2
7.431000233,-11.17192323,21.05263158,2
7.440000057,-10.80272039,21.05263158,2
7.448999882,-10.44419438,21.05263158,2
7.458000183,-10.09784319,21.05263158,2
7.467000008,-9.764499967,21.05263158,2
7.475999832,-9.444522272,21.05263158,2
7.485000134,-9.137943968,21.05263158,2
7.493999958,-8.844579199,21.05263158,2
7.502999783,-8.564114228,21.05263158,2
7.512000084,-8.296161468,21.05263158,2
7.520999908,-8.040307146,21.05263158,2
7.53000021,-7.796133772,21.05263158,2
7.539000034,-7.563248048,21.05263158,2
7.547999859,-7.341283845,21.05263158,2
7.55700016,-7.129910771,21.05263158,2
7.565999985,-6.9288274,21.05263158,2
7.574999809,-6.737767614,21.05263158,2
7.584000111,-6.55648282,21.05263158,2
7.592999935,-6.384741965,21.05263158,2
7.602000237,-6.222320551,21.05263158,2
7.611000061,-6.068992427,21.05263158,2
7.619999886,-5.924516774,21.05263158,2
7.629000187,-5.788639909,21.05263158,2
7.638000011,-5.661083911,21.05263158,2
7.646999836,-5.541538342,21.05263158,2
7.656000137,-5.429666192,21.05263158,2
7.664999962,-5.325095996,21.05263158,2
7.673999786,-5.22742537,21.05263158,2
7.683000088,-5.136227074,21.05263158,2
7.691999912,-5.051048315,21.05263158,2
7.701000214,-4.971421804,21.05263158,2
7.710000038,-4.896873307,21.05263158,2
7.718999863,-4.826931848,21.05263158,2
7.728000164,-4.7611342,21.05263158,2
7.736999989,-4.69904355,21.05263158,2
7.745999813,-4.640252407,21.05263158,2
7.755000114,-4.584393774,21.05263158,2
7.763999939,-4.531149943,21.05263158,2
7.772999763,-4.480252281,21.05263158,2
7.782000065,-4.431488196,21.05263158,2
7.790999889,-4.38469937,21.05263158,2
7.800000191,-4.339778644,21.05263158,2
7.809000015,-4.296668051,21.05263158,2
7.81799984,-4.25534152,21.05263158,2
7.827000141,-4.215811368,21.05263158,2
7.835999966,-4.178107523,21.05263158,2
7.84499979,-4.142265582,21.05263158,2
7.854000092,-4.108323958,21.05263158,2
7.862999916,-4.076310798,21.05263158,2
7.872000217,-4.046230731,21.05263158,2
7.881000042,-4.018070096,21.05263158,2
7.889999866,-3.99177501,21.05263158,2
7.899000168,-3.967271317,21.05263158,2
7.907999992,-3.944440858,21.05263158,2
7.916999817,-3.923145786,21.05263158,2
7.926000118,-3.90321975,21.05263158,2
7.934999943,-3.884478218,21.05263158,2
7.943999767,-3.86673357,21.05263158,2
7.953000069,-3.849788568,21.05263158,2
7.961999893,-3.833465612,21.05263158,2
7.971000195,-3.817595315,21.05263158,2
7.980000019,-3.802042916,21.05263158,2
7.988999844,-3.78670588,21.05263158,2
7.998000145,-3.771508611,21.05263158,2
8.006999969,-3.756427877,21.05263158,2
8.015999794,-3.741467173,21.05263158,2
8.024999619,-3.726674868,21.05263158,2
8.034000397,-3.712127101,21.05263158,2
8.043000221,-3.697915365,21.05263158,2
8.052000046,-3.684158111,21.05263158,2
8.06099987,-3.670969417,21.05263158,2
8.069999695,-3.658462604,21.05263158,2
8.079000473,-3.646734784,21.05263158,2
8.088000298,-3.635869012,21.05263158,2
8.097000122,-3.62590963,21.05263158,2
8.105999947,-3.616880479,21.05263158,2
8.114999771,-3.608759602,21.05263158,2
8.123999596,-3.601495729,21.05263158,2
8.133000374,-3.595008187,21.05263158,2
8.142000198,-3.589186377,21.05263158,2
8.151000023,-3.583898041,21.05263158,2
8.159999847,-3.579002391,21.05263158,2
8.168999672,-3.574350953,21.05263158,2
8.17800045,-3.569806169,21.05263158,2
8.187000275,-3.565243983,21.05263158,2
8.196000099,-3.560563906,21.05263158,2
8.204999924,-3.555698715,21.05263158,2
8.213999748,-3.550608966,21.05263158,2
8.222999573,-3.545304389,21.05263158,2
8.232000351,-3.539820503,21.05263158,2
8.241000175,-3.5342374,21.05263158,2
8.25,-3.52866023,21.05263158,2
8.258999825,-3.523213722,21.05263158,2
8.267999649,-3.518043247,21.05263158,2
8.277000427,-3.513295444,21.05263158,2
8.286000252,-3.509111136,21.05263158,2
8.295000076,-3.505618076,21.05263158,2
8.303999901,-3.502920755,21.05263158,2
8.312999725,-3.50109019,21.05263158,2
8.32199955,-3.500168796,21.05263158,2
8.331000328,-3.50015647,21.05263158,2
8.340000153,-3.501013459,21.05263158,2
8.348999977,-3.502668713,21.05263158,2
8.357999802,-3.505012639,21.05263158,2
8.366999626,-3.507916078,21.05263158,2
8.376000404,-3.511231359,21.05263158,2
8.385000229,-3.51479538,21.05263158,2
8.394000053,-3.518454152,21.05263158,2
8.402999878,-3.522063019,21.05263158,2
8.411999702,-3.525495164,21.05263158,2
8.420999527,-3.528647513,21.05263158,2
8.430000305,-3.531460429,21.05263158,2
8.43900013,-3.533901972,21.05263158,2
8.447999954,-3.535986714,21.05263158,2
8.456999779,-3.53775593,21.05263158,2
8.465999603,-3.539293899,21.05263158,2
8.475000381,-3.540708187,21.05263158,2
8.484000206,-3.542128115,21.05263158,2
8.493000031,-3.543693059,21.05263158,2
8.501999855,-3.545546413,21.05263158,2
8.51099968,-3.547826551,21.05263158,2
8.520000458,-3.550655269,21.05263158,2
8.529000282,-3.554136388,21.05263158,2
8.538000107,-3.558341638,21.05263158,2
8.546999931,-3.56331991,21.05263158,2
8.555999756,-3.569083863,21.05263158,2
8.56499958,-3.575620909,21.05263158,2
8.574000359,-3.582889231,21.05263158,2
8.583000183,-3.590825142,21.05263158,2
8.592000008,-3.599354165,21.05263158,2
8.600999832,-3.608391337,21.05263158,2
8.609999657,-3.617852008,21.05263158,2
8.619000435,-3.627666455,21.05263158,2
8.628000259,-3.637776662,21.05263158,2
8.637000084,-3.648146154,21.05263158,2
8.645999908,-3.658772391,21.05263158,2
8.654999733,-3.669677204,21.05263158,2
8.663999557,-3.68091554,21.05263158,2
8.673000336,-3.692572827,21.05263158,2
8.68200016,-3.704756866,21.05263158,2
8.690999985,-3.717596177,21.05263158,2
8.699999809,-3.7312347,21.05263158,2
8.708999634,-3.745816934,21.05263158,2
8.718000412,-3.761491985,21.05263158,2
8.727000237,-3.778392415,21.05263158,2
8.736000061,-3.796632883,21.05263158,2
8.744999886,-3.816309094,21.05263158,2
8.75399971,-3.8374826,21.05263158,2
8.762999535,-3.860188932,21.05263158,2
8.772000313,-3.884432754,21.05263158,2
8.781000137,-3.910186414,21.05263158,2
8.789999962,-3.937402376,21.05263158,2
8.798999786,-3.96600987,21.05263158,2
8.807999611,-3.995925107,21.05263158,2
8.817000389,-4.027064877,21.05263158,2
8.826000214,-4.059344348,21.05263158,2
8.835000038,-4.092696609,21.05263158,2
8.843999863,-4.127075241,21.05263158,2
8.852999687,-4.162459156,21.05263158,2
8.862000465,-4.198862239,21.05263158,2
8.87100029,-4.236332564,21.05263158,2
8.880000114,-4.274958033,21.05263158,2
8.888999939,-4.314860045,21.05263158,2
8.897999763,-4.356193506,21.05263158,2
8.906999588,-4.399139304,21.05263158,2
8.916000366,-4.443896818,21.05263158,2
8.925000191,-4.490676539,21.05263158,2
8.934000015,-4.539691131,21.05263158,2
8.94299984,-4.591144983,21.05263158,2
8.951999664,-4.645227015,21.05263158,2
8.961000443,-4.70210146,21.05263158,2
8.970000267,-4.761904035,21.05263158,2
8.979000092,-4.824736692,21.05263158,2
8.987999916,-4.890666662,21.05263158,2
8.996999741,-4.959721715,21.05263158,2
9.005999565,-5.031901697,21.05263158,2
9.015000343,-5.107175823,21.05263158,2
9.024000168,-5.185489925,21.05263158,2
9.032999992,-5.266780927,21.05263158,2
9.041999817,-5.35097683,21.05263158,2
9.050999641,-5.438008362,21.05263158,2
9.06000042,-5.527825754,21.05263158,2
9.069000244,-5.620395526,21.05263158,2
9.078000069,-5.715715902,21.05263158,2
9.086999893,-5.813813887,21.05263158,2
9.095999718,-5.914756466,21.05263158,2
9.104999542,-6.018638395,21.05263158,2
9.11400032,-6.125583783,21.05263158,2
9.123000145,-6.235738365,21.05263158,2
9.131999969,-6.349253766,21.05263158,2
9.140999794,-6.466275509,21.05263158,2
9.149999619,-6.5869296,21.05263158,2
9.159000397,-6.711296896,21.05263158,2
9.168000221,-6.839399197,21.05263158,2
9.177000046,-6.971175628,21.05263158,2
9.18599987,-7.106466746,21.05263158,2
9.194999695,-7.244990291,21.05263158,2
9.204000473,-7.386331895,21.05263158,2
9.213000298,-7.529927314,21.05263158,2
9.222000122,-7.675054027,21.05263158,2
9.230999947,-7.820834289,21.05263158,2
9.239999771,-7.966226265,21.05263158,2
9.248999596,-8.110050914,21.05263158,2
9.258000374,-8.250994612,21.05263158,2
9.267000198,-8.387645327,21.05263158,2
9.276000023,-8.51852451,21.05263158,2
9.284999847,-8.642128213,21.05263158,2
9.293999672,-8.756973253,21.05263158,2
9.30300045,-8.861643938,21.05263158,2
9.312000275,-8.954840944,21.05263158,2
9.321000099,-9.035424424,21.05263158,2
9.329999924,-9.102444153,21.05263158,2
9.338999748,-9.155171941,21.05263158,2
9.347999573,-9.193105596,21.05263158,2
9.357000351,-9.215976623,21.05263158,2
9.366000175,-9.223738258,21.05263158,2
9.375,-9.216547197,21.05263158,2
9.383999825,-9.194745824,21.05263158,2
9.392999649,-9.158833865,21.05263158,2
9.402000427,-9.109446566,21.05263158,2
9.411000252,-9.047339404,21.05263158,2
9.420000076,-8.973364709,21.05263158,2
9.428999901,-8.888461327,21.05263158,2
9.437999725,-8.793649282,21.05263158,2
9.44699955,-8.690015583,21.05263158,2
9.456000328,-8.578709755,21.05263158,2
9.465000153,-8.460931098,21.05263158,2
9.473999977,-8.337917726,21.05263158,2
9.482999802,-8.210932994,21.05263158,2
9.491999626,-8.081246764,21.05263158,2
9.501000404,-7.950115531,21.05263158,2
9.510000229,-7.818765709,21.05263158,2
9.519000053,-7.68836739,21.05263158,2
9.527999878,-7.560020104,21.05263158,2
9.536999702,-7.434733721,21.05263158,2
9.545999527,-7.313412537,21.05263158,2
9.555000305,-7.19685154,21.05263158,2
9.56400013,-7.085720136,21.05263158,2
9.572999954,-6.980563777,21.05263158,2
9.581999779,-6.881805563,21.05263158,2
9.590999603,-6.789747041,21.05263158,2
9.600000381,-6.704581351,21.05263158,2
9.609000206,-6.626397389,21.05263158,2
9.618000031,-6.555195821,21.05263158,2
9.626999855,-6.490905627,21.05263158,2
9.63599968,-6.433398666,21.05263158,2
9.645000458,-6.382508121,21.05263158,2
9.654000282,-6.338048737,21.05263158,2
9.663000107,-6.299835589,21.05263158,2
9.671999931,-6.267696702,21.05263158,2
9.680999756,-6.241497643,21.05263158,2
9.68999958,-6.22114951,21.05263158,2
9.699000359,-6.206626443,21.05263158,2
9.708000183,-6.197970384,21.05263158,2
9.717000008,-6.195300063,21.05263158,2
9.725999832,-6.198807413,21.05263158,2
9.734999657,-6.208766663,21.05263158,2
9.744000435,-6.225520113,21.05263158,2
9.753000259,-6.249471574,21.05263158,2
9.762000084,-6.281080126,21.05263158,2
9.770999908,-6.320844625,21.05263158,2
9.779999733,-6.369289394,21.05263158,2
9.788999557,-6.426950942,21.05263158,2
9.798000336,-6.494360982,21.05263158,2
9.80700016,-6.572027122,21.05263158,2
9.815999985,-6.66042281,21.05263158,2
9.824999809,-6.759965698,21.05263158,2
9.833999634,-6.871003537,21.05263158,2
9.843000412,-6.993794917,21.05263158,2
9.852000237,-7.128495687,21.05263158,2
9.861000061,-7.275138483,21.05263158,2
9.869999886,-7.433611323,21.05263158,2
9.87899971,-7.603646505,21.05263158,2
9.887999535,-7.784791537,21.05263158,2
9.897000313,-7.976392993,21.05263158,2
9.906000137,-8.177577977,21.05263158,2
9.914999962,-8.387231044,21.05263158,2
9.923999786,-8.603976642,21.05263158,2
9.932999611,-8.826176793,21.05263158,2
9.942000389,-9.051922749,21.05263158,2
9.951000214,-9.279040062,21.05263158,2
9.960000038,-9.505121838,21.05263158,2
9.968999863,-9.727564045,21.05263158,2
9.977999687,-9.943637335,21.05263158,2
9.987000465,-10.1505729,21.05263158,2
9.99600029,-10.34567442,21.05263158,2
10.00500011,-10.52644781,21.05263158,2
10.01399994,-10.69073239,21.05263158,2
10.02299976,-10.83683719,21.05263158,2
10.03199959,-10.96364767,21.05263158,2
10.04100037,-11.07070285,21.05263158,2
10.05000019,-11.15823189,21.05263158,2
10.05900002,-11.227133,21.05263158,2
10.06799984,-11.27891888,21.05263158,2
10.07699966,-11.31561052,21.05263158,2
10.08600044,-11.33962143,21.05263158,2
10.09500027,-11.35361959,21.05263158,2
10.10400009,-11.36040261,21.05263158,2
10.11299992,-11.36278168,21.05263158,2
10.12199974,-11.36348478,21.05263158,2
10.13099957,-11.36508991,21.05263158,2
10.14000034,-11.3699639,21.05263158,2
10.14900017,-11.38023938,21.05263158,2
10.15799999,-11.39779527,21.05263158,2
10.16699982,-11.42424545,21.05263158,2
10.17599964,-11.46095092,21.05263158,2
10.18500042,-11.50901808,21.05263158,2
10.19400024,-11.56930737,21.05263158,2
10.20300007,-11.64244787,21.05263158,2
10.21199989,-11.72884236,21.05263158,2
10.22099972,-11.82867014,21.05263158,2
10.22999954,-11.94189704,21.05263158,2
10.23900032,-12.06827433,21.05263158,2
10.24800014,-12.2073461,21.05263158,2
10.25699997,-12.35843923,21.05263158,2
10.26599979,-12.52066968,21.05263158,2
10.27499962,-12.69293354,21.05263158,2
10.2840004,-12.87391127,21.05263158,2
10.29300022,-13.06205871,21.05263158,2
10.30200005,-13.25560634,21.05263158,2
10.31099987,-13.45256364,21.05263158,2
10.31999969,-13.6507109,21.05263158,2
10.32900047,-13.84762218,21.05263158,2
10.3380003,-14.04065499,21.05263158,2
10.34700012,-14.22698778,21.05263158,2
10.35599995,-14.40364609,21.05263158,2
10.36499977,-14.56754469,21.05263158,2
10.3739996,-14.71556246,21.05263158,2
10.38300037,-14.84462419,21.05263158,2
10.3920002,-14.9518064,21.05263158,2
10.40100002,-15.03446735,21.05263158,2
10.40999985,-15.09037871,21.05263158,2
10.41899967,-15.11786399,21.05263158,2
10.42800045,-15.11591149,21.05263158,2
10.43700027,-15.08424938,21.05263158,2
10.4460001,-15.023383,21.05263158,2
10.45499992,-14.93457226,21.05263158,2
10.46399975,-14.81973941,21.05263158,2
10.47299957,-14.68135256,21.05263158,2
10.48200035,-14.52226427,21.05263158,2
10.49100018,-14.34554849,21.05263158,2
10.5,-14.15432509,21.05263158,2
1.5,-0.246732621,21.05263158,3.2
1.508999944,-0.244994233,21.05263158,3.2
1.518000007,-0.244251714,21.05263158,3.2
1.52699995,-0.244634595,21.05263158,3.2
1.536000013,-0.246221401,21.05263158,3.2
1.544999957,-0.249028832,21.05263158,3.2
1.55400002,-0.253025015,21.05263158,3.2
1.562999964,-0.258119229,21.05263158,3.2
1.572000027,-0.264174559,21.05263158,3.2
1.58099997,-0.271013061,21.05263158,3.2
1.590000033,-0.278421951,21.05263158,3.2
1.598999977,-0.286167301,21.05263158,3.2
1.60800004,-0.293999901,21.05263158,3.2
1.616999984,-0.301667126,21.05263158,3.2
1.626000047,-0.308933017,21.05263158,3.2
1.63499999,-0.315575923,21.05263158,3.2
1.644000053,-0.321409546,21.05263158,3.2
1.652999997,-0.326285337,21.05263158,3.2
1.661999941,-0.330101531,21.05263158,3.2
1.671000004,-0.33280712,21.05263158,3.2
1.679999948,-0.334404822,21.05263158,3.2
1.68900001,-0.334948867,21.05263158,3.2
1.697999954,-0.334545188,21.05263158,3.2
1.707000017,-0.33333869,21.05263158,3.2
1.715999961,-0.331511507,21.05263158,3.2
1.725000024,-0.32927479,21.05263158,3.2
1.733999968,-0.326853221,21.05263158,3.2
1.743000031,-0.324476065,21.05263158,3.2
1.751999974,-0.322367687,21.05263158,3.2
1.761000037,-0.320738896,21.05263158,3.2
1.769999981,-0.319770875,21.05263158,3.2
1.779000044,-0.319615969,21.05263158,3.2
1.787999988,-0.320385251,21.05263158,3.2
1.797000051,-0.322147522,21.05263158,3.2
1.805999994,-0.324925312,21.05263158,3.2
1.815000057,-0.328694656,21.05263158,3.2
1.824000001,-0.333387808,21.05263158,3.2
1.832999945,-0.338897597,21.05263158,3.2
1.842000008,-0.345076158,21.05263158,3.2
1.850999951,-0.351752196,21.05263158,3.2
1.860000014,-0.358727291,21.05263158,3.2
1.868999958,-0.365794703,21.05263158,3.2
1.878000021,-0.372742076,21.05263158,3.2
1.886999965,-0.379364858,21.05263158,3.2
1.896000028,-0.385473613,21.05263158,3.2
1.904999971,-0.390905202,21.05263158,3.2
1.914000034,-0.395528643,21.05263158,3.2
1.922999978,-0.399248939,21.05263158,3.2
1.932000041,-0.402019077,21.05263158,3.2
1.940999985,-0.403834171,21.05263158,3.2
1.950000048,-0.404734288,21.05263158,3.2
1.958999991,-0.404803901,21.05263158,3.2
1.968000054,-0.404165685,21.05263158,3.2
1.976999998,-0.402973573,21.05263158,3.2
1.985999942,-0.401410014,21.05263158,3.2
1.995000005,-0.399668939,21.05263158,3.2
2.003999949,-0.397955436,21.05263158,3.2
2.013000011,-0.396468513,21.05263158,3.2
2.022000074,-0.395399031,21.05263158,3.2
2.030999899,-0.394915667,21.05263158,3.2
2.039999962,-0.39516103,21.05263158,3.2
2.049000025,-0.396244896,21.05263158,3.2
2.058000088,-0.398237928,21.05263158,3.2
2.066999912,-0.401171696,21.05263158,3.2
2.075999975,-0.405036214,21.05263158,3.2
2.085000038,-0.409778502,21.05263158,3.2
2.094000101,-0.415310124,21.05263158,3.2
2.102999926,-0.42150492,21.05263158,3.2
2.111999989,-0.428210471,21.05263158,3.2
2.121000051,-0.4352485,21.05263158,3.2
2.130000114,-0.442428359,21.05263158,3.2
2.138999939,-0.449552336,21.05263158,3.2
2.148000002,-0.456425711,21.05263158,3.2
2.157000065,-0.462867189,21.05263158,3.2
2.165999889,-0.468711258,21.05263158,3.2
2.174999952,-0.473825953,21.05263158,3.2
2.184000015,-0.47810915,21.05263158,3.2
2.193000078,-0.481501642,21.05263158,3.2
2.201999903,-0.483985939,21.05263158,3.2
2.210999966,-0.48558772,21.05263158,3.2
2.220000029,-0.48637419,21.05263158,3.2
2.229000092,-0.486455417,21.05263158,3.2
2.237999916,-0.485970223,21.05263158,3.2
2.246999979,-0.485089825,21.05263158,3.2
2.256000042,-0.484005638,21.05263158,3.2
2.265000105,-0.482917441,21.05263158,3.2
2.273999929,-0.482028888,21.05263158,3.2
2.282999992,-0.481538738,21.05263158,3.2
2.292000055,-0.481628156,21.05263158,3.2
2.301000118,-0.482455916,21.05263158,3.2
2.309999943,-0.484152616,21.05263158,3.2
2.319000006,-0.486811462,21.05263158,3.2
2.328000069,-0.490488144,21.05263158,3.2
2.336999893,-0.495195532,21.05263158,3.2
2.345999956,-0.500904511,21.05263158,3.2
2.355000019,-0.507543419,21.05263158,3.2
2.364000082,-0.515004414,21.05263158,3.2
2.372999907,-0.52314025,21.05263158,3.2
2.381999969,-0.531780336,21.05263158,3.2
2.391000032,-0.540727584,21.05263158,3.2
2.400000095,-0.549773949,21.05263158,3.2
2.40899992,-0.558708401,21.05263158,3.2
2.417999983,-0.567323262,21.05263158,3.2
2.427000046,-0.575426061,21.05263158,3.2
2.436000109,-0.582851741,21.05263158,3.2
2.444999933,-0.589465626,21.05263158,3.2
2.453999996,-0.595173424,21.05263158,3.2
2.463000059,-0.599925687,21.05263158,3.2
2.471999884,-0.603723537,21.05263158,3.2
2.480999947,-0.606617337,21.05263158,3.2
2.49000001,-0.608703581,21.05263158,3.2
2.499000072,-0.610127994,21.05263158,3.2
2.507999897,-0.611072913,21.05263158,3.2
2.51699996,-0.611753891,21.05263158,3.2
2.526000023,-0.612409983,21.05263158,3.2
2.535000086,-0.613295658,21.05263158,3.2
2.54399991,-0.614666963,21.05263158,3.2
2.552999973,-0.616777808,21.05263158,3.2
2.562000036,-0.619861166,21.05263158,3.2
2.571000099,-0.624125887,21.05263158,3.2
2.579999924,-0.629750629,21.05263158,3.2
2.588999987,-0.636864497,21.05263158,3.2
2.59800005,-0.645559073,21.05263158,3.2
2.607000113,-0.655868428,21.05263158,3.2
2.615999937,-0.667778036,21.05263158,3.2
2.625,-0.68121524,21.05263158,3.2
2.634000063,-0.69606067,21.05263158,3.2
2.642999887,-0.712145252,21.05263158,3.2
2.65199995,-0.72925807,21.05263158,3.2
2.661000013,-0.747157881,21.05263158,3.2
2.670000076,-0.765579262,21.05263158,3.2
2.678999901,-0.784249742,21.05263158,3.2
2.687999964,-0.80289772,21.05263158,3.2
2.697000027,-0.821272638,21.05263158,3.2
2.70600009,-0.839158537,21.05263158,3.2
2.714999914,-0.856385745,21.05263158,3.2
2.723999977,-0.872847921,21.05263158,3.2
2.73300004,-0.888514697,21.05263158,3.2
2.742000103,-0.903439158,21.05263158,3.2
2.750999928,-0.917763451,21.05263158,3.2
2.75999999,-0.931729378,21.05263158,3.2
2.769000053,-0.945668075,21.05263158,3.2
2.778000116,-0.960006057,21.05263158,3.2
2.786999941,-0.975254439,21.05263158,3.2
2.796000004,-0.992007248,21.05263158,3.2
2.805000067,-1.010917656,21.05263158,3.2
2.813999891,-1.032702978,21.05263158,3.2
2.822999954,-1.058118161,21.05263158,3.2
2.832000017,-1.087945766,21.05263158,3.2
2.84100008,-1.122983544,21.05263158,3.2
2.849999905,-1.16402536,21.05263158,3.2
2.858999968,-1.21184995,21.05263158,3.2
2.868000031,-1.267195941,21.05263158,3.2
2.877000093,-1.330753137,21.05263158,3.2
2.885999918,-1.403138568,21.05263158,3.2
2.894999981,-1.484873399,21.05263158,3.2
2.904000044,-1.576366754,21.05263158,3.2
2.913000107,-1.677879402,21.05263158,3.2
2.921999931,-1.789503467,21.05263158,3.2
2.930999994,-1.911122529,21.05263158,3.2
2.940000057,-2.04238786,21.05263158,3.2
2.948999882,-2.18267346,21.05263158,3.2
2.957999945,-2.331045263,21.05263158,3.2
2.967000008,-2.486231235,21.05263158,3.2
2.976000071,-2.64658921,21.05263158,3.2
2.984999895,-2.810099899,21.05263158,3.2
2.993999958,-2.974363396,21.05263158,3.2
3.003000021,-3.136628005,21.05263158,3.2
3.012000084,-3.293845482,21.05263158,3.2
3.020999908,-3.442760865,21.05263158,3.2
3.029999971,-3.580034823,21.05263158,3.2
3.039000034,-3.702411084,21.05263158,3.2
3.048000097,-3.80688766,21.05263158,3.2
3.056999922,-3.890915691,21.05263158,3.2
3.065999985,-3.952567159,21.05263158,3.2
3.075000048,-3.990677872,21.05263158,3.2
3.084000111,-4.004913768,21.05263158,3.2
3.092999935,-3.995799659,21.05263158,3.2
3.101999998,-3.964638881,21.05263158,3.2
3.111000061,-3.913409628,21.05263158,3.2
3.119999886,-3.84459975,21.05263158,3.2
3.128999949,-3.76103519,21.05263158,3.2
3.138000011,-3.665710206,21.05263158,3.2
3.147000074,-3.561637763,21.05263158,3.2
3.155999899,-3.45172783,21.05263158,3.2
3.164999962,-3.338705539,21.05263158,3.2
3.174000025,-3.225051491,21.05263158,3.2
3.183000088,-3.112970164,21.05263158,3.2
3.191999912,-3.004391752,21.05263158,3.2
3.200999975,-2.900964747,21.05263158,3.2
3.210000038,-2.80407774,21.05263158,3.2
3.219000101,-2.7148779,21.05263158,3.2
3.227999926,-2.634291721,21.05263158,3.2
3.236999989,-2.56304,21.05263158,3.2
3.246000051,-2.501664967,21.05263158,3.2
3.255000114,-2.450540499,21.05263158,3.2
3.263999939,-2.409884628,21.05263158,3.2
3.273000002,-2.379775668,21.05263158,3.2
3.282000065,-2.360158219,21.05263158,3.2
3.290999889,-2.350852201,21.05263158,3.2
3.299999952,-2.351565776,21.05263158,3.2
3.309000015,-2.361897919,21.05263158,3.2
3.318000078,-2.381356532,21.05263158,3.2
3.326999903,-2.409370389,21.05263158,3.2
3.335999966,-2.445299914,21.05263158,3.2
3.345000029,-2.488470284,21.05263158,3.2
3.354000092,-2.538182646,21.05263158,3.2
3.362999916,-2.593742851,21.05263158,3.2
3.371999979,-2.654499304,21.05263158,3.2
3.381000042,-2.719865751,21.05263158,3.2
3.390000105,-2.78935457,21.05263158,3.2
3.398999929,-2.862610317,21.05263158,3.2
3.407999992,-2.939438064,21.05263158,3.2
3.417000055,-3.019823698,21.05263158,3.2
3.426000118,-3.103962362,21.05263158,3.2
3.434999943,-3.192272673,21.05263158,3.2
3.444000006,-3.285392131,21.05263158,3.2
3.453000069,-3.384201818,21.05263158,3.2
3.461999893,-3.489806547,21.05263158,3.2
3.470999956,-3.603527796,21.05263158,3.2
3.480000019,-3.726903421,21.05263158,3.2
3.489000082,-3.861665777,21.05263158,3.2
3.497999907,-4.009714889,21.05263158,3.2
3.506999969,-4.173126085,21.05263158,3.2
3.516000032,-4.354106335,21.05263158,3.2
3.525000095,-4.55501283,21.05263158,3.2
3.53399992,-4.778315119,21.05263158,3.2
3.542999983,-5.02661393,21.05263158,3.2
3.552000046,-5.302629872,21.05263158,3.2
3.561000109,-5.609228337,21.05263158,3.2
3.569999933,-5.949426432,21.05263158,3.2
3.578999996,-6.326442872,21.05263158,3.2
3.588000059,-6.743737036,21.05263158,3.2
3.596999884,-7.205077366,21.05263158,3.2
3.605999947,-7.714630827,21.05263158,3.2
3.61500001,-8.277070782,21.05263158,3.2
3.624000072,-8.897695686,21.05263158,3.2
3.632999897,-9.582566647,21.05263158,3.2
3.64199996,-10.33863368,21.05263158,3.2
3.651000023,-11.17373733,21.05263158,3.2
3.660000086,-12.09640025,21.05263158,3.2
3.66899991,-13.11491944,21.05263158,3.2
3.677999973,-14.23488646,21.05263158,3.2
3.687000036,-15.4529846,21.05263158,3.2
3.696000099,-16.74269613,21.05263158,3.2
3.704999924,-18.02514537,21.05263158,3.2
3.713999987,-19.12663661,21.05263158,3.2
3.72300005,-19.77449813,21.05263158,3.2
3.732000113,-19.74437144,21.05263158,3.2
3.740999937,-19.0786137,21.05263158,3.2
3.75,-18.0389684,21.05263158,3.2
3.759000063,-16.87585395,21.05263158,3.2
3.767999887,-15.7314652,21.05263158,3.2
3.77699995,-14.66504137,21.05263158,3.2
3.786000013,-13.69351247,21.05263158,3.2
3.795000076,-12.81586603,21.05263158,3.2
3.803999901,-12.02457242,21.05263158,3.2
3.812999964,-11.31043533,21.05263158,3.2
3.822000027,-10.66449682,21.05263158,3.2
3.83100009,-10.07869819,21.05263158,3.2
3.839999914,-9.546024816,21.05263158,3.2
3.848999977,-9.060447057,21.05263158,3.2
3.85800004,-8.616807479,21.05263158,3.2
3.867000103,-8.210684958,21.05263158,3.2
3.875999928,-7.838272896,21.05263158,3.2
3.88499999,-7.496276959,21.05263158,3.2
3.894000053,-7.181818579,21.05263158,3.2
3.903000116,-6.892368978,21.05263158,3.2
3.911999941,-6.625680513,21.05263158,3.2
3.921000004,-6.379742896,21.05263158,3.2
3.930000067,-6.152739424,21.05263158,3.2
3.938999891,-5.943016394,21.05263158,3.2
3.947999954,-5.749058875,21.05263158,3.2
3.957000017,-5.569469043,21.05263158,3.2
3.96600008,-5.402951428,21.05263158,3.2
3.974999905,-5.248304192,21.05263158,3.2
3.983999968,-5.104410815,21.05263158,3.2
3.993000031,-4.970228132,21.05263158,3.2
4.001999855,-4.844797148,21.05263158,3.2
4.011000156,-4.727228381,21.05263158,3.2
4.019999981,-4.616706252,21.05263158,3.2
4.028999805,-4.512488134,21.05263158,3.2
4.038000107,-4.413906686,21.05263158,3.2
4.046999931,-4.320361551,21.05263158,3.2
4.056000233,-4.231329401,21.05263158,3.2
4.065000057,-4.146346835,21.05263158,3.2
4.073999882,-4.065018634,21.05263158,3.2
4.083000183,-3.987004787,21.05263158,3.2
4.092000008,-3.912032732,21.05263158,3.2
4.100999832,-3.839859067,21.05263158,3.2
4.110000134,-3.770304049,21.05263158,3.2
4.118999958,-3.703209975,21.05263158,3.2
4.127999783,-3.638454316,21.05263158,3.2
4.137000084,-3.575935684,21.05263158,3.2
4.145999908,-3.515571187,21.05263158,3.2
4.15500021,-3.457291824,21.05263158,3.2
4.164000034,-3.40103359,21.05263158,3.2
4.172999859,-3.346734122,21.05263158,3.2
4.18200016,-3.294337564,21.05263158,3.2
4.190999985,-3.243776751,21.05263158,3.2
4.199999809,-3.194991931,21.05263158,3.2
4.209000111,-3.147917662,21.05263158,3.2
4.217999935,-3.10247977,21.05263158,3.2
4.227000237,-3.058608913,21.05263158,3.2
4.236000061,-3.01623385,21.05263158,3.2
4.244999886,-2.975277502,21.05263158,3.2
4.254000187,-2.935676258,21.05263158,3.2
4.263000011,-2.89735939,21.05263158,3.2
4.271999836,-2.860267845,21.05263158,3.2
4.281000137,-2.824344642,21.05263158,3.2
4.289999962,-2.789535502,21.05263158,3.2
4.298999786,-2.75579929,21.05263158,3.2
4.308000088,-2.723094395,21.05263158,3.2
4.316999912,-2.691383572,21.05263158,3.2
4.326000214,-2.660635453,21.05263158,3.2
4.335000038,-2.630815405,21.05263158,3.2
4.343999863,-2.601893499,21.05263158,3.2
4.353000164,-2.573834618,21.05263158,3.2
4.361999989,-2.546600831,21.05263158,3.2
4.370999813,-2.52014932,21.05263158,3.2
4.380000114,-2.494428617,21.05263158,3.2
4.388999939,-2.469389937,21.05263158,3.2
4.397999763,-2.444970194,21.05263158,3.2
4.407000065,-2.421102877,21.05263158,3.2
4.415999889,-2.397720096,21.05263158,3.2
4.425000191,-2.374752857,21.05263158,3.2
4.434000015,-2.352130128,21.05263158,3.2
4.44299984,-2.329784958,21.05263158,3.2
4.452000141,-2.307659865,21.05263158,3.2
4.460999966,-2.285704204,21.05263158,3.2
4.46999979,-2.263880802,21.05263158,3.2
4.479000092,-2.24216653,21.05263158,3.2
4.487999916,-2.220558942,21.05263158,3.2
4.497000217,-2.199071974,21.05263158,3.2
4.506000042,-2.177738094,21.05263158,3.2
4.514999866,-2.156612533,21.05263158,3.2
4.524000168,-2.135766494,21.05263158,3.2
4.532999992,-2.115286236,21.05263158,3.2
4.541999817,-2.095273772,21.05263158,3.2
4.551000118,-2.075839988,21.05263158,3.2
4.559999943,-2.05709704,21.05263158,3.2
4.568999767,-2.039165069,21.05263158,3.2
4.578000069,-2.022152102,21.05263158,3.2
4.586999893,-2.006158759,21.05263158,3.2
4.596000195,-1.99127006,21.05263158,3.2
4.605000019,-1.977551414,21.05263158,3.2
4.613999844,-1.965045811,21.05263158,3.2
4.623000145,-1.953768897,21.05263158,3.2
4.631999969,-1.943711711,21.05263158,3.2
4.640999794,-1.934828093,21.05263158,3.2
4.650000095,-1.927051872,21.05263158,3.2
4.65899992,-1.920288644,21.05263158,3.2
4.668000221,-1.914414276,21.05263158,3.2
4.677000046,-1.909294261,21.05263158,3.2
4.68599987,-1.904773835,21.05263158,3.2
4.695000172,-1.900695069,21.05263158,3.2
4.703999996,-1.896898792,21.05263158,3.2
4.712999821,-1.893234874,21.05263158,3.2
4.722000122,-1.889566058,21.05263158,3.2
4.730999947,-1.885783926,21.05263158,3.2
4.739999771,-1.88180776,21.05263158,3.2
4.749000072,-1.877594592,21.05263158,3.2
4.757999897,-1.873146946,21.05263158,3.2
4.767000198,-1.868512084,21.05263158,3.2
4.776000023,-1.863789444,21.05263158,3.2
4.784999847,-1.859123981,21.05263158,3.2
4.794000149,-1.854710789,21.05263158,3.2
4.802999973,-1.850788146,21.05263158,3.2
4.811999798,-1.847630083,21.05263158,3.2
4.821000099,-1.845547068,21.05263158,3.2
4.829999924,-1.844865131,21.05263158,3.2
4.839000225,-1.845926188,21.05263158,3.2
4.84800005,-1.849072603,21.05263158,3.2
4.856999874,-1.854639048,21.05263158,3.2
4.866000175,-1.862938128,21.05263158,3.2
4.875,-1.874257299,21.05263158,3.2
4.883999825,-1.888838607,21.05263158,3.2
4.893000126,-1.906879457,21.05263158,3.2
4.90199995,-1.928521527,21.05263158,3.2
4.910999775,-1.95383991,21.05263158,3.2
4.920000076,-1.982844372,21.05263158,3.2
4.928999901,-2.01546935,21.05263158,3.2
4.938000202,-2.051573019,21.05263158,3.2
4.947000027,-2.090937856,21.05263158,3.2
4.955999851,-2.133263342,21.05263158,3.2
4.965000153,-2.178174917,21.05263158,3.2
4.973999977,-2.225222783,21.05263158,3.2
4.982999802,-2.273884342,21.05263158,3.2
4.992000103,-2.323578714,21.05263158,3.2
5.000999928,-2.373669055,21.05263158,3.2
5.010000229,-2.423475552,21.05263158,3.2
5.019000053,-2.4722964,21.05263158,3.2
5.027999878,-2.519417369,21.05263158,3.2
5.037000179,-2.564137116,21.05263158,3.2
5.046000004,-2.605788114,21.05263158,3.2
5.054999828,-2.643758161,21.05263158,3.2
5.06400013,-2.67751664,21.05263158,3.2
5.072999954,-2.706631812,21.05263158,3.2
5.081999779,-2.730795767,21.05263158,3.2
5.09100008,-2.74983727,21.05263158,3.2
5.099999905,-2.763731843,21.05263158,3.2
5.109000206,-2.772604129,21.05263158,3.2
5.118000031,-2.776731404,21.05263158,3.2
5.126999855,-2.776530148,21.05263158,3.2
5.136000156,-2.772540077,21.05263158,3.2
5.144999981,-2.765410414,21.05263158,3.2
5.153999805,-2.755868372,21.05263158,3.2
5.163000107,-2.744704113,21.05263158,3.2
5.171999931,-2.732734478,21.05263158,3.2
5.181000233,-2.72078504,21.05263158,3.2
5.190000057,-2.709665209,21.05263158,3.2
5.198999882,-2.70014779,21.05263158,3.2
5.208000183,-2.692956044,21.05263158,3.2
5.217000008,-2.688744993,21.05263158,3.2
5.225999832,-2.688096785,21.05263158,3.2
5.235000134,-2.691512001,21.05263158,3.2
5.243999958,-2.69941233,21.05263158,3.2
5.252999783,-2.712132303,21.05263158,3.2
5.262000084,-2.729928782,21.05263158,3.2
5.270999908,-2.752980469,21.05263158,3.2
5.28000021,-2.781390772,21.05263158,3.2
5.289000034,-2.815201155,21.05263158,3.2
5.297999859,-2.854390604,21.05263158,3.2
5.30700016,-2.898886697,21.05263158,3.2
5.315999985,-2.94857275,21.05263158,3.2
5.324999809,-3.003293137,21.05263158,3.2
5.334000111,-3.062870069,21.05263158,3.2
5.342999935,-3.127098484,21.05263158,3.2
5.352000237,-3.195771702,21.05263158,3.2
5.361000061,-3.268672135,21.05263158,3.2
5.369999886,-3.34559646,21.05263158,3.2
5.379000187,-3.426353833,21.05263158,3.2
5.388000011,-3.510779465,21.05263158,3.2
5.396999836,-3.598737964,21.05263158,3.2
5.406000137,-3.690135252,21.05263158,3.2
5.414999962,-3.784920873,21.05263158,3.2
5.423999786,-3.883090186,21.05263158,3.2
5.433000088,-3.984693236,21.05263158,3.2
5.441999912,-4.08983107,21.05263158,3.2
5.451000214,-4.198658923,21.05263158,3.2
5.460000038,-4.311376369,21.05263158,3.2
5.468999863,-4.428233101,21.05263158,3.2
5.478000164,-4.549514605,21.05263158,3.2
5.486999989,-4.675540137,21.05263158,3.2
5.495999813,-4.806649588,21.05263158,3.2
5.505000114,-4.943196392,21.05263158,3.2
5.513999939,-5.085532222,21.05263158,3.2
5.522999763,-5.233999325,21.05263158,3.2
5.532000065,-5.388912354,21.05263158,3.2
5.540999889,-5.550546631,21.05263158,3.2
5.550000191,-5.71912398,21.05263158,3.2
5.559000015,-5.8947934,21.05263158,3.2
5.56799984,-6.077615855,21.05263158,3.2
5.577000141,-6.267544565,21.05263158,3.2
5.585999966,-6.464409376,21.05263158,3.2
5.59499979,-6.667892228,21.05263158,3.2
5.604000092,-6.877511105,21.05263158,3.2
5.612999916,-7.092595589,21.05263158,3.2
5.622000217,-7.312266486,21.05263158,3.2
5.631000042,-7.535424518,21.05263158,3.2
5.639999866,-7.760723479,21.05263158,3.2
5.649000168,-7.986569581,21.05263158,3.2
5.657999992,-8.211114049,21.05263158,3.2
5.666999817,-8.432261463,21.05263158,3.2
5.676000118,-8.647691382,21.05263158,3.2
5.684999943,-8.854895711,21.05263158,3.2
5.693999767,-9.051231082,21.05263158,3.2
5.703000069,-9.233994585,21.05263158,3.2
5.711999893,-9.400518001,21.05263158,3.2
5.721000195,-9.548264134,21.05263158,3.2
5.730000019,-9.674945878,21.05263158,3.2
5.738999844,-9.778628848,21.05263158,3.2
5.748000145,-9.85782712,21.05263158,3.2
5.756999969,-9.91157353,21.05263158,3.2
5.765999794,-9.939456485,21.05263158,3.2
5.775000095,-9.941626952,21.05263158,3.2
5.78399992,-9.918761788,21.05263158,3.2
5.793000221,-9.872005838,21.05263158,3.2
5.802000046,-9.802887854,21.05263158,3.2
5.81099987,-9.71322641,21.05263158,3.2
5.820000172,-9.605035959,21.05263158,3.2
5.828999996,-9.480440051,21.05263158,3.2
5.837999821,-9.341592347,21.05263158,3.2
5.847000122,-9.190618459,21.05263158,3.2
5.855999947,-9.029566301,21.05263158,3.2
5.864999771,-8.86037929,21.05263158,3.2
5.874000072,-8.684870149,21.05263158,3.2
5.882999897,-8.504716203,21.05263158,3.2
5.892000198,-8.32144895,21.05263158,3.2
5.901000023,-8.136457607,21.05263158,3.2
5.909999847,-7.950992739,21.05263158,3.2
5.919000149,-7.766171552,21.05263158,3.2
5.927999973,-7.582977979,21.05263158,3.2
5.936999798,-7.402277088,21.05263158,3.2
5.946000099,-7.224817894,21.05263158,3.2
5.954999924,-7.051235122,21.05263158,3.2
5.964000225,-6.882061799,21.05263158,3.2
5.97300005,-6.717732797,21.05263158,3.2
5.981999874,-6.558588554,21.05263158,3.2
5.991000175,-6.404885114,21.05263158,3.2
6,-6.256798986,21.05263158,3.2
6.008999825,-6.114432673,21.05263158,3.2
6.018000126,-5.977823378,21.05263158,3.2
6.02699995,-5.846948384,21.05263158,3.2
6.035999775,-5.721730471,21.05263158,3.2
6.045000076,-5.602051761,21.05263158,3.2
6.053999901,-5.487751857,21.05263158,3.2
6.063000202,-5.378643023,21.05263158,3.2
6.072000027,-5.274510052,21.05263158,3.2
6.080999851,-5.175124553,21.05263158,3.2
6.090000153,-5.08024521,21.05263158,3.2
6.098999977,-4.98962809,21.05263158,3.2
6.107999802,-4.903033162,21.05263158,3.2
6.117000103,-4.820224327,21.05263158,3.2
6.125999928,-4.740979311,21.05263158,3.2
6.135000229,-4.665091883,21.05263158,3.2
6.144000053,-4.592374507,21.05263158,3.2
6.152999878,-4.52266331,21.05263158,3.2
6.162000179,-4.455814467,21.05263158,3.2
6.171000004,-4.391711203,21.05263158,3.2
6.179999828,-4.330255191,21.05263158,3.2
6.18900013,-4.271375179,21.05263158,3.2
6.197999954,-4.21501619,21.05263158,3.2
6.206999779,-4.161146842,21.05263158,3.2
6.21600008,-4.10974301,21.05263158,3.2
6.224999905,-4.060799698,21.05263158,3.2
6.234000206,-4.014314978,21.05263158,3.2
6.243000031,-3.970296743,21.05263158,3.2
6.251999855,-3.928750737,21.05263158,3.2
6.261000156,-3.889684347,21.05263158,3.2
6.269999981,-3.853098924,21.05263158,3.2
6.278999805,-3.818987769,21.05263158,3.2
6.288000107,-3.787341042,21.05263158,3.2
6.296999931,-3.758132785,21.05263158,3.2
6.306000233,-3.731331498,21.05263158,3.2
6.315000057,-3.706892125,21.05263158,3.2
6.323999882,-3.68476093,21.05263158,3.2
6.333000183,-3.66487069,21.05263158,3.2
6.342000008,-3.647151182,21.05263158,3.2
6.350999832,-3.631522904,21.05263158,3.2
6.360000134,-3.617901053,21.05263158,3.2
6.368999958,-3.606203459,21.05263158,3.2
6.377999783,-3.596341473,21.05263158,3.2
6.387000084,-3.588237415,21.05263158,3.2
6.395999908,-3.581814458,21.05263158,3.2
6.40500021,-3.577007268,21.05263158,3.2
6.414000034,-3.573759873,21.05263158,3.2
6.422999859,-3.572029986,21.05263158,3.2
6.43200016,-3.571788642,21.05263158,3.2
6.440999985,-3.573025691,21.05263158,3.2
6.449999809,-3.575741539,21.05263158,3.2
6.459000111,-3.579959575,21.05263158,3.2
6.467999935,-3.585715617,21.05263158,3.2
6.477000237,-3.593062985,21.05263158,3.2
6.486000061,-3.602066309,21.05263158,3.2
6.494999886,-3.612806365,21.05263158,3.2
6.504000187,-3.625372513,21.05263158,3.2
6.513000011,-3.639862386,21.05263158,3.2
6.521999836,-3.656381671,21.05263158,3.2
6.531000137,-3.675042103,21.05263158,3.2
6.539999962,-3.69595468,21.05263158,3.2
6.548999786,-3.719233877,21.05263158,3.2
6.558000088,-3.744989581,21.05263158,3.2
6.566999912,-3.773334202,21.05263158,3.2
6.576000214,-3.804372617,21.05263158,3.2
6.585000038,-3.838210999,21.05263158,3.2
6.593999863,-3.874946268,21.05263158,3.2
6.603000164,-3.914676476,21.05263158,3.2
6.611999989,-3.95749545,21.05263158,3.2
6.620999813,-4.003498343,21.05263158,3.2
6.630000114,-4.052777189,21.05263158,3.2
6.638999939,-4.105432171,21.05263158,3.2
6.647999763,-4.161566309,21.05263158,3.2
6.657000065,-4.221292175,21.05263158,3.2
6.665999889,-4.284737301,21.05263158,3.2
6.675000191,-4.352039874,21.05263158,3.2
6.684000015,-4.423361025,21.05263158,3.2
6.69299984,-4.498882969,21.05263158,3.2
6.702000141,-4.578817585,21.05263158,3.2
6.710999966,-4.66340621,21.05263158,3.2
6.71999979,-4.752922114,21.05263158,3.2
6.729000092,-4.847679165,21.05263158,3.2
6.737999916,-4.948034484,21.05263158,3.2
6.747000217,-5.054385866,21.05263158,3.2
6.756000042,-5.167185012,21.05263158,3.2
6.764999866,-5.286932541,21.05263158,3.2
6.774000168,-5.41418808,21.05263158,3.2
6.782999992,-5.549571525,21.05263158,3.2
6.791999817,-5.6937674,21.05263158,3.2
6.801000118,-5.847528902,21.05263158,3.2
6.809999943,-6.011693045,21.05263158,3.2
6.818999767,-6.187170075,21.05263158,3.2
6.828000069,-6.374969531,21.05263158,3.2
6.836999893,-6.57619569,21.05263158,3.2
6.846000195,-6.792073502,21.05263158,3.2
6.855000019,-7.023950107,21.05263158,3.2
6.863999844,-7.273325512,21.05263158,3.2
6.873000145,-7.541863528,21.05263158,3.2
6.881999969,-7.831426422,21.05263158,3.2
6.890999794,-8.144113755,21.05263158,3.2
6.900000095,-8.482295523,21.05263158,3.2
6.90899992,-8.848680665,21.05263158,3.2
6.918000221,-9.246389192,21.05263158,3.2
6.927000046,-9.679048753,21.05263158,3.2
6.93599987,-10.15091119,21.05263158,3.2
6.945000172,-10.66705811,21.05263158,3.2
6.953999996,-11.2336034,21.05263158,3.2
6.962999821,-11.85806317,21.05263158,3.2
6.972000122,-12.54981844,21.05263158,3.2
6.980999947,-13.32083966,21.05263158,3.2
6.989999771,-14.18678587,21.05263158,3.2
6.999000072,-15.1687291,21.05263158,3.2
7.007999897,-16.29603869,21.05263158,3.2
7.017000198,-17.61146179,21.05263158,3.2
7.026000023,-19.18070202,21.05263158,3.2
7.034999847,-21.11222105,21.05263158,3.2
7.044000149,-23.60333572,21.05263158,3.2
7.052999973,-27.06368829,21.05263158,3.2
7.061999798,-32.43867148,21.05263158,3.2
7.071000099,-37.44378581,21.05263158,3.2
7.079999924,-31.01802721,21.05263158,3.2
7.089000225,-26.21960575,21.05263158,3.2
7.09800005,-23.05736502,21.05263158,3.2
7.106999874,-20.74129052,21.05263158,3.2
7.116000175,-18.92818213,21.05263158,3.2
7.125,-17.44720105,21.05263158,3.2
7.133999825,-16.20208745,21.05263158,3.2
7.143000126,-15.13347471,21.05263158,3.2
7.15199995,-14.20221686,21.05263158,3.2
7.160999775,-13.38113534,21.05263158,3.2
7.170000076,-12.65058012,21.05263158,3.2
7.178999901,-11.99586591,21.05263158,3.2
7.188000202,-11.40571554,21.05263158,3.2
7.197000027,-10.87126713,21.05263158,3.2
7.205999851,-10.38541581,21.05263158,3.2
7.215000153,-9.942372928,21.05263158,3.2
7.223999977,-9.537345333,21.05263158,3.2
7.232999802,-9.166313274,21.05263158,3.2
7.242000103,-8.825868718,21.05263158,3.2
7.250999928,-8.513086057,21.05263158,3.2
7.260000229,-8.225432908,21.05263158,3.2
7.269000053,-7.960697356,21.05263158,3.2
7.277999878,-7.716930266,21.05263158,3.2
7.287000179,-7.492402245,21.05263158,3.2
7.296000004,-7.285568677,21.05263158,3.2
7.304999828,-7.095041769,21.05263158,3.2
7.31400013,-6.919563576,21.05263158,3.2
7.322999954,-6.75799359,21.05263158,3.2
7.331999779,-6.609289334,21.05263158,3.2
7.34100008,-6.472495021,21.05263158,3.2
7.349999905,-6.346734511,21.05263158,3.2
7.359000206,-6.231196566,21.05263158,3.2
7.368000031,-6.125137554,21.05263158,3.2
7.376999855,-6.027870522,21.05263158,3.2
7.386000156,-5.93875875,21.05263158,3.2
7.394999981,-5.857223146,21.05263158,3.2
7.403999805,-5.782727575,21.05263158,3.2
7.413000107,-5.714782628,21.05263158,3.2
7.421999931,-5.652946497,21.05263158,3.2
7.431000233,-5.596815776,21.05263158,3.2
7.440000057,-5.546030418,21.05263158,3.2
7.448999882,-5.500268236,21.05263158,3.2
7.458000183,-5.459245684,21.05263158,3.2
7.467000008,-5.422712004,21.05263158,3.2
7.475999832,-5.390449805,21.05263158,3.2
7.485000134,-5.362269817,21.05263158,3.2
7.493999958,-5.338008584,21.05263158,3.2
7.502999783,-5.317527491,21.05263158,3.2
7.512000084,-5.300703785,21.05263158,3.2
7.520999908,-5.287430945,21.05263158,3.2
7.53000021,-5.277615519,21.05263158,3.2
7.539000034,-5.271168084,21.05263158,3.2
7.547999859,-5.26800678,21.05263158,3.2
7.55700016,-5.268048029,21.05263158,3.2
7.565999985,-5.271206496,21.05263158,3.2
7.574999809,-5.277390285,21.05263158,3.2
7.584000111,-5.28650308,21.05263158,3.2
7.592999935,-5.298442194,21.05263158,3.2
7.602000237,-5.313086405,21.05263158,3.2
7.611000061,-5.330317282,21.05263158,3.2
7.619999886,-5.349995869,21.05263158,3.2
7.629000187,-5.371984747,21.05263158,3.2
7.638000011,-5.396134432,21.05263158,3.2
7.646999836,-5.422291565,21.05263158,3.2
7.656000137,-5.450307478,21.05263158,3.2
7.664999962,-5.480025557,21.05263158,3.2
7.673999786,-5.511297727,21.05263158,3.2
7.683000088,-5.543991666,21.05263158,3.2
7.691999912,-5.577971157,21.05263158,3.2
7.701000214,-5.613125446,21.05263158,3.2
7.710000038,-5.649354813,21.05263158,3.2
7.718999863,-5.686579264,21.05263158,3.2
7.728000164,-5.724739873,21.05263158,3.2
7.736999989,-5.763793586,21.05263158,3.2
7.745999813,-5.80372533,21.05263158,3.2
7.755000114,-5.844532764,21.05263158,3.2
7.763999939,-5.886238751,21.05263158,3.2
7.772999763,-5.928878624,21.05263158,3.2
7.782000065,-5.97250879,21.05263158,3.2
7.790999889,-6.017189508,21.05263158,3.2
7.800000191,-6.062994007,21.05263158,3.2
7.809000015,-6.110006065,21.05263158,3.2
7.81799984,-6.158302301,21.05263158,3.2
7.827000141,-6.207965348,21.05263158,3.2
7.835999966,-6.259072326,21.05263158,3.2
7.84499979,-6.31169342,21.05263158,3.2
7.854000092,-6.365891999,21.05263158,3.2
7.862999916,-6.421715827,21.05263158,3.2
7.872000217,-6.479199743,21.05263158,3.2
7.881000042,-6.538375402,21.05263158,3.2
7.889999866,-6.599245338,21.05263158,3.2
7.899000168,-6.661809456,21.05263158,3.2
7.907999992,-6.726048788,21.05263158,3.2
7.916999817,-6.791929167,21.05263158,3.2
7.926000118,-6.859407384,21.05263158,3.2
7.934999943,-6.92842679,21.05263158,3.2
7.943999767,-6.998919809,21.05263158,3.2
7.953000069,-7.070805938,21.05263158,3.2
7.961999893,-7.143997128,21.05263158,3.2
7.971000195,-7.218397609,21.05263158,3.2
7.980000019,-7.293895193,21.05263158,3.2
7.988999844,-7.370375098,21.05263158,3.2
7.998000145,-7.447708541,21.05263158,3.2
8.006999969,-7.525750324,21.05263158,3.2
8.015999794,-7.60434843,21.05263158,3.2
8.024999619,-7.683328812,21.05263158,3.2
8.034000397,-7.762502535,21.05263158,3.2
8.043000221,-7.841659656,21.05263158,3.2
8.052000046,-7.920570036,21.05263158,3.2
8.06099987,-7.998975268,21.05263158,3.2
8.069999695,-8.0765974,21.05263158,3.2
8.079000473,-8.153130299,21.05263158,3.2
8.088000298,-8.228244777,21.05263158,3.2
8.097000122,-8.301586209,21.05263158,3.2
8.105999947,-8.372783177,21.05263158,3.2
8.114999771,-8.441445523,21.05263158,3.2
8.123999596,-8.50717632,21.05263158,3.2
8.133000374,-8.569572897,21.05263158,3.2
8.142000198,-8.628243272,21.05263158,3.2
8.151000023,-8.682809677,21.05263158,3.2
8.159999847,-8.7329235,21.05263158,3.2
8.168999672,-8.778271496,21.05263158,3.2
8.17800045,-8.818596096,21.05263158,3.2
8.187000275,-8.85369763,21.05263158,3.2
8.196000099,-8.883448998,21.05263158,3.2
8.204999924,-8.907804836,21.05263158,3.2
8.213999748,-8.926800691,21.05263158,3.2
8.222999573,-8.94056574,21.05263158,3.2
8.232000351,-8.949318337,21.05263158,3.2
8.241000175,-8.953358906,21.05263158,3.2
8.25,-8.953074485,21.05263158,3.2
8.258999825,-8.948923906,21.05263158,3.2
8.267999649,-8.941423264,21.05263158,3.2
8.277000427,-8.931141911,21.05263158,3.2
8.286000252,-8.918680848,21.05263158,3.2
8.295000076,-8.904664796,21.05263158,3.2
8.303999901,-8.889717058,21.05263158,3.2
8.312999725,-8.874449748,21.05263158,3.2
8.32199955,-8.859453675,21.05263158,3.2
8.331000328,-8.845279083,21.05263158,3.2
8.340000153,-8.832429335,21.05263158,3.2
8.348999977,-8.821346521,21.05263158,3.2
8.357999802,-8.812411574,21.05263158,3.2
8.366999626,-8.805927044,21.05263158,3.2
8.376000404,-8.802127012,21.05263158,3.2
8.385000229,-8.801172712,21.05263158,3.2
8.394000053,-8.803139785,21.05263158,3.2
8.402999878,-8.808039623,21.05263158,3.2
8.411999702,-8.815812506,21.05263158,3.2
8.420999527,-8.826333479,21.05263158,3.2
8.430000305,-8.839421645,21.05263158,3.2
8.43900013,-8.854855406,21.05263158,3.2
8.447999954,-8.872362419,21.05263158,3.2
8.456999779,-8.891654557,21.05263158,3.2
8.465999603,-8.912419866,21.05263158,3.2
8.475000381,-8.934345581,21.05263158,3.2
8.484000206,-8.957122484,21.05263158,3.2
8.493000031,-8.980460038,21.05263158,3.2
8.501999855,-9.004093716,21.05263158,3.2
8.51099968,-9.027799112,21.05263158,3.2
8.520000458,-9.051395154,21.05263158,3.2
8.529000282,-9.074749517,21.05263158,3.2
8.538000107,-9.097783198,21.05263158,3.2
8.546999931,-9.120471623,21.05263158,3.2
8.555999756,-9.142843076,21.05263158,3.2
8.56499958,-9.16497418,21.05263158,3.2
8.574000359,-9.186977466,21.05263158,3.2
8.583000183,-9.209001188,21.05263158,3.2
8.592000008,-9.23121702,21.05263158,3.2
8.600999832,-9.253800712,21.05263158,3.2
8.609999657,-9.276929477,21.05263158,3.2
8.619000435,-9.300763932,21.05263158,3.2
8.628000259,-9.325438025,21.05263158,3.2
8.637000084,-9.351040882,21.05263158,3.2
8.645999908,-9.377617021,21.05263158,3.2
8.654999733,-9.405156352,21.05263158,3.2
8.663999557,-9.433576718,21.05263158,3.2
8.673000336,-9.462733499,21.05263158,3.2
8.68200016,-9.492410123,21.05263158,3.2
8.690999985,-9.522321943,21.05263158,3.2
8.699999809,-9.552120625,21.05263158,3.2
8.708999634,-9.581401332,21.05263158,3.2
8.718000412,-9.609711165,21.05263158,3.2
8.727000237,-9.636564247,21.05263158,3.2
8.736000061,-9.661455877,21.05263158,3.2
8.744999886,-9.683881235,21.05263158,3.2
8.75399971,-9.70334496,21.05263158,3.2
8.762999535,-9.719388503,21.05263158,3.2
8.772000313,-9.731607199,21.05263158,3.2
8.781000137,-9.739658502,21.05263158,3.2
8.789999962,-9.743280178,21.05263158,3.2
8.798999786,-9.742299191,21.05263158,3.2
8.807999611,-9.736634022,21.05263158,3.2
8.817000389,-9.726297836,21.05263158,3.2
8.826000214,-9.711387506,21.05263158,3.2
8.835000038,-9.692084853,21.05263158,3.2
8.843999863,-9.668636309,21.05263158,3.2
8.852999687,-9.641334389,21.05263158,3.2
8.862000465,-9.610506995,21.05263158,3.2
8.87100029,-9.576496382,21.05263158,3.2
8.880000114,-9.53964005,21.05263158,3.2
8.888999939,-9.500249897,21.05263158,3.2
8.897999763,-9.458608163,21.05263158,3.2
8.906999588,-9.414947904,21.05263158,3.2
8.916000366,-9.369447814,21.05263158,3.2
8.925000191,-9.322224961,21.05263158,3.2
8.934000015,-9.273342885,21.05263158,3.2
8.94299984,-9.22280832,21.05263158,3.2
8.951999664,-9.170579957,21.05263158,3.2
8.961000443,-9.116576474,21.05263158,3.2
8.970000267,-9.060696088,21.05263158,3.2
8.979000092,-9.002822277,21.05263158,3.2
8.987999916,-8.942840993,21.05263158,3.2
8.996999741,-8.880661833,21.05263158,3.2
9.005999565,-8.816224261,21.05263158,3.2
9.015000343,-8.749510322,21.05263158,3.2
9.024000168,-8.680560329,21.05263158,3.2
9.032999992,-8.609472715,21.05263158,3.2
9.041999817,-8.536412694,21.05263158,3.2
9.050999641,-8.461606132,21.05263158,3.2
9.06000042,-8.385341176,21.05263158,3.2
9.069000244,-8.307957019,21.05263158,3.2
9.078000069,-8.229835535,21.05263158,3.2
9.086999893,-8.151389324,21.05263158,3.2
9.095999718,-8.073047933,21.05263158,3.2
9.104999542,-7.995245872,21.05263158,3.2
9.11400032,-7.9184027,21.05263158,3.2
9.123000145,-7.842924945,21.05263158,3.2
9.131999969,-7.769175779,21.05263158,3.2
9.140999794,-7.697479014,21.05263158,3.2
9.149999619,-7.628106954,21.05263158,3.2
9.159000397,-7.561278654,21.05263158,3.2
9.168000221,-7.497153955,21.05263158,3.2
9.177000046,-7.435833805,21.05263158,3.2
9.18599987,-7.377361373,21.05263158,3.2
9.194999695,-7.321730892,21.05263158,3.2
9.204000473,-7.268887211,21.05263158,3.2
9.213000298,-7.218733588,21.05263158,3.2
9.222000122,-7.1711469,21.05263158,3.2
9.230999947,-7.125975846,21.05263158,3.2
9.239999771,-7.083062853,21.05263158,3.2
9.248999596,-7.0422434,21.05263158,3.2
9.258000374,-7.003365176,21.05263158,3.2
9.267000198,-6.966287818,21.05263158,3.2
9.276000023,-6.930900554,21.05263158,3.2
9.284999847,-6.897122607,21.05263158,3.2
9.293999672,-6.864910317,21.05263158,3.2
9.30300045,-6.834264236,21.05263158,3.2
9.312000275,-6.805220272,21.05263158,3.2
9.321000099,-6.777863287,21.05263158,3.2
9.329999924,-6.752313134,21.05263158,3.2
9.338999748,-6.728725324,21.05263158,3.2
9.347999573,-6.707284287,21.05263158,3.2
9.357000351,-6.688196703,21.05263158,3.2
9.366000175,-6.671684899,21.05263158,3.2
9.375,-6.657973165,21.05263158,3.2
9.383999825,-6.647286725,21.05263158,3.2
9.392999649,-6.639838589,21.05263158,3.2
9.402000427,-6.635823267,21.05263158,3.2
9.411000252,-6.63540858,21.05263158,3.2
9.420000076,-6.638733988,21.05263158,3.2
9.428999901,-6.645901882,21.05263158,3.2
9.437999725,-6.656973559,21.05263158,3.2
9.44699955,-6.671972729,21.05263158,3.2
9.456000328,-6.690882358,21.05263158,3.2
9.465000153,-6.713642186,21.05263158,3.2
9.473999977,-6.740156983,21.05263158,3.2
9.482999802,-6.770298745,21.05263158,3.2
9.491999626,-6.803911819,21.05263158,3.2
9.501000404,-6.84082098,21.05263158,3.2
9.510000229,-6.880836051,21.05263158,3.2
9.519000053,-6.923765453,21.05263158,3.2
9.527999878,-6.9694219,21.05263158,3.2
9.536999702,-7.017632185,21.05263158,3.2
9.545999527,-7.068250897,21.05263158,3.2
9.555000305,-7.12116327,21.05263158,3.2
9.56400013,-7.176300848,21.05263158,3.2
9.572999954,-7.233638638,21.05263158,3.2
9.581999779,-7.293210914,21.05263158,3.2
9.590999603,-7.355105761,21.05263158,3.2
9.600000381,-7.419470219,21.05263158,3.2
9.609000206,-7.486513769,21.05263158,3.2
9.618000031,-7.556493356,21.05263158,3.2
9.626999855,-7.629721132,21.05263158,3.2
9.63599968,-7.706548861,21.05263158,3.2
9.645000458,-7.787363522,21.05263158,3.2
9.654000282,-7.872578196,21.05263158,3.2
9.663000107,-7.962620913,21.05263158,3.2
9.671999931,-8.057925029,21.05263158,3.2
9.680999756,-8.158920285,21.05263158,3.2
9.68999958,-8.266021036,21.05263158,3.2
9.699000359,-8.379620458,21.05263158,3.2
9.708000183,-8.50008255,21.05263158,3.2
9.717000008,-8.627731741,21.05263158,3.2
9.725999832,-8.762856054,21.05263158,3.2
9.734999657,-8.905695199,21.05263158,3.2
9.744000435,-9.056448156,21.05263158,3.2
9.753000259,-9.21527003,21.05263158,3.2
9.762000084,-9.382272226,21.05263158,3.2
9.770999908,-9.557536008,21.05263158,3.2
9.779999733,-9.741114736,21.05263158,3.2
9.788999557,-9.933051029,21.05263158,3.2
9.798000336,-10.13338787,21.05263158,3.2
9.80700016,-10.34218084,21.05263158,3.2
9.815999985,-10.55952445,21.05263158,3.2
9.824999809,-10.78556976,21.05263158,3.2
9.833999634,-11.02055101,21.05263158,3.2
9.843000412,-11.26480257,21.05263158,3.2
9.852000237,-11.51878903,21.05263158,3.2
9.861000061,-11.7831256,21.05263158,3.2
9.869999886,-12.05860734,21.05263158,3.2
9.87899971,-12.34622267,21.05263158,3.2
9.887999535,-12.64718399,21.05263158,3.2
9.897000313,-12.96294236,21.05263158,3.2
9.906000137,-13.29521371,21.05263158,3.2
9.914999962,-13.64599512,21.05263158,3.2
9.923999786,-14.0175957,21.05263158,3.2
9.932999611,-14.41266274,21.05263158,3.2
9.942000389,-14.83422251,21.05263158,3.2
9.951000214,-15.285734,21.05263158,3.2
9.960000038,-15.77115367,21.05263158,3.2
9.968999863,-16.29502471,21.05263158,3.2
9.977999687,-16.86261735,21.05263158,3.2
9.987000465,-17.48007656,21.05263158,3.2
9.99600029,-18.15465253,21.05263158,3.2
10.00500011,-18.89499557,21.05263158,3.2
10.01399994,-19.71153885,21.05263158,3.2
10.02299976,-20.61693394,21.05263158,3.2
10.03199959,-21.62655912,21.05263158,3.2
10.04100037,-22.75874482,21.05263158,3.2
10.05000019,-24.03399429,21.05263158,3.2
10.05900002,-25.47053215,21.05263158,3.2
10.06799984,-27.06846137,21.05263158,3.2
10.07699966,-28.7609834,21.05263158,3.2
10.08600044,-30.29677367,21.05263158,3.2
10.09500027,-31.12847299,21.05263158,3.2
10.10400009,-30.78044104,21.05263158,3.2
10.11299992,-29.51154598,21.05263158,3.2
10.12199974,-27.92456159,21.05263158,3.2
10.13099957,-26.37006367,21.05263158,3.2
10.14000034,-24.96012324,21.05263158,3.2
10.14900017,-23.70836984,21.05263158,3.2
10.15799999,-22.59895448,21.05263158,3.2
10.16699982,-21.61036079,21.05263158,3.2
10.17599964,-20.72256513,21.05263158,3.2
10.18500042,-19.91861544,21.05263158,3.2
10.19400024,-19.18463879,21.05263158,3.2
10.20300007,-18.50943161,21.05263158,3.2
10.21199989,-17.88397171,21.05263158,3.2
10.22099972,-17.30101946,21.05263158,3.2
10.22999954,-16.75478489,21.05263158,3.2
10.23900032,-16.24065798,21.05263158,3.2
10.24800014,-15.75500166,21.05263158,3.2
10.25699997,-15.29496556,21.05263158,3.2
10.26599979,-14.85833761,21.05263158,3.2
10.27499962,-14.44342069,21.05263158,3.2
10.2840004,-14.04892242,21.05263158,3.2
10.29300022,-13.67385413,21.05263158,3.2
10.30200005,-13.31746076,21.05263158,3.2
10.31099987,-12.97913639,21.05263158,3.2
10.31999969,-12.65837677,21.05263158,3.2
10.32900047,-12.35473257,21.05263158,3.2
10.3380003,-12.0677578,21.05263158,3.2
10.34700012,-11.79699321,21.05263158,3.2
10.35599995,-11.54193798,21.05263158,3.2
10.36499977,-11.30202753,21.05263158,3.2
10.3739996,-11.0766267,21.05263158,3.2
10.38300037,-10.86503458,21.05263158,3.2
10.3920002,-10.66646446,21.05263158,3.2
10.40100002,-10.48006327,21.05263158,3.2
10.40999985,-10.30491207,21.05263158,3.2
10.41899967,-10.14003721,21.05263158,3.2
10.42800045,-9.984426488,21.05263158,3.2
10.43700027,-9.837048657,21.05263158,3.2
10.4460001,-9.696869118,21.05263158,3.2
10.45499992,-9.562876257,21.05263158,3.2
10.46399975,-9.43410619,21.05263158,3.2
10.47299957,-9.309661644,21.05263158,3.2
10.48200035,-9.188745915,21.05263158,3.2
10.49100018,-9.070668861,21.05263158,3.2
10.5,-8.954874807,21.05263158,3.2
1.5,-0.798594271,24.31578947,0.8
1.508999944,-0.831132051,24.31578947,0.8
1.518000007,-0.865854565,24.31578947,0.8
1.52699995,-0.900302061,24.31578947,0.8
1.536000013,-0.931993705,24.31578947,0.8
1.544999957,-0.958680393,24.31578947,0.8
1.55400002,-0.978566168,24.31578947,0.8
1.562999964,-0.990515361,24.31578947,0.8
1.572000027,-0.994158187,24.31578947,0.8
1.58099997,-0.989936598,24.31578947,0.8
1.590000033,-0.979050277,24.31578947,0.8
1.598999977,-0.963325392,24.31578947,0.8
1.60800004,-0.945028217,24.31578947,0.8
1.616999984,-0.926630302,24.31578947,0.8
1.626000047,-0.910586721,24.31578947,0.8
1.63499999,-0.899107394,24.31578947,0.8
1.644000053,-0.893960346,24.31578947,0.8
1.652999997,-0.896328135,24.31578947,0.8
1.661999941,-0.90669377,24.31578947,0.8
1.671000004,-0.924805829,24.31578947,0.8
1.679999948,-0.94968017,24.31578947,0.8
1.68900001,-0.979685634,24.31578947,0.8
1.697999954,-1.012667452,24.31578947,0.8
1.707000017,-1.046143929,24.31578947,0.8
1.715999961,-1.077538344,24.31578947,0.8
1.725000024,-1.104415015,24.31578947,0.8
1.733999968,-1.124744324,24.31578947,0.8
1.743000031,-1.137096309,24.31578947,0.8
1.751999974,-1.140807359,24.31578947,0.8
1.761000037,-1.136043406,24.31578947,0.8
1.769999981,-1.123780655,24.31578947,0.8
1.779000044,-1.105697722,24.31578947,0.8
1.787999988,-1.083998821,24.31578947,0.8
1.797000051,-1.061191517,24.31578947,0.8
1.805999994,-1.039835394,24.31578947,0.8
1.815000057,-1.022311863,24.31578947,0.8
1.824000001,-1.010598275,24.31578947,0.8
1.832999945,-1.006106798,24.31578947,0.8
1.842000008,-1.009564693,24.31578947,0.8
1.850999951,-1.02094903,24.31578947,0.8
1.860000014,-1.039489477,24.31578947,0.8
1.868999958,-1.063735659,24.31578947,0.8
1.878000021,-1.091672521,24.31578947,0.8
1.886999965,-1.120901529,24.31578947,0.8
1.896000028,-1.148853525,24.31578947,0.8
1.904999971,-1.173031768,24.31578947,0.8
1.914000034,-1.191257506,24.31578947,0.8
1.922999978,-1.201885477,24.31578947,0.8
1.932000041,-1.203993563,24.31578947,0.8
1.940999985,-1.197465554,24.31578947,0.8
1.950000048,-1.1830072,24.31578947,0.8
1.958999991,-1.162077293,24.31578947,0.8
1.968000054,-1.136723646,24.31578947,0.8
1.976999998,-1.10937147,24.31578947,0.8
1.985999942,-1.082581981,24.31578947,0.8
1.995000005,-1.058800375,24.31578947,0.8
2.003999949,-1.040141212,24.31578947,0.8
2.013000011,-1.028190556,24.31578947,0.8
2.022000074,-1.02388767,24.31578947,0.8
2.030999899,-1.027444116,24.31578947,0.8
2.039999962,-1.038338797,24.31578947,0.8
2.049000025,-1.055359767,24.31578947,0.8
2.058000088,-1.076718833,24.31578947,0.8
2.066999912,-1.100200411,24.31578947,0.8
2.075999975,-1.123354636,24.31578947,0.8
2.085000038,-1.143728799,24.31578947,0.8
2.094000101,-1.159091879,24.31578947,0.8
2.102999926,-1.167664862,24.31578947,0.8
2.111999989,-1.168297987,24.31578947,0.8
2.121000051,-1.160601478,24.31578947,0.8
2.130000114,-1.14498424,24.31578947,0.8
2.138999939,-1.122621503,24.31578947,0.8
2.148000002,-1.095319105,24.31578947,0.8
2.157000065,-1.065331118,24.31578947,0.8
2.165999889,-1.035121557,24.31578947,0.8
2.174999952,-1.007129381,24.31578947,0.8
2.184000015,-0.983532458,24.31578947,0.8
2.193000078,-0.966054257,24.31578947,0.8
2.201999903,-0.955821709,24.31578947,0.8
2.210999966,-0.953287409,24.31578947,0.8
2.220000029,-0.958188718,24.31578947,0.8
2.229000092,-0.969586491,24.31578947,0.8
2.237999916,-0.985950454,24.31578947,0.8
2.246999979,-1.00528607,24.31578947,0.8
2.256000042,-1.025300597,24.31578947,0.8
2.265000105,-1.043609213,24.31578947,0.8
2.273999929,-1.057959448,24.31578947,0.8
2.282999992,-1.066436234,24.31578947,0.8
2.292000055,-1.067671224,24.31578947,0.8
2.301000118,-1.060986032,24.31578947,0.8
2.309999943,-1.046471248,24.31578947,0.8
2.319000006,-1.024996066,24.31578947,0.8
2.328000069,-0.998104322,24.31578947,0.8
2.336999893,-0.967869049,24.31578947,0.8
2.345999956,-0.936662283,24.31578947,0.8
2.355000019,-0.906930493,24.31578947,0.8
2.364000082,-0.880946206,24.31578947,0.8
2.372999907,-0.860606324,24.31578947,0.8
2.381999969,-0.847278452,24.31578947,0.8
2.391000032,-0.841678998,24.31578947,0.8
2.400000095,-0.843837668,24.31578947,0.8
2.40899992,-0.85309474,24.31578947,0.8
2.417999983,-0.868161581,24.31578947,0.8
2.427000046,-0.887219084,24.31578947,0.8
2.436000109,-0.908065763,24.31578947,0.8
2.444999933,-0.928294997,24.31578947,0.8
2.453999996,-0.94551189,24.31578947,0.8
2.463000059,-0.957553008,24.31578947,0.8
2.471999884,-0.962710517,24.31578947,0.8
2.480999947,-0.959923788,24.31578947,0.8
2.49000001,-0.948909157,24.31578947,0.8
2.499000072,-0.930219188,24.31578947,0.8
2.507999897,-0.905197227,24.31578947,0.8
2.51699996,-0.875847533,24.31578947,0.8
2.526000023,-0.844634368,24.31578947,0.8
2.535000086,-0.814226599,24.31578947,0.8
2.54399991,-0.787248035,24.31578947,0.8
2.552999973,-0.766024775,24.31578947,0.8
2.562000036,-0.752393145,24.31578947,0.8
2.571000099,-0.747552083,24.31578947,0.8
2.579999924,-0.751971185,24.31578947,0.8
2.588999987,-0.765359098,24.31578947,0.8
2.59800005,-0.786672236,24.31578947,0.8
2.607000113,-0.814186521,24.31578947,0.8
2.615999937,-0.845600979,24.31578947,0.8
2.625,-0.878201813,24.31578947,0.8
2.634000063,-0.909068962,24.31578947,0.8
2.642999887,-0.935337989,24.31578947,0.8
2.65199995,-0.954495098,24.31578947,0.8
2.661000013,-0.964671873,24.31578947,0.8
2.670000076,-0.964923506,24.31578947,0.8
2.678999901,-0.955423401,24.31578947,0.8
2.687999964,-0.937538277,24.31578947,0.8
2.697000027,-0.913778235,24.31578947,0.8
2.70600009,-0.887603655,24.31578947,0.8
2.714999914,-0.863150622,24.31578947,0.8
2.723999977,-0.844894245,24.31578947,0.8
2.73300004,-0.837331544,24.31578947,0.8
2.742000103,-0.84470591,24.31578947,0.8
2.750999928,-0.87080007,24.31578947,0.8
2.75999999,-0.918806196,24.31578947,0.8
2.769000053,-0.991252365,24.31578947,0.8
2.778000116,-1.089963578,24.31578947,0.8
2.786999941,-1.216025336,24.31578947,0.8
2.796000004,-1.369721285,24.31578947,0.8
2.805000067,-1.550417648,24.31578947,0.8
2.813999891,-1.756359341,24.31578947,0.8
2.822999954,-1.984367869,24.31578947,0.8
2.832000017,-2.229446661,24.31578947,0.8
2.84100008,-2.484310446,24.31578947,0.8
2.849999905,-2.738974562,24.31578947,0.8
2.858999968,-2.980567507,24.31578947,0.8
2.868000031,-3.193690469,24.31578947,0.8
2.877000093,-3.361638643,24.31578947,0.8
2.885999918,-3.468653369,24.31578947,0.8
2.894999981,-3.502917848,24.31578947,0.8
2.904000044,-3.45939362,24.31578947,0.8
2.913000107,-3.341353905,24.31578947,0.8
2.921999931,-3.159808119,24.31578947,0.8
2.930999994,-2.931085404,24.31578947,0.8
2.940000057,-2.673604594,24.31578947,0.8
2.948999882,-2.404959592,24.31578947,0.8
2.957999945,-2.140034584,24.31578947,0.8
2.967000008,-1.890178974,24.31578947,0.8
2.976000071,-1.663180037,24.31578947,0.8
2.984999895,-1.463689995,24.31578947,0.8
2.993999958,-1.293830399,24.31578947,0.8
3.003000021,-1.153779452,24.31578947,0.8
3.012000084,-1.042298172,24.31578947,0.8
3.020999908,-0.95713859,24.31578947,0.8
3.029999971,-0.895353696,24.31578947,0.8
3.039000034,-0.853545236,24.31578947,0.8
3.048000097,-0.828033871,24.31578947,0.8
3.056999922,-0.815030664,24.31578947,0.8
3.065999985,-0.810771763,24.31578947,0.8
3.075000048,-0.811677717,24.31578947,0.8
3.084000111,-0.81449743,24.31578947,0.8
3.092999935,-0.816472136,24.31578947,0.8
3.101999998,-0.815454253,24.31578947,0.8
3.111000061,-0.810015862,24.31578947,0.8
3.119999886,-0.799483883,24.31578947,0.8
3.128999949,-0.783910062,24.31578947,0.8
3.138000011,-0.76398557,24.31578947,0.8
3.147000074,-0.740889838,24.31578947,0.8
3.155999899,-0.716112139,24.31578947,0.8
3.164999962,-0.691265411,24.31578947,0.8
3.174000025,-0.667902295,24.31578947,0.8
3.183000088,-0.647385929,24.31578947,0.8
3.191999912,-0.630771121,24.31578947,0.8
3.200999975,-0.618739922,24.31578947,0.8
3.210000038,-0.61158134,24.31578947,0.8
3.219000101,-0.609194667,24.31578947,0.8
3.227999926,-0.611121258,24.31578947,0.8
3.236999989,-0.61660479,24.31578947,0.8
3.246000051,-0.624671523,24.31578947,0.8
3.255000114,-0.634213688,24.31578947,0.8
3.263999939,-0.644093325,24.31578947,0.8
3.273000002,-0.6532409,24.31578947,0.8
3.282000065,-0.660751161,24.31578947,0.8
3.290999889,-0.665959939,24.31578947,0.8
3.299999952,-0.668496532,24.31578947,0.8
3.309000015,-0.668313349,24.31578947,0.8
3.318000078,-0.665669844,24.31578947,0.8
3.326999903,-0.66109712,24.31578947,0.8
3.335999966,-0.655334473,24.31578947,0.8
3.345000029,-0.649242172,24.31578947,0.8
3.354000092,-0.643721214,24.31578947,0.8
3.362999916,-0.639625638,24.31578947,0.8
3.371999979,-0.637689408,24.31578947,0.8
3.381000042,-0.638466378,24.31578947,0.8
3.390000105,-0.642296558,24.31578947,0.8
3.398999929,-0.649284588,24.31578947,0.8
3.407999992,-0.659305469,24.31578947,0.8
3.417000055,-0.672020678,24.31578947,0.8
3.426000118,-0.686921373,24.31578947,0.8
3.434999943,-0.703377771,24.31578947,0.8
3.444000006,-0.720707233,24.31578947,0.8
3.453000069,-0.738241459,24.31578947,0.8
3.461999893,-0.755395227,24.31578947,0.8
3.470999956,-0.771737882,24.31578947,0.8
3.480000019,-0.787033127,24.31578947,0.8
3.489000082,-0.801277041,24.31578947,0.8
3.497999907,-0.814708047,24.31578947,0.8
3.506999969,-0.827788927,24.31578947,0.8
3.516000032,-0.841176268,24.31578947,0.8
3.525000095,-0.855667298,24.31578947,0.8
3.53399992,-0.872142637,24.31578947,0.8
3.542999983,-0.891500786,24.31578947,0.8
3.552000046,-0.914595934,24.31578947,0.8
3.561000109,-0.942188162,24.31578947,0.8
3.569999933,-0.974901023,24.31578947,0.8
3.578999996,-1.013197144,24.31578947,0.8
3.588000059,-1.057374716,24.31578947,0.8
3.596999884,-1.107572502,24.31578947,0.8
3.605999947,-1.163811291,24.31578947,0.8
3.61500001,-1.226033186,24.31578947,0.8
3.624000072,-1.294179633,24.31578947,0.8
3.632999897,-1.368278029,24.31578947,0.8
3.64199996,-1.448535674,24.31578947,0.8
3.651000023,-1.535441322,24.31578947,0.8
3.660000086,-1.629877715,24.31578947,0.8
3.66899991,-1.733212307,24.31578947,0.8
3.677999973,-1.847384649,24.31578947,0.8
3.687000036,-1.974993874,24.31578947,0.8
3.696000099,-2.119357406,24.31578947,0.8
3.704999924,-2.28458616,24.31578947,0.8
3.713999987,-2.475665045,24.31578947,0.8
3.72300005,-2.698548708,24.31578947,0.8
3.732000113,-2.960310388,24.31578947,0.8
3.740999937,-3.269338954,24.31578947,0.8
3.75,-3.635643091,24.31578947,0.8
3.759000063,-4.071265624,24.31578947,0.8
3.767999887,-4.590925596,24.31578947,0.8
3.77699995,-5.212958437,24.31578947,0.8
3.786000013,-5.960802712,24.31578947,0.8
3.795000076,-6.865433285,24.31578947,0.8
3.803999901,-7.969540345,24.31578947,0.8
3.812999964,-9.33519156,24.31578947,0.8
3.822000027,-11.05878421,24.31578947,0.8
3.83100009,-13.30214307,24.31578947,0.8
3.839999914,-16.35628195,24.31578947,0.8
3.848999977,-20.65701813,24.31578947,0.8
3.85800004,-24.33264447,24.31578947,0.8
3.867000103,-20.73462755,24.31578947,0.8
3.875999928,-16.50367912,24.31578947,0.8
3.88499999,-13.51488947,24.31578947,0.8
3.894000053,-11.33064869,24.31578947,0.8
3.903000116,-9.658456019,24.31578947,0.8
3.911999941,-8.335635109,24.31578947,0.8
3.921000004,-7.265540692,24.31578947,0.8
3.930000067,-6.386364043,24.31578947,0.8
3.938999891,-5.656082835,24.31578947,0.8
3.947999954,-5.044696536,24.31578947,0.8
3.957000017,-4.529913176,24.31578947,0.8
3.96600008,-4.094638712,24.31578947,0.8
3.974999905,-3.725394381,24.31578947,0.8
3.983999968,-3.411306395,24.31578947,0.8
3.993000031,-3.143421477,24.31578947,0.8
4.001999855,-2.914233963,24.31578947,0.8
4.011000156,-2.71736536,24.31578947,0.8
4.019999981,-2.547339187,24.31578947,0.8
4.028999805,-2.399434811,24.31578947,0.8
4.038000107,-2.269593177,24.31578947,0.8
4.046999931,-2.154352896,24.31578947,0.8
4.056000233,-2.050821157,24.31578947,0.8
4.065000057,-1.956650339,24.31578947,0.8
4.073999882,-1.870011718,24.31578947,0.8
4.083000183,-1.78956693,24.31578947,0.8
4.092000008,-1.714418599,24.31578947,0.8
4.100999832,-1.644058193,24.31578947,0.8
4.110000134,-1.578282866,24.31578947,0.8
4.118999958,-1.517124309,24.31578947,0.8
4.127999783,-1.460756071,24.31578947,0.8
4.137000084,-1.409413048,24.31578947,0.8
4.145999908,-1.363317446,24.31578947,0.8
4.15500021,-1.322612621,24.31578947,0.8
4.164000034,-1.287319583,24.31578947,0.8
4.172999859,-1.257292914,24.31578947,0.8
4.18200016,-1.232222096,24.31578947,0.8
4.190999985,-1.211617171,24.31578947,0.8
4.199999809,-1.194835672,24.31578947,0.8
4.209000111,-1.181114975,24.31578947,0.8
4.217999935,-1.169624015,24.31578947,0.8
4.227000237,-1.15951118,24.31578947,0.8
4.236000061,-1.14997991,24.31578947,0.8
4.244999886,-1.140339196,24.31578947,0.8
4.254000187,-1.130062456,24.31578947,0.8
4.263000011,-1.118828429,24.31578947,0.8
4.271999836,-1.106541472,24.31578947,0.8
4.281000137,-1.093331022,24.31578947,0.8
4.289999962,-1.079532124,24.31578947,0.8
4.298999786,-1.065650855,24.31578947,0.8
4.308000088,-1.052300122,24.31578947,0.8
4.316999912,-1.040150885,24.31578947,0.8
4.326000214,-1.029852083,24.31578947,0.8
4.335000038,-1.021979706,24.31578947,0.8
4.343999863,-1.016976706,24.31578947,0.8
4.353000164,-1.015108511,24.31578947,0.8
4.361999989,-1.016438163,24.31578947,0.8
4.370999813,-1.02080615,24.31578947,0.8
4.380000114,-1.027847167,24.31578947,0.8
4.388999939,-1.037004283,24.31578947,0.8
4.397999763,-1.047582764,24.31578947,0.8
4.407000065,-1.058799657,24.31578947,0.8
4.415999889,-1.069861007,24.31578947,0.8
4.425000191,-1.080034394,24.31578947,0.8
4.434000015,-1.088724395,24.31578947,0.8
4.44299984,-1.095530588,24.31578947,0.8
4.452000141,-1.100300187,24.31578947,0.8
4.460999966,-1.103143622,24.31578947,0.8
4.46999979,-1.104431246,24.31578947,0.8
4.479000092,-1.104769715,24.31578947,0.8
4.487999916,-1.104941904,24.31578947,0.8
4.497000217,-1.105842137,24.31578947,0.8
4.506000042,-1.108399953,24.31578947,0.8
4.514999866,-1.113493219,24.31578947,0.8
4.524000168,-1.121874254,24.31578947,0.8
4.532999992,-1.134098496,24.31578947,0.8
4.541999817,-1.150470416,24.31578947,0.8
4.551000118,-1.171007223,24.31578947,0.8
4.559999943,-1.195425685,24.31578947,0.8
4.568999767,-1.223159369,24.31578947,0.8
4.578000069,-1.253390668,24.31578947,0.8
4.586999893,-1.285128092,24.31578947,0.8
4.596000195,-1.317292607,24.31578947,0.8
4.605000019,-1.348822111,24.31578947,0.8
4.613999844,-1.378789662,24.31578947,0.8
4.623000145,-1.406515723,24.31578947,0.8
4.631999969,-1.431653558,24.31578947,0.8
4.640999794,-1.45425576,24.31578947,0.8
4.650000095,-1.474796675,24.31578947,0.8
4.65899992,-1.494161102,24.31578947,0.8
4.668000221,-1.513584511,24.31578947,0.8
4.677000046,-1.534571934,24.31578947,0.8
4.68599987,-1.558785921,24.31578947,0.8
4.695000172,-1.587915512,24.31578947,0.8
4.703999996,-1.623558847,24.31578947,0.8
4.712999821,-1.667090518,24.31578947,0.8
4.722000122,-1.719557431,24.31578947,0.8
4.730999947,-1.781584332,24.31578947,0.8
4.739999771,-1.853320335,24.31578947,0.8
4.749000072,-1.934414731,24.31578947,0.8
4.757999897,-2.024052025,24.31578947,0.8
4.767000198,-2.121022851,24.31578947,0.8
4.776000023,-2.223861964,24.31578947,0.8
4.784999847,-2.331046548,24.31578947,0.8
4.794000149,-2.44121754,24.31578947,0.8
4.802999973,-2.553447691,24.31578947,0.8
4.811999798,-2.667496373,24.31578947,0.8
4.821000099,-2.784033235,24.31578947,0.8
4.829999924,-2.904830629,24.31578947,0.8
4.839000225,-3.032852496,24.31578947,0.8
4.84800005,-3.172303955,24.31578947,0.8
4.856999874,-3.328582292,24.31578947,0.8
4.866000175,-3.508198958,24.31578947,0.8
4.875,-3.718656253,24.31578947,0.8
4.883999825,-3.968334568,24.31578947,0.8
4.893000126,-4.266398828,24.31578947,0.8
4.90199995,-4.62275735,24.31578947,0.8
4.910999775,-5.048117919,24.31578947,0.8
4.920000076,-5.554169188,24.31578947,0.8
4.928999901,-6.153957567,24.31578947,0.8
4.938000202,-6.862544374,24.31578947,0.8
4.947000027,-7.698087566,24.31578947,0.8
4.955999851,-8.683516023,24.31578947,0.8
4.965000153,-9.849111657,24.31578947,0.8
4.973999977,-11.23627545,24.31578947,0.8
4.982999802,-12.90214449,24.31578947,0.8
4.992000103,-14.92029045,24.31578947,0.8
5.000999928,-17.3461427,24.31578947,0.8
5.010000229,-19.97654257,24.31578947,0.8
5.019000053,-21.51127615,24.31578947,0.8
5.027999878,-20.3372594,24.31578947,0.8
5.037000179,-17.87432847,24.31578947,0.8
5.046000004,-15.55392303,24.31578947,0.8
5.054999828,-13.63126011,24.31578947,0.8
5.06400013,-12.05582995,24.31578947,0.8
5.072999954,-10.75104558,24.31578947,0.8
5.081999779,-9.656633236,24.31578947,0.8
5.09100008,-8.729209441,24.31578947,0.8
5.099999905,-7.937720303,24.31578947,0.8
5.109000206,-7.259656017,24.31578947,0.8
5.118000031,-6.678336106,24.31578947,0.8
5.126999855,-6.18110277,24.31578947,0.8
5.136000156,-5.75802781,24.31578947,0.8
5.144999981,-5.401036939,24.31578947,0.8
5.153999805,-5.103233633,24.31578947,0.8
5.163000107,-4.858429383,24.31578947,0.8
5.171999931,-4.660795073,24.31578947,0.8
5.181000233,-4.50463924,24.31578947,0.8
5.190000057,-4.384287994,24.31578947,0.8
5.198999882,-4.294054275,24.31578947,0.8
5.208000183,-4.228312256,24.31578947,0.8
5.217000008,-4.181627333,24.31578947,0.8
5.225999832,-4.148950445,24.31578947,0.8
5.235000134,-4.12582368,24.31578947,0.8
5.243999958,-4.108579744,24.31578947,0.8
5.252999783,-4.094500446,24.31578947,0.8
5.262000084,-4.081896379,24.31578947,0.8
5.270999908,-4.070121645,24.31578947,0.8
5.28000021,-4.059480482,24.31578947,0.8
5.289000034,-4.051079172,24.31578947,0.8
5.297999859,-4.046610472,24.31578947,0.8
5.30700016,-4.048131617,24.31578947,0.8
5.315999985,-4.057810376,24.31578947,0.8
5.324999809,-4.077721826,24.31578947,0.8
5.334000111,-4.109674791,24.31578947,0.8
5.342999935,-4.155073108,24.31578947,0.8
5.352000237,-4.214854048,24.31578947,0.8
5.361000061,-4.289457668,24.31578947,0.8
5.369999886,-4.378858204,24.31578947,0.8
5.379000187,-4.482643231,24.31578947,0.8
5.388000011,-4.600120992,24.31578947,0.8
5.396999836,-4.730466584,24.31578947,0.8
5.406000137,-4.872875737,24.31578947,0.8
5.414999962,-5.026735461,24.31578947,0.8
5.423999786,-5.191770012,24.31578947,0.8
5.433000088,-5.368182409,24.31578947,0.8
5.441999912,-5.556759586,24.31578947,0.8
5.451000214,-5.758932963,24.31578947,0.8
5.460000038,-5.976809048,24.31578947,0.8
5.468999863,-6.213153973,24.31578947,0.8
5.478000164,-6.471361572,24.31578947,0.8
5.486999989,-6.755401683,24.31578947,0.8
5.495999813,-7.06976958,24.31578947,0.8
5.505000114,-7.419472167,24.31578947,0.8
5.513999939,-7.810042151,24.31578947,0.8
5.522999763,-8.247615629,24.31578947,0.8
5.532000065,-8.739084224,24.31578947,0.8
5.540999889,-9.292336847,24.31578947,0.8
5.550000191,-9.916607465,24.31578947,0.8
5.559000015,-10.62296045,24.31578947,0.8
5.56799984,-11.42492212,24.31578947,0.8
5.577000141,-12.33924935,24.31578947,0.8
5.585999966,-13.38668315,24.31578947,0.8
5.59499979,-14.59211453,24.31578947,0.8
5.604000092,-15.98198449,24.31578947,0.8
5.612999916,-17.57162332,24.31578947,0.8
5.622000217,-19.31900908,24.31578947,0.8
5.631000042,-20.98919878,24.31578947,0.8
5.639999866,-21.95579792,24.31578947,0.8
5.649000168,-21.56357338,24.31578947,0.8
5.657999992,-20.09977588,24.31578947,0.8
5.666999817,-18.32088211,24.31578947,0.8
5.676000118,-16.62944045,24.31578947,0.8
5.684999943,-15.13295806,24.31578947,0.8
5.693999767,-13.83352804,24.31578947,0.8
5.703000069,-12.70709181,24.31578947,0.8
5.711999893,-11.72707826,24.31578947,0.8
5.721000195,-10.87019514,24.31578947,0.8
5.730000019,-10.11714658,24.31578947,0.8
5.738999844,-9.452080497,24.31578947,0.8
5.748000145,-8.861875487,24.31578947,0.8
5.756999969,-8.335538978,24.31578947,0.8
5.765999794,-7.863760143,24.31578947,0.8
5.775000095,-7.438605715,24.31578947,0.8
5.78399992,-7.053306874,24.31578947,0.8
5.793000221,-6.702126916,24.31578947,0.8
5.802000046,-6.380255385,24.31578947,0.8
5.81099987,-6.083741139,24.31578947,0.8
5.820000172,-5.809409359,24.31578947,0.8
5.828999996,-5.554779931,24.31578947,0.8
5.837999821,-5.317975432,24.31578947,0.8
5.847000122,-5.097609078,24.31578947,0.8
5.855999947,-4.89267724,24.31578947,0.8
5.864999771,-4.702437866,24.31578947,0.8
5.874000072,-4.526298506,24.31578947,0.8
5.882999897,-4.363719114,24.31578947,0.8
5.892000198,-4.21412983,24.31578947,0.8
5.901000023,-4.076869469,24.31578947,0.8
5.909999847,-3.9511448,24.31578947,0.8
5.919000149,-3.836029681,24.31578947,0.8
5.927999973,-3.730461169,24.31578947,0.8
5.936999798,-3.63327939,24.31578947,0.8
5.946000099,-3.543264804,24.31578947,0.8
5.954999924,-3.459199641,24.31578947,0.8
5.964000225,-3.379930342,24.31578947,0.8
5.97300005,-3.304412685,24.31578947,0.8
5.981999874,-3.231779457,24.31578947,0.8
5.991000175,-3.16136463,24.31578947,0.8
6,-3.092737304,24.31578947,0.8
6.008999825,-3.025696147,24.31578947,0.8
6.018000126,-2.960252016,24.31578947,0.8
6.02699995,-2.896600657,24.31578947,0.8
6.035999775,-2.835065422,24.31578947,0.8
6.045000076,-2.776043935,24.31578947,0.8
6.053999901,-2.719950683,24.31578947,0.8
6.063000202,-2.667156279,24.31578947,0.8
6.072000027,-2.61794151,24.31578947,0.8
6.080999851,-2.572459057,24.31578947,0.8
6.090000153,-2.530714243,24.31578947,0.8
6.098999977,-2.492553599,24.31578947,0.8
6.107999802,-2.457679976,24.31578947,0.8
6.117000103,-2.425667464,24.31578947,0.8
6.125999928,-2.395999999,24.31578947,0.8
6.135000229,-2.368112833,24.31578947,0.8
6.144000053,-2.341433202,24.31578947,0.8
6.152999878,-2.315430627,24.31578947,0.8
6.162000179,-2.289656747,24.31578947,0.8
6.171000004,-2.26378202,24.31578947,0.8
6.179999828,-2.237614726,24.31578947,0.8
6.18900013,-2.211110357,24.31578947,0.8
6.197999954,-2.184373498,24.31578947,0.8
6.206999779,-2.157629772,24.31578947,0.8
6.21600008,-2.131207892,24.31578947,0.8
6.224999905,-2.105492966,24.31578947,0.8
6.234000206,-2.08088458,24.31578947,0.8
6.243000031,-2.05776657,24.31578947,0.8
6.251999855,-2.036459557,24.31578947,0.8
6.261000156,-2.017191608,24.31578947,0.8
6.269999981,-2.000083291,24.31578947,0.8
6.278999805,-1.985133339,24.31578947,0.8
6.288000107,-1.972221806,24.31578947,0.8
6.296999931,-1.961126794,24.31578947,0.8
6.306000233,-1.951535464,24.31578947,0.8
6.315000057,-1.943086704,24.31578947,0.8
6.323999882,-1.935393836,24.31578947,0.8
6.333000183,-1.928084832,24.31578947,0.8
6.342000008,-1.920837102,24.31578947,0.8
6.350999832,-1.913403589,24.31578947,0.8
6.360000134,-1.905636439,24.31578947,0.8
6.368999958,-1.897499706,24.31578947,0.8
6.377999783,-1.889074368,24.31578947,0.8
6.387000084,-1.88054103,24.31578947,0.8
6.395999908,-1.872172354,24.31578947,0.8
6.40500021,-1.86429989,24.31578947,0.8
6.414000034,-1.857284666,24.31578947,0.8
6.422999859,-1.851488576,24.31578947,0.8
6.43200016,-1.847236735,24.31578947,0.8
6.440999985,-1.844796359,24.31578947,0.8
6.449999809,-1.844354178,24.31578947,0.8
6.459000111,-1.846006336,24.31578947,0.8
6.467999935,-1.849751254,24.31578947,0.8
6.477000237,-1.85549762,24.31578947,0.8
6.486000061,-1.863079532,24.31578947,0.8
6.494999886,-1.872273013,24.31578947,0.8
6.504000187,-1.88282876,24.31578947,0.8
6.513000011,-1.894490302,24.31578947,0.8
6.521999836,-1.907038109,24.31578947,0.8
6.531000137,-1.920305773,24.31578947,0.8
6.539999962,-1.934209147,24.31578947,0.8
6.548999786,-1.948762676,24.31578947,0.8
6.558000088,-1.964087508,24.31578947,0.8
6.566999912,-1.980411171,24.31578947,0.8
6.576000214,-1.998061462,24.31578947,0.8
6.585000038,-2.017444767,24.31578947,0.8
6.593999863,-2.039033397,24.31578947,0.8
6.603000164,-2.063331433,24.31578947,0.8
6.611999989,-2.0908504,24.31578947,0.8
6.620999813,-2.122094837,24.31578947,0.8
6.630000114,-2.157530435,24.31578947,0.8
6.638999939,-2.197578307,24.31578947,0.8
6.647999763,-2.242606748,24.31578947,0.8
6.657000065,-2.292932634,24.31578947,0.8
6.665999889,-2.348835495,24.31578947,0.8
6.675000191,-2.410569146,24.31578947,0.8
6.684000015,-2.478395524,24.31578947,0.8
6.69299984,-2.552608621,24.31578947,0.8
6.702000141,-2.633581266,24.31578947,0.8
6.710999966,-2.7217976,24.31578947,0.8
6.71999979,-2.817895636,24.31578947,0.8
6.729000092,-2.9227141,24.31578947,0.8
6.737999916,-3.037320657,24.31578947,0.8
6.747000217,-3.163056995,24.31578947,0.8
6.756000042,-3.301568478,24.31578947,0.8
6.764999866,-3.454827691,24.31578947,0.8
6.774000168,-3.625170688,24.31578947,0.8
6.782999992,-3.815327169,24.31578947,0.8
6.791999817,-4.02844885,24.31578947,0.8
6.801000118,-4.268163845,24.31578947,0.8
6.809999943,-4.538628389,24.31578947,0.8
6.818999767,-4.844614916,24.31578947,0.8
6.828000069,-5.191608217,24.31578947,0.8
6.836999893,-5.585954692,24.31578947,0.8
6.846000195,-6.03504426,24.31578947,0.8
6.855000019,-6.547554067,24.31578947,0.8
6.863999844,-7.133775054,24.31578947,0.8
6.873000145,-7.806016394,24.31578947,0.8
6.881999969,-8.579094753,24.31578947,0.8
6.890999794,-9.470861119,24.31578947,0.8
6.900000095,-10.50243904,24.31578947,0.8
6.90899992,-11.6972343,24.31578947,0.8
6.918000221,-13.075584,24.31578947,0.8
6.927000046,-14.63533308,24.31578947,0.8
6.93599987,-16.29173491,24.31578947,0.8
6.945000172,-17.73710144,24.31578947,0.8
6.953999996,-18.35390496,24.31578947,0.8
6.962999821,-17.74357062,24.31578947,0.8
6.972000122,-16.32324981,24.31578947,0.8
6.980999947,-14.70415061,24.31578947,0.8
6.989999771,-13.18445751,24.31578947,0.8
6.999000072,-11.84449362,24.31578947,0.8
7.007999897,-10.6847794,24.31578947,0.8
7.017000198,-9.684389808,24.31578947,0.8
7.026000023,-8.819705515,24.31578947,0.8
7.034999847,-8.069559884,24.31578947,0.8
7.044000149,-7.416176805,24.31578947,0.8
7.052999973,-6.844889498,24.31578947,0.8
7.061999798,-6.343624326,24.31578947,0.8
7.071000099,-5.90240196,24.31578947,0.8
7.079999924,-5.51291651,24.31578947,0.8
7.089000225,-5.168214355,24.31578947,0.8
7.09800005,-4.862429765,24.31578947,0.8
7.106999874,-4.590583832,24.31578947,0.8
7.116000175,-4.3484286,24.31578947,0.8
7.125,-4.132318823,24.31578947,0.8
7.133999825,-3.939108631,24.31578947,0.8
7.143000126,-3.76607051,24.31578947,0.8
7.15199995,-3.610831031,24.31578947,0.8
7.160999775,-3.471313102,24.31578947,0.8
7.170000076,-3.345695025,24.31578947,0.8
7.178999901,-3.232380741,24.31578947,0.8
7.188000202,-3.129966191,24.31578947,0.8
7.197000027,-3.037228923,24.31578947,0.8
7.205999851,-2.953106303,24.31578947,0.8
7.215000153,-2.876688666,24.31578947,0.8
7.223999977,-2.807204216,24.31578947,0.8
7.232999802,-2.744015206,24.31578947,0.8
7.242000103,-2.686613773,24.31578947,0.8
7.250999928,-2.634598436,24.31578947,0.8
7.260000229,-2.587673922,24.31578947,0.8
7.269000053,-2.545635249,24.31578947,0.8
7.277999878,-2.508346964,24.31578947,0.8
7.287000179,-2.475730647,24.31578947,0.8
7.296000004,-2.447740528,24.31578947,0.8
7.304999828,-2.424355194,24.31578947,0.8
7.31400013,-2.405552866,24.31578947,0.8
7.322999954,-2.391297807,24.31578947,0.8
7.331999779,-2.381533083,24.31578947,0.8
7.34100008,-2.376175302,24.31578947,0.8
7.349999905,-2.375108149,24.31578947,0.8
7.359000206,-2.378194091,24.31578947,0.8
7.368000031,-2.385281982,24.31578947,0.8
7.376999855,-2.396227275,24.31578947,0.8
7.386000156,-2.410905188,24.31578947,0.8
7.394999981,-2.429244657,24.31578947,0.8
7.403999805,-2.451246676,24.31578947,0.8
7.413000107,-2.477008761,24.31578947,0.8
7.421999931,-2.506746614,24.31578947,0.8
7.431000233,-2.540802506,24.31578947,0.8
7.440000057,-2.579660652,24.31578947,0.8
7.448999882,-2.623929134,24.31578947,0.8
7.458000183,-2.674330294,24.31578947,0.8
7.467000008,-2.731676404,24.31578947,0.8
7.475999832,-2.796819316,24.31578947,0.8
7.485000134,-2.870602756,24.31578947,0.8
7.493999958,-2.953801061,24.31578947,0.8
7.502999783,-3.047039628,24.31578947,0.8
7.512000084,-3.15070606,24.31578947,0.8
7.520999908,-3.264858219,24.31578947,0.8
7.53000021,-3.38910923,24.31578947,0.8
7.539000034,-3.522521938,24.31578947,0.8
7.547999859,-3.663501715,24.31578947,0.8
7.55700016,-3.809700029,24.31578947,0.8
7.565999985,-3.957954798,24.31578947,0.8
7.574999809,-4.10430447,24.31578947,0.8
7.584000111,-4.244059171,24.31578947,0.8
7.592999935,-4.372029028,24.31578947,0.8
7.602000237,-4.482830528,24.31578947,0.8
7.611000061,-4.571348027,24.31578947,0.8
7.619999886,-4.633227346,24.31578947,0.8
7.629000187,-4.665377338,24.31578947,0.8
7.638000011,-4.666331219,24.31578947,0.8
7.646999836,-4.636433607,24.31578947,0.8
7.656000137,-4.577764649,24.31578947,0.8
7.664999962,-4.493853115,24.31578947,0.8
7.673999786,-4.389242042,24.31578947,0.8
7.683000088,-4.268995655,24.31578947,0.8
7.691999912,-4.13824186,24.31578947,0.8
7.701000214,-4.001810886,24.31578947,0.8
7.710000038,-3.863989774,24.31578947,0.8
7.718999863,-3.728383992,24.31578947,0.8
7.728000164,-3.597871766,24.31578947,0.8
7.736999989,-3.474623002,24.31578947,0.8
7.745999813,-3.360161229,24.31578947,0.8
7.755000114,-3.255437595,24.31578947,0.8
7.763999939,-3.160920719,24.31578947,0.8
7.772999763,-3.07667611,24.31578947,0.8
7.782000065,-3.002456872,24.31578947,0.8
7.790999889,-2.937770999,24.31578947,0.8
7.800000191,-2.881952881,24.31578947,0.8
7.809000015,-2.834232412,24.31578947,0.8
7.81799984,-2.793785191,24.31578947,0.8
7.827000141,-2.75978956,24.31578947,0.8
7.835999966,-2.731465987,24.31578947,0.8
7.84499979,-2.708120077,24.31578947,0.8
7.854000092,-2.689161821,24.31578947,0.8
7.862999916,-2.674125664,24.31578947,0.8
7.872000217,-2.662676616,24.31578947,0.8
7.881000042,-2.654601989,24.31578947,0.8
7.889999866,-2.649801501,24.31578947,0.8
7.899000168,-2.648264423,24.31578947,0.8
7.907999992,-2.650041049,24.31578947,0.8
7.916999817,-2.655221782,24.31578947,0.8
7.926000118,-2.663904079,24.31578947,0.8
7.934999943,-2.676170614,24.31578947,0.8
7.943999767,-2.69206699,24.31578947,0.8
7.953000069,-2.711592559,24.31578947,0.8
7.961999893,-2.734689455,24.31578947,0.8
7.971000195,-2.761247256,24.31578947,0.8
7.980000019,-2.791106717,24.31578947,0.8
7.988999844,-2.824076891,24.31578947,0.8
7.998000145,-2.859953452,24.31578947,0.8
8.006999969,-2.898535788,24.31578947,0.8
8.015999794,-2.939654232,24.31578947,0.8
8.024999619,-2.983182714,24.31578947,0.8
8.034000397,-3.029064951,24.31578947,0.8
8.043000221,-3.077312491,24.31578947,0.8
8.052000046,-3.128021627,24.31578947,0.8
8.06099987,-3.181363033,24.31578947,0.8
8.069999695,-3.237574193,24.31578947,0.8
8.079000473,-3.296949226,24.31578947,0.8
8.088000298,-3.359814061,24.31578947,0.8
8.097000122,-3.426513718,24.31578947,0.8
8.105999947,-3.497379492,24.31578947,0.8
8.114999771,-3.572722194,24.31578947,0.8
8.123999596,-3.652809135,24.31578947,0.8
8.133000374,-3.737854786,24.31578947,0.8
8.142000198,-3.828016183,24.31578947,0.8
8.151000023,-3.923396017,24.31578947,0.8
8.159999847,-4.024050829,24.31578947,0.8
8.168999672,-4.130003973,24.31578947,0.8
8.17800045,-4.241272261,24.31578947,0.8
8.187000275,-4.357875282,24.31578947,0.8
8.196000099,-4.479873026,24.31578947,0.8
8.204999924,-4.607380174,24.31578947,0.8
8.213999748,-4.740588589,24.31578947,0.8
8.222999573,-4.879777121,24.31578947,0.8
8.232000351,-5.025330143,24.31578947,0.8
8.241000175,-5.177723961,24.31578947,0.8
8.25,-5.337527938,24.31578947,0.8
8.258999825,-5.505392066,24.31578947,0.8
8.267999649,-5.682019359,24.31578947,0.8
8.277000427,-5.868150601,24.31578947,0.8
8.286000252,-6.064531913,24.31578947,0.8
8.295000076,-6.27189461,24.31578947,0.8
8.303999901,-6.490928787,24.31578947,0.8
8.312999725,-6.722264514,24.31578947,0.8
8.32199955,-6.966459971,24.31578947,0.8
8.331000328,-7.223988172,24.31578947,0.8
8.340000153,-7.495234177,24.31578947,0.8
8.348999977,-7.780503702,24.31578947,0.8
8.357999802,-8.080020279,24.31578947,0.8
8.366999626,-8.393934511,24.31578947,0.8
8.376000404,-8.722327806,24.31578947,0.8
8.385000229,-9.065214345,24.31578947,0.8
8.394000053,-9.422519345,24.31578947,0.8
8.402999878,-9.794062677,24.31578947,0.8
8.411999702,-10.17950004,24.31578947,0.8
8.420999527,-10.57824255,24.31578947,0.8
8.430000305,-10.98933846,24.31578947,0.8
8.43900013,-11.41132503,24.31578947,0.8
8.447999954,-11.8420225,24.31578947,0.8
8.456999779,-12.27827215,24.31578947,0.8
8.465999603,-12.71567684,24.31578947,0.8
8.475000381,-13.1482844,24.31578947,0.8
8.484000206,-13.56835186,24.31578947,0.8
8.493000031,-13.96624563,24.31578947,0.8
8.501999855,-14.33056966,24.31578947,0.8
8.51099968,-14.64876103,24.31578947,0.8
8.520000458,-14.90813292,24.31578947,0.8
8.529000282,-15.09740322,24.31578947,0.8
8.538000107,-15.20842071,24.31578947,0.8
8.546999931,-15.23760266,24.31578947,0.8
8.555999756,-15.18662472,24.31578947,0.8
8.56499958,-15.06209881,24.31578947,0.8
8.574000359,-14.87434705,24.31578947,0.8
8.583000183,-14.6357293,24.31578947,0.8
8.592000008,-14.35902592,24.31578947,0.8
8.600999832,-14.05619765,24.31578947,0.8
8.609999657,-13.73764868,24.31578947,0.8
8.619000435,-13.41194377,24.31578947,0.8
8.628000259,-13.08582316,24.31578947,0.8
8.637000084,-12.76440202,24.31578947,0.8
8.645999908,-12.45142969,24.31578947,0.8
8.654999733,-12.14956658,24.31578947,0.8
8.663999557,-11.86062823,24.31578947,0.8
8.673000336,-11.58578766,24.31578947,0.8
8.68200016,-11.32574412,24.31578947,0.8
8.690999985,-11.08084556,24.31578947,0.8
8.699999809,-10.85118822,24.31578947,0.8
8.708999634,-10.63667834,24.31578947,0.8
8.718000412,-10.4370882,24.31578947,0.8
8.727000237,-10.2520873,24.31578947,0.8
8.736000061,-10.08126499,24.31578947,0.8
8.744999886,-9.924147511,24.31578947,0.8
8.75399971,-9.780206932,24.31578947,0.8
8.762999535,-9.648863088,24.31578947,0.8
8.772000313,-9.52949204,24.31578947,0.8
8.781000137,-9.421428377,24.31578947,0.8
8.789999962,-9.323966065,24.31578947,0.8
8.798999786,-9.236367885,24.31578947,0.8
8.807999611,-9.157870322,24.31578947,0.8
8.817000389,-9.087691131,24.31578947,0.8
8.826000214,-9.0250427,24.31578947,0.8
8.835000038,-8.969142199,24.31578947,0.8
8.843999863,-8.919228722,24.31578947,0.8
8.852999687,-8.874572646,24.31578947,0.8
8.862000465,-8.834494171,24.31578947,0.8
8.87100029,-8.798369532,24.31578947,0.8
8.880000114,-8.765642703,24.31578947,0.8
8.888999939,-8.735824856,24.31578947,0.8
8.897999763,-8.708500442,24.31578947,0.8
8.906999588,-8.683319469,24.31578947,0.8
8.916000366,-8.659985655,24.31578947,0.8
8.925000191,-8.638247458,24.31578947,0.8
8.934000015,-8.617878009,24.31578947,0.8
8.94299984,-8.598665129,24.31578947,0.8
8.951999664,-8.58038046,24.31578947,0.8
8.961000443,-8.562779503,24.31578947,0.8
8.970000267,-8.545572571,24.31578947,0.8
8.979000092,-8.528428585,24.31578947,0.8
8.987999916,-8.51095957,24.31578947,0.8
8.996999741,-8.492727996,24.31578947,0.8
9.005999565,-8.473261631,24.31578947,0.8
9.015000343,-8.452051349,24.31578947,0.8
9.024000168,-8.428580732,24.31578947,0.8
9.032999992,-8.402349566,24.31578947,0.8
9.041999817,-8.372896373,24.31578947,0.8
9.050999641,-8.339822098,24.31578947,0.8
9.06000042,-8.302817153,24.31578947,0.8
9.069000244,-8.26168503,24.31578947,0.8
9.078000069,-8.216338408,24.31578947,0.8
9.086999893,-8.166832999,24.31578947,0.8
9.095999718,-8.113343232,24.31578947,0.8
9.104999542,-8.056166931,24.31578947,0.8
9.11400032,-7.995698833,24.31578947,0.8
9.123000145,-7.932418247,24.31578947,0.8
9.131999969,-7.866864169,24.31578947,0.8
9.140999794,-7.799585804,24.31578947,0.8
9.149999619,-7.731143412,24.31578947,0.8
9.159000397,-7.662064723,24.31578947,0.8
9.168000221,-7.592824015,24.31578947,0.8
9.177000046,-7.523832518,24.31578947,0.8
9.18599987,-7.455424388,24.31578947,0.8
9.194999695,-7.387855533,24.31578947,0.8
9.204000473,-7.321301166,24.31578947,0.8
9.213000298,-7.255874985,24.31578947,0.8
9.222000122,-7.191636103,24.31578947,0.8
9.230999947,-7.128607112,24.31578947,0.8
9.239999771,-7.066797992,24.31578947,0.8
9.248999596,-7.006214618,24.31578947,0.8
9.258000374,-6.946886961,24.31578947,0.8
9.267000198,-6.888881697,24.31578947,0.8
9.276000023,-6.832302989,24.31578947,0.8
9.284999847,-6.777312229,24.31578947,0.8
9.293999672,-6.724120901,24.31578947,0.8
9.30300045,-6.672988578,24.31578947,0.8
9.312000275,-6.62421652,24.31578947,0.8
9.321000099,-6.578137656,24.31578947,0.8
9.329999924,-6.535104348,24.31578947,0.8
9.338999748,-6.495478401,24.31578947,0.8
9.347999573,-6.459617478,24.31578947,0.8
9.357000351,-6.427869167,24.31578947,0.8
9.366000175,-6.400561647,24.31578947,0.8
9.375,-6.378005773,24.31578947,0.8
9.383999825,-6.360486886,24.31578947,0.8
9.392999649,-6.348275504,24.31578947,0.8
9.402000427,-6.341623518,24.31578947,0.8
9.411000252,-6.340777836,24.31578947,0.8
9.420000076,-6.345982673,24.31578947,0.8
9.428999901,-6.357487455,24.31578947,0.8
9.437999725,-6.375546695,24.31578947,0.8
9.44699955,-6.40042484,24.31578947,0.8
9.456000328,-6.432393556,24.31578947,0.8
9.465000153,-6.471724059,24.31578947,0.8
9.473999977,-6.518679301,24.31578947,0.8
9.482999802,-6.573495278,24.31578947,0.8
9.491999626,-6.636364585,24.31578947,0.8
9.501000404,-6.707409626,24.31578947,0.8
9.510000229,-6.786656614,24.31578947,0.8
9.519000053,-6.873998208,24.31578947,0.8
9.527999878,-6.96916684,24.31578947,0.8
9.536999702,-7.071693054,24.31578947,0.8
9.545999527,-7.180877186,24.31578947,0.8
9.555000305,-7.295760884,24.31578947,0.8
9.56400013,-7.415105376,24.31578947,0.8
9.572999954,-7.537396279,24.31578947,0.8
9.581999779,-7.660858072,24.31578947,0.8
9.590999603,-7.783501314,24.31578947,0.8
9.600000381,-7.903201186,24.31578947,0.8
9.609000206,-8.017806927,24.31578947,0.8
9.618000031,-8.125284507,24.31578947,0.8
9.626999855,-8.223869862,24.31578947,0.8
9.63599968,-8.312233671,24.31578947,0.8
9.645000458,-8.389615595,24.31578947,0.8
9.654000282,-8.455929841,24.31578947,0.8
9.663000107,-8.511806928,24.31578947,0.8
9.671999931,-8.558571512,24.31578947,0.8
9.680999756,-8.59816404,24.31578947,0.8
9.68999958,-8.633009009,24.31578947,0.8
9.699000359,-8.665858191,24.31578947,0.8
9.708000183,-8.699628567,24.31578947,0.8
9.717000008,-8.73724705,24.31578947,0.8
9.725999832,-8.781521489,24.31578947,0.8
9.734999657,-8.835037382,24.31578947,0.8
9.744000435,-8.900081342,24.31578947,0.8
9.753000259,-8.978600829,24.31578947,0.8
9.762000084,-9.072163374,24.31578947,0.8
9.770999908,-9.181933109,24.31578947,0.8
9.779999733,-9.308666041,24.31578947,0.8
9.788999557,-9.452683063,24.31578947,0.8
9.798000336,-9.613858928,24.31578947,0.8
9.80700016,-9.791596697,24.31578947,0.8
9.815999985,-9.984805755,24.31578947,0.8
9.824999809,-10.19186951,24.31578947,0.8
9.833999634,-10.41062702,24.31578947,0.8
9.843000412,-10.63834102,24.31578947,0.8
9.852000237,-10.87170734,24.31578947,0.8
9.861000061,-11.10684646,24.31578947,0.8
9.869999886,-11.33930806,24.31578947,0.8
9.87899971,-11.56417815,24.31578947,0.8
9.887999535,-11.77612866,24.31578947,0.8
9.897000313,-11.96957763,24.31578947,0.8
9.906000137,-12.13888513,24.31578947,0.8
9.914999962,-12.27859689,24.31578947,0.8
9.923999786,-12.3837664,24.31578947,0.8
9.932999611,-12.45028711,24.31578947,0.8
9.942000389,-12.47523386,24.31578947,0.8
9.951000214,-12.45712926,24.31578947,0.8
9.960000038,-12.3961327,24.31578947,0.8
9.968999863,-12.29402518,24.31578947,0.8
9.977999687,-12.15408382,24.31578947,0.8
9.987000465,-11.98075365,24.31578947,0.8
9.99600029,-11.77927439,24.31578947,0.8
10.00500011,-11.5552157,24.31578947,0.8
10.01399994,-11.31407779,24.31578947,0.8
10.02299976,-11.06096171,24.31578947,0.8
10.03199959,-10.80030437,24.31578947,0.8
10.04100037,-10.53575855,24.31578947,0.8
10.05000019,-10.2701336,24.31578947,0.8
10.05900002,-10.00543516,24.31578947,0.8
10.06799984,-9.742953639,24.31578947,0.8
10.07699966,-9.483390238,24.31578947,0.8
10.08600044,-9.227026621,24.31578947,0.8
10.09500027,-8.973877086,24.31578947,0.8
10.10400009,-8.72384493,24.31578947,0.8
10.11299992,-8.47687657,24.31578947,0.8
10.12199974,-8.233044611,24.31578947,0.8
10.13099957,-7.992645663,24.31578947,0.8
10.14000034,-7.756212224,24.31578947,0.8
10.14900017,-7.524513971,24.31578947,0.8
10.15799999,-7.298505968,24.31578947,0.8
10.16699982,-7.079264125,24.31578947,0.8
10.17599964,-6.867893176,24.31578947,0.8
10.18500042,-6.665434985,24.31578947,0.8
10.19400024,-6.472778755,24.31578947,0.8
10.20300007,-6.290580673,24.31578947,0.8
10.21199989,-6.119215066,24.31578947,0.8
10.22099972,-5.95873476,24.31578947,0.8
10.22999954,-5.808864139,24.31578947,0.8
10.23900032,-5.669007303,24.31578947,0.8
10.24800014,-5.538291367,24.31578947,0.8
10.25699997,-5.415620835,24.31578947,0.8
10.26599979,-5.299744104,24.31578947,0.8
10.27499962,-5.18934675,24.31578947,0.8
10.2840004,-5.083137737,24.31578947,0.8
10.29300022,-4.97993483,24.31578947,0.8
10.30200005,-4.878754716,24.31578947,0.8
10.31099987,-4.778872241,24.31578947,0.8
10.31999969,-4.679868046,24.31578947,0.8
10.32900047,-4.581640906,24.31578947,0.8
10.3380003,-4.48440059,24.31578947,0.8
10.34700012,-4.388621638,24.31578947,0.8
10.35599995,-4.294978541,24.31578947,0.8
10.36499977,-4.204263199,24.31578947,0.8
10.3739996,-4.117302278,24.31578947,0.8
10.38300037,-4.034863473,24.31578947,0.8
10.3920002,-3.957580486,24.31578947,0.8
10.40100002,-3.885891447,24.31578947,0.8
10.40999985,-3.819996968,24.31578947,0.8
10.41899967,-3.759836003,24.31578947,0.8
10.42800045,-3.705088031,24.31578947,0.8
10.43700027,-3.655193489,24.31578947,0.8
10.4460001,-3.609397113,24.31578947,0.8
10.45499992,-3.566796808,24.31578947,0.8
10.46399975,-3.526422122,24.31578947,0.8
10.47299957,-3.487302229,24.31578947,0.8
10.48200035,-3.448550572,24.31578947,0.8
10.49100018,-3.409437212,24.31578947,0.8
10.5,-3.369442952,24.31578947,0.8
1.5,-0.411927989,24.31578947,2
1.508999944,-0.407694985,24.31578947,2
1.518000007,-0.398231439,24.31578947,2
1.52699995,-0.384504277,24.31578947,2
1.536000013,-0.367774097,24.31578947,2
1.544999957,-0.34948734,24.31578947,2
1.55400002,-0.331163922,24.31578947,2
1.562999964,-0.314286913,24.31578947,2
1.572000027,-0.300194593,24.31578947,2
1.58099997,-0.290003748,24.31578947,2
1.590000033,-0.28453648,24.31578947,2
1.598999977,-0.28428342,24.31578947,2
1.60800004,-0.289377686,24.31578947,2
1.616999984,-0.299594777,24.31578947,2
1.626000047,-0.314369968,24.31578947,2
1.63499999,-0.332833782,24.31578947,2
1.644000053,-0.353867872,24.31578947,2
1.652999997,-0.37617522,24.31578947,2
1.661999941,-0.398364243,24.31578947,2
1.671000004,-0.419045884,24.31578947,2
1.679999948,-0.436934944,24.31578947,2
1.68900001,-0.450948023,24.31578947,2
1.697999954,-0.46028191,24.31578947,2
1.707000017,-0.46448948,24.31578947,2
1.715999961,-0.463505264,24.31578947,2
1.725000024,-0.457653304,24.31578947,2
1.733999968,-0.447616823,24.31578947,2
1.743000031,-0.434378271,24.31578947,2
1.751999974,-0.419134043,24.31578947,2
1.761000037,-0.4032025,24.31578947,2
1.769999981,-0.387923011,24.31578947,2
1.779000044,-0.374561088,24.31578947,2
1.787999988,-0.364222318,24.31578947,2
1.797000051,-0.357788423,24.31578947,2
1.805999994,-0.35585936,24.31578947,2
1.815000057,-0.358729067,24.31578947,2
1.824000001,-0.366365689,24.31578947,2
1.832999945,-0.378418107,24.31578947,2
1.842000008,-0.39423777,24.31578947,2
1.850999951,-0.412920268,24.31578947,2
1.860000014,-0.433360382,24.31578947,2
1.868999958,-0.454320824,24.31578947,2
1.878000021,-0.474521748,24.31578947,2
1.886999965,-0.49272629,24.31578947,2
1.896000028,-0.507834587,24.31578947,2
1.904999971,-0.518966779,24.31578947,2
1.914000034,-0.525540646,24.31578947,2
1.922999978,-0.527311116,24.31578947,2
1.932000041,-0.524395426,24.31578947,2
1.940999985,-0.517257206,24.31578947,2
1.950000048,-0.506673913,24.31578947,2
1.958999991,-0.493664965,24.31578947,2
1.968000054,-0.479412762,24.31578947,2
1.976999998,-0.465175723,24.31578947,2
1.985999942,-0.452191893,24.31578947,2
1.995000005,-0.441595484,24.31578947,2
2.003999949,-0.434345252,24.31578947,2
2.013000011,-0.43116441,24.31578947,2
2.022000074,-0.432498208,24.31578947,2
2.030999899,-0.438486829,24.31578947,2
2.039999962,-0.448962011,24.31578947,2
2.049000025,-0.463452831,24.31578947,2
2.058000088,-0.481213128,24.31578947,2
2.066999912,-0.501268257,24.31578947,2
2.075999975,-0.5224711,24.31578947,2
2.085000038,-0.543583231,24.31578947,2
2.094000101,-0.563354169,24.31578947,2
2.102999926,-0.58061503,24.31578947,2
2.111999989,-0.594372641,24.31578947,2
2.121000051,-0.603883667,24.31578947,2
2.130000114,-0.608719816,24.31578947,2
2.138999939,-0.608804823,24.31578947,2
2.148000002,-0.60442096,24.31578947,2
2.157000065,-0.596189276,24.31578947,2
2.165999889,-0.585017391,24.31578947,2
2.174999952,-0.572028567,24.31578947,2
2.184000015,-0.558476821,24.31578947,2
2.193000078,-0.545654409,24.31578947,2
2.201999903,-0.534800585,24.31578947,2
2.210999966,-0.527023171,24.31578947,2
2.220000029,-0.52322463,24.31578947,2
2.229000092,-0.52404707,24.31578947,2
2.237999916,-0.529836528,24.31578947,2
2.246999979,-0.54061488,24.31578947,2
2.256000042,-0.556077796,24.31578947,2
2.265000105,-0.575609981,24.31578947,2
2.273999929,-0.59831251,24.31578947,2
2.282999992,-0.623057451,24.31578947,2
2.292000055,-0.648557521,24.31578947,2
2.301000118,-0.67344562,24.31578947,2
2.309999943,-0.696379311,24.31578947,2
2.319000006,-0.716138166,24.31578947,2
2.328000069,-0.731727873,24.31578947,2
2.336999893,-0.742461849,24.31578947,2
2.345999956,-0.748028408,24.31578947,2
2.355000019,-0.748523614,24.31578947,2
2.364000082,-0.744453038,24.31578947,2
2.372999907,-0.736696069,24.31578947,2
2.381999969,-0.72644087,24.31578947,2
2.391000032,-0.715101196,24.31578947,2
2.400000095,-0.704214149,24.31578947,2
2.40899992,-0.695339963,24.31578947,2
2.417999983,-0.689958123,24.31578947,2
2.427000046,-0.689373272,24.31578947,2
2.436000109,-0.69464595,24.31578947,2
2.444999933,-0.706517793,24.31578947,2
2.453999996,-0.725379815,24.31578947,2
2.463000059,-0.751227073,24.31578947,2
2.471999884,-0.783659589,24.31578947,2
2.480999947,-0.821894078,24.31578947,2
2.49000001,-0.864788806,24.31578947,2
2.499000072,-0.910918811,24.31578947,2
2.507999897,-0.958653099,24.31578947,2
2.51699996,-1.006271833,24.31578947,2
2.526000023,-1.052112136,24.31578947,2
2.535000086,-1.094707424,24.31578947,2
2.54399991,-1.132949875,24.31578947,2
2.552999973,-1.166224537,24.31578947,2
2.562000036,-1.194521692,24.31578947,2
2.571000099,-1.218505805,24.31578947,2
2.579999924,-1.239534288,24.31578947,2
2.588999987,-1.259626047,24.31578947,2
2.59800005,-1.281393997,24.31578947,2
2.607000113,-1.307948798,24.31578947,2
2.615999937,-1.342777435,24.31578947,2
2.625,-1.389638221,24.31578947,2
2.634000063,-1.45244883,24.31578947,2
2.642999887,-1.535202773,24.31578947,2
2.65199995,-1.641894293,24.31578947,2
2.661000013,-1.776463818,24.31578947,2
2.670000076,-1.942741765,24.31578947,2
2.678999901,-2.144403312,24.31578947,2
2.687999964,-2.384895929,24.31578947,2
2.697000027,-2.667344792,24.31578947,2
2.70600009,-2.994402242,24.31578947,2
2.714999914,-3.36800849,24.31578947,2
2.723999977,-3.789009978,24.31578947,2
2.73300004,-4.256574897,24.31578947,2
2.742000103,-4.767309548,24.31578947,2
2.750999928,-5.313952017,24.31578947,2
2.75999999,-5.883614197,24.31578947,2
2.769000053,-6.455670345,24.31578947,2
2.778000116,-6.99992021,24.31578947,2
2.786999941,-7.4764878,24.31578947,2
2.796000004,-7.839735734,24.31578947,2
2.805000067,-8.047814581,24.31578947,2
2.813999891,-8.075758544,24.31578947,2
2.822999954,-7.925011229,24.31578947,2
2.832000017,-7.622560429,24.31578947,2
2.84100008,-7.210346405,24.31578947,2
2.849999905,-6.732404071,24.31578947,2
2.858999968,-6.226208873,24.31578947,2
2.868000031,-5.719565346,24.31578947,2
2.877000093,-5.231132795,24.31578947,2
2.885999918,-4.772382907,24.31578947,2
2.894999981,-4.349684638,24.31578947,2
2.904000044,-3.965978372,24.31578947,2
2.913000107,-3.622000288,24.31578947,2
2.921999931,-3.317084734,24.31578947,2
2.930999994,-3.049692383,24.31578947,2
2.940000057,-2.817725361,24.31578947,2
2.948999882,-2.618741749,24.31578947,2
2.957999945,-2.45005438,24.31578947,2
2.967000008,-2.308809912,24.31578947,2
2.976000071,-2.192037731,24.31578947,2
2.984999895,-2.096680483,24.31578947,2
2.993999958,-2.019641254,24.31578947,2
3.003000021,-1.957830964,24.31578947,2
3.012000084,-1.908214279,24.31578947,2
3.020999908,-1.867893954,24.31578947,2
3.029999971,-1.834172896,24.31578947,2
3.039000034,-1.804636571,24.31578947,2
3.048000097,-1.77722334,24.31578947,2
3.056999922,-1.750281454,24.31578947,2
3.065999985,-1.722608503,24.31578947,2
3.075000048,-1.693460558,24.31578947,2
3.084000111,-1.662540769,24.31578947,2
3.092999935,-1.629955301,24.31578947,2
3.101999998,-1.596147947,24.31578947,2
3.111000061,-1.561825059,24.31578947,2
3.119999886,-1.527861219,24.31578947,2
3.128999949,-1.495218446,24.31578947,2
3.138000011,-1.464853773,24.31578947,2
3.147000074,-1.437654019,24.31578947,2
3.155999899,-1.414367188,24.31578947,2
3.164999962,-1.395562638,24.31578947,2
3.174000025,-1.381599543,24.31578947,2
3.183000088,-1.372609916,24.31578947,2
3.191999912,-1.368499284,24.31578947,2
3.200999975,-1.368953503,24.31578947,2
3.210000038,-1.373470738,24.31578947,2
3.219000101,-1.381393323,24.31578947,2
3.227999926,-1.391941098,24.31578947,2
3.236999989,-1.40428423,24.31578947,2
3.246000051,-1.417574719,24.31578947,2
3.255000114,-1.43100916,24.31578947,2
3.263999939,-1.44389033,24.31578947,2
3.273000002,-1.455659577,24.31578947,2
3.282000065,-1.465935064,24.31578947,2
3.290999889,-1.474546115,24.31578947,2
3.299999952,-1.481531278,24.31578947,2
3.309000015,-1.487132957,24.31578947,2
3.318000078,-1.491784939,24.31578947,2
3.326999903,-1.496085247,24.31578947,2
3.335999966,-1.500744094,24.31578947,2
3.345000029,-1.506546025,24.31578947,2
3.354000092,-1.514307271,24.31578947,2
3.362999916,-1.52482195,24.31578947,2
3.371999979,-1.538826396,24.31578947,2
3.381000042,-1.556959199,24.31578947,2
3.390000105,-1.579729539,24.31578947,2
3.398999929,-1.607508706,24.31578947,2
3.407999992,-1.640506069,24.31578947,2
3.417000055,-1.678779383,24.31578947,2
3.426000118,-1.722237017,24.31578947,2
3.434999943,-1.770660074,24.31578947,2
3.444000006,-1.823732167,24.31578947,2
3.453000069,-1.881070412,24.31578947,2
3.461999893,-1.942276531,24.31578947,2
3.470999956,-2.006979879,24.31578947,2
3.480000019,-2.074889738,24.31578947,2
3.489000082,-2.145855065,24.31578947,2
3.497999907,-2.219902314,24.31578947,2
3.506999969,-2.297287836,24.31578947,2
3.516000032,-2.378533332,24.31578947,2
3.525000095,-2.464444377,24.31578947,2
3.53399992,-2.556136387,24.31578947,2
3.542999983,-2.655023567,24.31578947,2
3.552000046,-2.762826485,24.31578947,2
3.561000109,-2.881541316,24.31578947,2
3.569999933,-3.013433276,24.31578947,2
3.578999996,-3.161007541,24.31578947,2
3.588000059,-3.326986175,24.31578947,2
3.596999884,-3.514296841,24.31578947,2
3.605999947,-3.726074537,24.31578947,2
3.61500001,-3.965654282,24.31578947,2
3.624000072,-4.236611475,24.31578947,2
3.632999897,-4.542798738,24.31578947,2
3.64199996,-4.888434685,24.31578947,2
3.651000023,-5.278194566,24.31578947,2
3.660000086,-5.717379257,24.31578947,2
3.66899991,-6.212121228,24.31578947,2
3.677999973,-6.769677652,24.31578947,2
3.687000036,-7.398849622,24.31578947,2
3.696000099,-8.110556323,24.31578947,2
3.704999924,-8.918670733,24.31578947,2
3.713999987,-9.841223802,24.31578947,2
3.72300005,-10.9021987,24.31578947,2
3.732000113,-12.1341265,24.31578947,2
3.740999937,-13.58159901,24.31578947,2
3.75,-15.3044095,24.31578947,2
3.759000063,-17.37098392,24.31578947,2
3.767999887,-19.78969906,24.31578947,2
3.77699995,-22.1452812,24.31578947,2
3.786000013,-22.87081223,24.31578947,2
3.795000076,-21.16644671,24.31578947,2
3.803999901,-18.71268527,24.31578947,2
3.812999964,-16.49253613,24.31578947,2
3.822000027,-14.63929959,24.31578947,2
3.83100009,-13.09828237,24.31578947,2
3.839999914,-11.80261875,24.31578947,2
3.848999977,-10.6998006,24.31578947,2
3.85800004,-9.751286276,24.31578947,2
3.867000103,-8.92879772,24.31578947,2
3.875999928,-8.211215315,24.31578947,2
3.88499999,-7.582378118,24.31578947,2
3.894000053,-7.029603592,24.31578947,2
3.903000116,-6.542675318,24.31578947,2
3.911999941,-6.113135803,24.31578947,2
3.921000004,-5.733808948,24.31578947,2
3.930000067,-5.398460709,24.31578947,2
3.938999891,-5.101557579,24.31578947,2
3.947999954,-4.838109315,24.31578947,2
3.957000017,-4.603558791,24.31578947,2
3.96600008,-4.393727308,24.31578947,2
3.974999905,-4.204782459,24.31578947,2
3.983999968,-4.033234786,24.31578947,2
3.993000031,-3.875953312,24.31578947,2
4.001999855,-3.73018899,24.31578947,2
4.011000156,-3.593602366,24.31578947,2
4.019999981,-3.46427663,24.31578947,2
4.028999805,-3.340738431,24.31578947,2
4.038000107,-3.221945757,24.31578947,2
4.046999931,-3.107267004,24.31578947,2
4.056000233,-2.996440424,24.31578947,2
4.065000057,-2.889525228,24.31578947,2
4.073999882,-2.786824769,24.31578947,2
4.083000183,-2.688815003,24.31578947,2
4.092000008,-2.596070911,24.31578947,2
4.100999832,-2.509186677,24.31578947,2
4.110000134,-2.42870926,24.31578947,2
4.118999958,-2.355079943,24.31578947,2
4.127999783,-2.288583025,24.31578947,2
4.137000084,-2.229316486,24.31578947,2
4.145999908,-2.177165994,24.31578947,2
4.15500021,-2.131801932,24.31578947,2
4.164000034,-2.092680429,24.31578947,2
4.172999859,-2.059068101,24.31578947,2
4.18200016,-2.030073009,24.31578947,2
4.190999985,-2.004679679,24.31578947,2
4.199999809,-1.981812325,24.31578947,2
4.209000111,-1.960385225,24.31578947,2
4.217999935,-1.939361383,24.31578947,2
4.227000237,-1.917823426,24.31578947,2
4.236000061,-1.895016154,24.31578947,2
4.244999886,-1.870399253,24.31578947,2
4.254000187,-1.843677751,24.31578947,2
4.263000011,-1.81481012,24.31578947,2
4.271999836,-1.784012446,24.31578947,2
4.281000137,-1.751732249,24.31578947,2
4.289999962,-1.718610937,24.31578947,2
4.298999786,-1.685433178,24.31578947,2
4.308000088,-1.653066499,24.31578947,2
4.316999912,-1.622397089,24.31578947,2
4.326000214,-1.594272893,24.31578947,2
4.335000038,-1.56943823,24.31578947,2
4.343999863,-1.548495171,24.31578947,2
4.353000164,-1.531851079,24.31578947,2
4.361999989,-1.519706991,24.31578947,2
4.370999813,-1.512028545,24.31578947,2
4.380000114,-1.508561383,24.31578947,2
4.388999939,-1.50882819,24.31578947,2
4.397999763,-1.512167803,24.31578947,2
4.407000065,-1.517764868,24.31578947,2
4.415999889,-1.52469927,24.31578947,2
4.425000191,-1.532011807,24.31578947,2
4.434000015,-1.538751671,24.31578947,2
4.44299984,-1.544060603,24.31578947,2
4.452000141,-1.547217456,24.31578947,2
4.460999966,-1.547708312,24.31578947,2
4.46999979,-1.545258206,24.31578947,2
4.479000092,-1.539865696,24.31578947,2
4.487999916,-1.53180266,24.31578947,2
4.497000217,-1.521600366,24.31578947,2
4.506000042,-1.510025374,24.31578947,2
4.514999866,-1.498014595,24.31578947,2
4.524000168,-1.486626333,24.31578947,2
4.532999992,-1.47696512,24.31578947,2
4.541999817,-1.470112771,24.31578947,2
4.551000118,-1.467061975,24.31578947,2
4.559999943,-1.468659615,24.31578947,2
4.568999767,-1.475553233,24.31578947,2
4.578000069,-1.488153662,24.31578947,2
4.586999893,-1.506616582,24.31578947,2
4.596000195,-1.530826314,24.31578947,2
4.605000019,-1.560404804,24.31578947,2
4.613999844,-1.594729424,24.31578947,2
4.623000145,-1.632971348,24.31578947,2
4.631999969,-1.674145087,24.31578947,2
4.640999794,-1.717173681,24.31578947,2
4.650000095,-1.760969907,24.31578947,2
4.65899992,-1.804526205,24.31578947,2
4.668000221,-1.847005923,24.31578947,2
4.677000046,-1.887840365,24.31578947,2
4.68599987,-1.926807677,24.31578947,2
4.695000172,-1.964099003,24.31578947,2
4.703999996,-2.000367887,24.31578947,2
4.712999821,-2.036729665,24.31578947,2
4.722000122,-2.074762493,24.31578947,2
4.730999947,-2.116455191,24.31578947,2
4.739999771,-2.164151963,24.31578947,2
4.749000072,-2.220481138,24.31578947,2
4.757999897,-2.288274788,24.31578947,2
4.767000198,-2.370503191,24.31578947,2
4.776000023,-2.470209154,24.31578947,2
4.784999847,-2.590466056,24.31578947,2
4.794000149,-2.734340171,24.31578947,2
4.802999973,-2.904877282,24.31578947,2
4.811999798,-3.10509015,24.31578947,2
4.821000099,-3.337949203,24.31578947,2
4.829999924,-3.606375329,24.31578947,2
4.839000225,-3.913202384,24.31578947,2
4.84800005,-4.261110151,24.31578947,2
4.856999874,-4.652481667,24.31578947,2
4.866000175,-5.089152643,24.31578947,2
4.875,-5.571976803,24.31578947,2
4.883999825,-6.100093378,24.31578947,2
4.893000126,-6.669765196,24.31578947,2
4.90199995,-7.272581731,24.31578947,2
4.910999775,-7.892922793,24.31578947,2
4.920000076,-8.504838599,24.31578947,2
4.928999901,-9.069424069,24.31578947,2
4.938000202,-9.53527479,24.31578947,2
4.947000027,-9.845917263,24.31578947,2
4.955999851,-9.955916337,24.31578947,2
4.965000153,-9.849325474,24.31578947,2
4.973999977,-9.547371486,24.31578947,2
4.982999802,-9.098759813,24.31578947,2
4.992000103,-8.560819828,24.31578947,2
5.000999928,-7.984312214,24.31578947,2
5.010000229,-7.407029592,24.31578947,2
5.019000053,-6.853910862,24.31578947,2
5.027999878,-6.339840299,24.31578947,2
5.037000179,-5.87271868,24.31578947,2
5.046000004,-5.455922744,24.31578947,2
5.054999828,-5.090033424,24.31578947,2
5.06400013,-4.773956907,24.31578947,2
5.072999954,-4.505640013,24.31578947,2
5.081999779,-4.28250161,24.31578947,2
5.09100008,-4.101704957,24.31578947,2
5.099999905,-3.960309195,24.31578947,2
5.109000206,-3.855365751,24.31578947,2
5.118000031,-3.783963556,24.31578947,2
5.126999855,-3.743264339,24.31578947,2
5.136000156,-3.730509716,24.31578947,2
5.144999981,-3.743042485,24.31578947,2
5.153999805,-3.778303508,24.31578947,2
5.163000107,-3.83385061,24.31578947,2
5.171999931,-3.907365631,24.31578947,2
5.181000233,-3.996678038,24.31578947,2
5.190000057,-4.099772107,24.31578947,2
5.198999882,-4.214811804,24.31578947,2
5.208000183,-4.340145623,24.31578947,2
5.217000008,-4.474316533,24.31578947,2
5.225999832,-4.616049641,24.31578947,2
5.235000134,-4.764232743,24.31578947,2
5.243999958,-4.917867311,24.31578947,2
5.252999783,-5.076011751,24.31578947,2
5.262000084,-5.237701626,24.31578947,2
5.270999908,-5.401848058,24.31578947,2
5.28000021,-5.567126934,24.31578947,2
5.289000034,-5.731871462,24.31578947,2
5.297999859,-5.893961549,24.31578947,2
5.30700016,-6.050739995,24.31578947,2
5.315999985,-6.198972966,24.31578947,2
5.324999809,-6.33486336,24.31578947,2
5.334000111,-6.454159866,24.31578947,2
5.342999935,-6.552355159,24.31578947,2
5.352000237,-6.624998408,24.31578947,2
5.361000061,-6.668077159,24.31578947,2
5.369999886,-6.678443961,24.31578947,2
5.379000187,-6.65421257,24.31578947,2
5.388000011,-6.595027663,24.31578947,2
5.396999836,-6.502176544,24.31578947,2
5.406000137,-6.378491462,24.31578947,2
5.414999962,-6.228073625,24.31578947,2
5.423999786,-6.055899372,24.31578947,2
5.433000088,-5.867382296,24.31578947,2
5.441999912,-5.667962576,24.31578947,2
5.451000214,-5.462774933,24.31578947,2
5.460000038,-5.256406959,24.31578947,2
5.468999863,-5.052764105,24.31578947,2
5.478000164,-4.855006081,24.31578947,2
5.486999989,-4.665556577,24.31578947,2
5.495999813,-4.486141464,24.31578947,2
5.505000114,-4.317861761,24.31578947,2
5.513999939,-4.161261729,24.31578947,2
5.522999763,-4.016425392,24.31578947,2
5.532000065,-3.883050638,24.31578947,2
5.540999889,-3.760531463,24.31578947,2
5.550000191,-3.648030718,24.31578947,2
5.559000015,-3.544550144,24.31578947,2
5.56799984,-3.449002068,24.31578947,2
5.577000141,-3.360267634,24.31578947,2
5.585999966,-3.277253222,24.31578947,2
5.59499979,-3.198945695,24.31578947,2
5.604000092,-3.124449916,24.31578947,2
5.612999916,-3.053026147,24.31578947,2
5.622000217,-2.984105934,24.31578947,2
5.631000042,-2.917315878,24.31578947,2
5.639999866,-2.852455968,24.31578947,2
5.649000168,-2.789503945,24.31578947,2
5.657999992,-2.728583581,24.31578947,2
5.666999817,-2.669927753,24.31578947,2
5.676000118,-2.613858452,24.31578947,2
5.684999943,-2.560731514,24.31578947,2
5.693999767,-2.510909092,24.31578947,2
5.703000069,-2.464718462,24.31578947,2
5.711999893,-2.422425136,24.31578947,2
5.721000195,-2.384210403,24.31578947,2
5.730000019,-2.350145956,24.31578947,2
5.738999844,-2.320191066,24.31578947,2
5.748000145,-2.29418988,24.31578947,2
5.756999969,-2.271873962,24.31578947,2
5.765999794,-2.252871781,24.31578947,2
5.775000095,-2.236732134,24.31578947,2
5.78399992,-2.22294209,24.31578947,2
5.793000221,-2.210956764,24.31578947,2
5.802000046,-2.200228192,24.31578947,2
5.81099987,-2.190234127,24.31578947,2
5.820000172,-2.180509458,24.31578947,2
5.828999996,-2.170668782,24.31578947,2
5.837999821,-2.160426609,24.31578947,2
5.847000122,-2.149614638,24.31578947,2
5.855999947,-2.138184302,24.31578947,2
5.864999771,-2.126205809,24.31578947,2
5.874000072,-2.113858206,24.31578947,2
5.882999897,-2.101412077,24.31578947,2
5.892000198,-2.089204625,24.31578947,2
5.901000023,-2.077618366,24.31578947,2
5.909999847,-2.067049136,24.31578947,2
5.919000149,-2.057877025,24.31578947,2
5.927999973,-2.050443314,24.31578947,2
5.936999798,-2.045029061,24.31578947,2
5.946000099,-2.041830915,24.31578947,2
5.954999924,-2.040954244,24.31578947,2
5.964000225,-2.042405451,24.31578947,2
5.97300005,-2.046087924,24.31578947,2
5.981999874,-2.051812749,24.31578947,2
5.991000175,-2.059306694,24.31578947,2
6,-2.068229507,24.31578947,2
6.008999825,-2.078197361,24.31578947,2
6.018000126,-2.088806083,24.31578947,2
6.02699995,-2.099657184,24.31578947,2
6.035999775,-2.110380256,24.31578947,2
6.045000076,-2.120665522,24.31578947,2
6.053999901,-2.130276361,24.31578947,2
6.063000202,-2.139074432,24.31578947,2
6.072000027,-2.147019754,24.31578947,2
6.080999851,-2.154179089,24.31578947,2
6.090000153,-2.160721137,24.31578947,2
6.098999977,-2.16690343,24.31578947,2
6.107999802,-2.173056537,24.31578947,2
6.117000103,-2.179562136,24.31578947,2
6.125999928,-2.186829028,24.31578947,2
6.135000229,-2.195264966,24.31578947,2
6.144000053,-2.205254518,24.31578947,2
6.152999878,-2.217138522,24.31578947,2
6.162000179,-2.23118526,24.31578947,2
6.171000004,-2.247582577,24.31578947,2
6.179999828,-2.266427018,24.31578947,2
6.18900013,-2.287715765,24.31578947,2
6.197999954,-2.311354356,24.31578947,2
6.206999779,-2.337156147,24.31578947,2
6.21600008,-2.364862408,24.31578947,2
6.224999905,-2.394159478,24.31578947,2
6.234000206,-2.424695467,24.31578947,2
6.243000031,-2.456114007,24.31578947,2
6.251999855,-2.488076015,24.31578947,2
6.261000156,-2.520288509,24.31578947,2
6.269999981,-2.552526199,24.31578947,2
6.278999805,-2.584660063,24.31578947,2
6.288000107,-2.616662997,24.31578947,2
6.296999931,-2.648624459,24.31578947,2
6.306000233,-2.68075426,24.31578947,2
6.315000057,-2.713368706,24.31578947,2
6.323999882,-2.746891293,24.31578947,2
6.333000183,-2.781819817,24.31578947,2
6.342000008,-2.818716887,24.31578947,2
6.350999832,-2.858175887,24.31578947,2
6.360000134,-2.900799744,24.31578947,2
6.368999958,-2.947170308,24.31578947,2
6.377999783,-2.99783123,24.31578947,2
6.387000084,-3.053260746,24.31578947,2
6.395999908,-3.11386526,24.31578947,2
6.40500021,-3.179959331,24.31578947,2
6.414000034,-3.251771355,24.31578947,2
6.422999859,-3.32943876,24.31578947,2
6.43200016,-3.413026208,24.31578947,2
6.440999985,-3.502539419,24.31578947,2
6.449999809,-3.597946857,24.31578947,2
6.459000111,-3.699210319,24.31578947,2
6.467999935,-3.806325386,24.31578947,2
6.477000237,-3.919350963,24.31578947,2
6.486000061,-4.038456294,24.31578947,2
6.494999886,-4.163955686,24.31578947,2
6.504000187,-4.296349925,24.31578947,2
6.513000011,-4.436358202,24.31578947,2
6.521999836,-4.584948747,24.31578947,2
6.531000137,-4.743360181,24.31578947,2
6.539999962,-4.913112972,24.31578947,2
6.548999786,-5.096028228,24.31578947,2
6.558000088,-5.294227062,24.31578947,2
6.566999912,-5.510138863,24.31578947,2
6.576000214,-5.746500301,24.31578947,2
6.585000038,-6.006372002,24.31578947,2
6.593999863,-6.293148854,24.31578947,2
6.603000164,-6.610594318,24.31578947,2
6.611999989,-6.962885601,24.31578947,2
6.620999813,-7.354687461,24.31578947,2
6.630000114,-7.79125849,24.31578947,2
6.638999939,-8.278602927,24.31578947,2
6.647999763,-8.823675614,24.31578947,2
6.657000065,-9.434682589,24.31578947,2
6.665999889,-10.12146304,24.31578947,2
6.675000191,-10.89604668,24.31578947,2
6.684000015,-11.77335931,24.31578947,2
6.69299984,-12.77212432,24.31578947,2
6.702000141,-13.91578948,24.31578947,2
6.710999966,-15.23273271,24.31578947,2
6.71999979,-16.75291567,24.31578947,2
6.729000092,-18.49066363,24.31578947,2
6.737999916,-20.37902314,24.31578947,2
6.747000217,-22.07930883,24.31578947,2
6.756000042,-22.78920534,24.31578947,2
6.764999866,-21.9809588,24.31578947,2
6.774000168,-20.28460427,24.31578947,2
6.782999992,-18.45969168,24.31578947,2
6.791999817,-16.7995836,24.31578947,2
6.801000118,-15.35517372,24.31578947,2
6.809999943,-14.10808582,24.31578947,2
6.818999767,-13.02772577,24.31578947,2
6.828000069,-12.0859383,24.31578947,2
6.836999893,-11.2596743,24.31578947,2
6.846000195,-10.53061735,24.31578947,2
6.855000019,-9.884256312,24.31578947,2
6.863999844,-9.309003635,24.31578947,2
6.873000145,-8.795494268,24.31578947,2
6.881999969,-8.336053311,24.31578947,2
6.890999794,-7.924308481,24.31578947,2
6.900000095,-7.554888625,24.31578947,2
6.90899992,-7.223206329,24.31578947,2
6.918000221,-6.925292865,24.31578947,2
6.927000046,-6.657668499,24.31578947,2
6.93599987,-6.417255386,24.31578947,2
6.945000172,-6.20129876,24.31578947,2
6.953999996,-6.007314649,24.31578947,2
6.962999821,-5.833054534,24.31578947,2
6.972000122,-5.676463017,24.31578947,2
6.980999947,-5.53567447,24.31578947,2
6.989999771,-5.408981445,24.31578947,2
6.999000072,-5.294838338,24.31578947,2
7.007999897,-5.191848372,24.31578947,2
7.017000198,-5.098759279,24.31578947,2
7.026000023,-5.014462648,24.31578947,2
7.034999847,-4.937994885,24.31578947,2
7.044000149,-4.86852457,24.31578947,2
7.052999973,-4.805361416,24.31578947,2
7.061999798,-4.747936374,24.31578947,2
7.071000099,-4.695809521,24.31578947,2
7.079999924,-4.648646888,24.31578947,2
7.089000225,-4.606225121,24.31578947,2
7.09800005,-4.568410254,24.31578947,2
7.106999874,-4.535149624,24.31578947,2
7.116000175,-4.506456557,24.31578947,2
7.125,-4.482404112,24.31578947,2
7.133999825,-4.463100658,24.31578947,2
7.143000126,-4.448688913,24.31578947,2
7.15199995,-4.43932595,24.31578947,2
7.160999775,-4.435168537,24.31578947,2
7.170000076,-4.436372637,24.31578947,2
7.178999901,-4.443072886,24.31578947,2
7.188000202,-4.455374392,24.31578947,2
7.197000027,-4.473341533,24.31578947,2
7.205999851,-4.496993974,24.31578947,2
7.215000153,-4.526288154,24.31578947,2
7.223999977,-4.56111703,24.31578947,2
7.232999802,-4.601295019,24.31578947,2
7.242000103,-4.64655385,24.31578947,2
7.250999928,-4.696535874,24.31578947,2
7.260000229,-4.750784308,24.31578947,2
7.269000053,-4.808746731,24.31578947,2
7.277999878,-4.869755991,24.31578947,2
7.287000179,-4.933051374,24.31578947,2
7.296000004,-4.997762245,24.31578947,2
7.304999828,-5.062931044,24.31578947,2
7.31400013,-5.127513618,24.31578947,2
7.322999954,-5.190404648,24.31578947,2
7.331999779,-5.250450013,24.31578947,2
7.34100008,-5.306486085,24.31578947,2
7.349999905,-5.357368379,24.31578947,2
7.359000206,-5.402004608,24.31578947,2
7.368000031,-5.439403129,24.31578947,2
7.376999855,-5.46870874,24.31578947,2
7.386000156,-5.489239985,24.31578947,2
7.394999981,-5.500520186,24.31578947,2
7.403999805,-5.50230711,24.31578947,2
7.413000107,-5.494607094,24.31578947,2
7.421999931,-5.477671062,24.31578947,2
7.431000233,-5.451997057,24.31578947,2
7.440000057,-5.418299082,24.31578947,2
7.448999882,-5.377479532,24.31578947,2
7.458000183,-5.330602734,24.31578947,2
7.467000008,-5.278837104,24.31578947,2
7.475999832,-5.223416149,24.31578947,2
7.485000134,-5.165608666,24.31578947,2
7.493999958,-5.106658964,24.31578947,2
7.502999783,-5.047765899,24.31578947,2
7.512000084,-4.990049067,24.31578947,2
7.520999908,-4.934521519,24.31578947,2
7.53000021,-4.882085233,24.31578947,2
7.539000034,-4.833499866,24.31578947,2
7.547999859,-4.78939401,24.31578947,2
7.55700016,-4.750251361,24.31578947,2
7.565999985,-4.716428595,24.31578947,2
7.574999809,-4.688141928,24.31578947,2
7.584000111,-4.665488449,24.31578947,2
7.592999935,-4.648458423,24.31578947,2
7.602000237,-4.636945423,24.31578947,2
7.611000061,-4.630755892,24.31578947,2
7.619999886,-4.629642599,24.31578947,2
7.629000187,-4.633296644,24.31578947,2
7.638000011,-4.641395747,24.31578947,2
7.646999836,-4.653594319,24.31578947,2
7.656000137,-4.669554971,24.31578947,2
7.664999962,-4.688964405,24.31578947,2
7.673999786,-4.711537846,24.31578947,2
7.683000088,-4.737042888,24.31578947,2
7.691999912,-4.76530142,24.31578947,2
7.701000214,-4.796198485,24.31578947,2
7.710000038,-4.829683725,24.31578947,2
7.718999863,-4.865777267,24.31578947,2
7.728000164,-4.904556164,24.31578947,2
7.736999989,-4.946162296,24.31578947,2
7.745999813,-4.990785464,24.31578947,2
7.755000114,-5.038654974,24.31578947,2
7.763999939,-5.090032232,24.31578947,2
7.772999763,-5.145198849,24.31578947,2
7.782000065,-5.204446026,24.31578947,2
7.790999889,-5.268061165,24.31578947,2
7.800000191,-5.336325592,24.31578947,2
7.809000015,-5.409500998,24.31578947,2
7.81799984,-5.487831118,24.31578947,2
7.827000141,-5.571531373,24.31578947,2
7.835999966,-5.66080013,24.31578947,2
7.84499979,-5.755805506,24.31578947,2
7.854000092,-5.856700077,24.31578947,2
7.862999916,-5.963624466,24.31578947,2
7.872000217,-6.076713873,24.31578947,2
7.881000042,-6.19610837,24.31578947,2
7.889999866,-6.321959693,24.31578947,2
7.899000168,-6.454446923,24.31578947,2
7.907999992,-6.593778488,24.31578947,2
7.916999817,-6.74021202,24.31578947,2
7.926000118,-6.894055022,24.31578947,2
7.934999943,-7.055677915,24.31578947,2
7.943999767,-7.225516907,24.31578947,2
7.953000069,-7.404080856,24.31578947,2
7.961999893,-7.591955005,24.31578947,2
7.971000195,-7.789795683,24.31578947,2
7.980000019,-7.998337178,24.31578947,2
7.988999844,-8.218386929,24.31578947,2
7.998000145,-8.450820147,24.31578947,2
8.006999969,-8.696580372,24.31578947,2
8.015999794,-8.956669985,24.31578947,2
8.024999619,-9.232153073,24.31578947,2
8.034000397,-9.524148396,24.31578947,2
8.043000221,-9.833828986,24.31578947,2
8.052000046,-10.16242516,24.31578947,2
8.06099987,-10.5112224,24.31578947,2
8.069999695,-10.88157369,24.31578947,2
8.079000473,-11.274906,24.31578947,2
8.088000298,-11.69273301,24.31578947,2
8.097000122,-12.1366721,24.31578947,2
8.105999947,-12.60846527,24.31578947,2
8.114999771,-13.10999892,24.31578947,2
8.123999596,-13.64332643,24.31578947,2
8.133000374,-14.21067315,24.31578947,2
8.142000198,-14.81442852,24.31578947,2
8.151000023,-15.45708214,24.31578947,2
8.159999847,-16.14105825,24.31578947,2
8.168999672,-16.86837698,24.31578947,2
8.17800045,-17.63995318,24.31578947,2
8.187000275,-18.45427932,24.31578947,2
8.196000099,-19.30500183,24.31578947,2
8.204999924,-20.17672704,24.31578947,2
8.213999748,-21.03839671,24.31578947,2
8.222999573,-21.83482293,24.31578947,2
8.232000351,-22.4812376,24.31578947,2
8.241000175,-22.87316846,24.31578947,2
8.25,-22.92376117,24.31578947,2
8.258999825,-22.61280869,24.31578947,2
8.267999649,-22.00053133,24.31578947,2
8.277000427,-21.19000232,24.31578947,2
8.286000252,-20.27939323,24.31578947,2
8.295000076,-19.33912959,24.31578947,2
8.303999901,-18.41175128,24.31578947,2
8.312999725,-17.51992821,24.31578947,2
8.32199955,-16.67423018,24.31578947,2
8.331000328,-15.87845892,24.31578947,2
8.340000153,-15.13285978,24.31578947,2
8.348999977,-14.43591508,24.31578947,2
8.357999802,-13.78531871,24.31578947,2
8.366999626,-13.17847715,24.31578947,2
8.376000404,-12.61276266,24.31578947,2
8.385000229,-12.08562414,24.31578947,2
8.394000053,-11.59463324,24.31578947,2
8.402999878,-11.1374972,24.31578947,2
8.411999702,-10.71203562,24.31578947,2
8.420999527,-10.31618301,24.31578947,2
8.430000305,-9.947962401,24.31578947,2
8.43900013,-9.605477573,24.31578947,2
8.447999954,-9.286899512,24.31578947,2
8.456999779,-8.990467515,24.31578947,2
8.465999603,-8.71447896,24.31578947,2
8.475000381,-8.45729576,24.31578947,2
8.484000206,-8.217353986,24.31578947,2
8.493000031,-7.993159645,24.31578947,2
8.501999855,-7.783313066,24.31578947,2
8.51099968,-7.586504424,24.31578947,2
8.520000458,-7.401537122,24.31578947,2
8.529000282,-7.227329581,24.31578947,2
8.538000107,-7.062923993,24.31578947,2
8.546999931,-6.907491261,24.31578947,2
8.555999756,-6.760335531,24.31578947,2
8.56499958,-6.620888294,24.31578947,2
8.574000359,-6.488703187,24.31578947,2
8.583000183,-6.363446618,24.31578947,2
8.592000008,-6.244886068,24.31578947,2
8.600999832,-6.132870614,24.31578947,2
8.609999657,-6.027316527,24.31578947,2
8.619000435,-5.928184538,24.31578947,2
8.628000259,-5.835467796,24.31578947,2
8.637000084,-5.749164875,24.31578947,2
8.645999908,-5.669272088,24.31578947,2
8.654999733,-5.595763892,24.31578947,2
8.663999557,-5.528582528,24.31578947,2
8.673000336,-5.467633582,24.31578947,2
8.68200016,-5.412776898,24.31578947,2
8.690999985,-5.36382649,24.31578947,2
8.699999809,-5.320555812,24.31578947,2
8.708999634,-5.282703084,24.31578947,2
8.718000412,-5.249970059,24.31578947,2
8.727000237,-5.222044707,24.31578947,2
8.736000061,-5.198608128,24.31578947,2
8.744999886,-5.179344224,24.31578947,2
8.75399971,-5.163962139,24.31578947,2
8.762999535,-5.152198867,24.31578947,2
8.772000313,-5.143841172,24.31578947,2
8.781000137,-5.138729503,24.31578947,2
8.789999962,-5.136766582,24.31578947,2
8.798999786,-5.137928053,24.31578947,2
8.807999611,-5.142257289,24.31578947,2
8.817000389,-5.149868553,24.31578947,2
8.826000214,-5.160937692,24.31578947,2
8.835000038,-5.175699547,24.31578947,2
8.843999863,-5.194433693,24.31578947,2
8.852999687,-5.217456627,24.31578947,2
8.862000465,-5.245104102,24.31578947,2
8.87100029,-5.277724166,24.31578947,2
8.880000114,-5.315659299,24.31578947,2
8.888999939,-5.359238162,24.31578947,2
8.897999763,-5.408765535,24.31578947,2
8.906999588,-5.464512344,24.31578947,2
8.916000366,-5.526714989,24.31578947,2
8.925000191,-5.595566505,24.31578947,2
8.934000015,-5.671224329,24.31578947,2
8.94299984,-5.753808121,24.31578947,2
8.951999664,-5.84341127,24.31578947,2
8.961000443,-5.940102186,24.31578947,2
8.970000267,-6.043943461,24.31578947,2
8.979000092,-6.155002561,24.31578947,2
8.987999916,-6.273367122,24.31578947,2
8.996999741,-6.399164985,24.31578947,2
9.005999565,-6.532577736,24.31578947,2
9.015000343,-6.673861518,24.31578947,2
9.024000168,-6.823364448,24.31578947,2
9.032999992,-6.981541489,24.31578947,2
9.041999817,-7.148968894,24.31578947,2
9.050999641,-7.326357674,24.31578947,2
9.06000042,-7.514562711,24.31578947,2
9.069000244,-7.714588896,24.31578947,2
9.078000069,-7.927598092,24.31578947,2
9.086999893,-8.15491213,24.31578947,2
9.095999718,-8.398012471,24.31578947,2
9.104999542,-8.658543372,24.31578947,2
9.11400032,-8.938314327,24.31578947,2
9.123000145,-9.239301746,24.31578947,2
9.131999969,-9.563657556,24.31578947,2
9.140999794,-9.913711812,24.31578947,2
9.149999619,-10.29199793,24.31578947,2
9.159000397,-10.70125578,24.31578947,2
9.168000221,-11.14447798,24.31578947,2
9.177000046,-11.62493375,24.31578947,2
9.18599987,-12.1462266,24.31578947,2
9.194999695,-12.71235198,24.31578947,2
9.204000473,-13.32779033,24.31578947,2
9.213000298,-13.9976062,24.31578947,2
9.222000122,-14.72760849,24.31578947,2
9.230999947,-15.52452001,24.31578947,2
9.239999771,-16.39625055,24.31578947,2
9.248999596,-17.3522041,24.31578947,2
9.258000374,-18.40373786,24.31578947,2
9.267000198,-19.56472517,24.31578947,2
9.276000023,-20.85230001,24.31578947,2
9.284999847,-22.28768921,24.31578947,2
9.293999672,-23.89686314,24.31578947,2
9.30300045,-25.70985219,24.31578947,2
9.312000275,-27.75457888,24.31578947,2
9.321000099,-30.03121291,24.31578947,2
9.329999924,-32.42565352,24.31578947,2
9.338999748,-34.50636864,24.31578947,2
9.347999573,-35.49611245,24.31578947,2
9.357000351,-35.18241669,24.31578947,2
9.366000175,-34.28470209,24.31578947,2
9.375,-33.41653975,24.31578947,2
9.383999825,-32.79177505,24.31578947,2
9.392999649,-32.43355143,24.31578947,2
9.402000427,-32.29047454,24.31578947,2
9.411000252,-32.25611326,24.31578947,2
9.420000076,-32.1547596,24.31578947,2
9.428999901,-31.75608223,24.31578947,2
9.437999725,-30.8848856,24.31578947,2
9.44699955,-29.55748711,24.31578947,2
9.456000328,-27.9528507,24.31578947,2
9.465000153,-26.26268951,24.31578947,2
9.473999977,-24.60990201,24.31578947,2
9.482999802,-23.05272467,24.31578947,2
9.491999626,-21.61128527,24.31578947,2
9.501000404,-20.28731621,24.31578947,2
9.510000229,-19.07480711,24.31578947,2
9.519000053,-17.96507822,24.31578947,2
9.527999878,-16.94902499,24.31578947,2
9.536999702,-16.01802917,24.31578947,2
9.545999527,-15.16427073,24.31578947,2
9.555000305,-14.38077239,24.31578947,2
9.56400013,-13.66134356,24.31578947,2
9.572999954,-13.00048042,24.31578947,2
9.581999779,-12.39325945,24.31578947,2
9.590999603,-11.83524687,24.31578947,2
9.600000381,-11.3224179,24.31578947,2
9.609000206,-10.85107701,24.31578947,2
9.618000031,-10.4178088,24.31578947,2
9.626999855,-10.01943674,24.31578947,2
9.63599968,-9.652975043,24.31578947,2
9.645000458,-9.315614895,24.31578947,2
9.654000282,-9.004699858,24.31578947,2
9.663000107,-8.717718138,24.31578947,2
9.671999931,-8.452292907,24.31578947,2
9.680999756,-8.206191682,24.31578947,2
9.68999958,-7.97732392,24.31578947,2
9.699000359,-7.763752219,24.31578947,2
9.708000183,-7.56370595,24.31578947,2
9.717000008,-7.375587728,24.31578947,2
9.725999832,-7.197988089,24.31578947,2
9.734999657,-7.029688012,24.31578947,2
9.744000435,-6.86967193,24.31578947,2
9.753000259,-6.717119347,24.31578947,2
9.762000084,-6.571400725,24.31578947,2
9.770999908,-6.43206837,24.31578947,2
9.779999733,-6.298832848,24.31578947,2
9.788999557,-6.171545474,24.31578947,2
9.798000336,-6.050169678,24.31578947,2
9.80700016,-5.934750228,24.31578947,2
9.815999985,-5.825385763,24.31578947,2
9.824999809,-5.722195572,24.31578947,2
9.833999634,-5.625295274,24.31578947,2
9.843000412,-5.534765874,24.31578947,2
9.852000237,-5.450638191,24.31578947,2
9.861000061,-5.37287658,24.31578947,2
9.869999886,-5.301358808,24.31578947,2
9.87899971,-5.235879097,24.31578947,2
9.887999535,-5.176140686,24.31578947,2
9.897000313,-5.121761015,24.31578947,2
9.906000137,-5.072286757,24.31578947,2
9.914999962,-5.027192723,24.31578947,2
9.923999786,-4.985917541,24.31578947,2
9.932999611,-4.947874799,24.31578947,2
9.942000389,-4.912478603,24.31578947,2
9.951000214,-4.879170012,24.31578947,2
9.960000038,-4.847439766,24.31578947,2
9.968999863,-4.816856649,24.31578947,2
9.977999687,-4.787077249,24.31578947,2
9.987000465,-4.757867218,24.31578947,2
9.99600029,-4.729114088,24.31578947,2
10.00500011,-4.700815289,24.31578947,2
10.01399994,-4.673084445,24.31578947,2
10.02299976,-4.646134457,24.31578947,2
10.03199959,-4.620253899,24.31578947,2
10.04100037,-4.595796545,24.31578947,2
10.05000019,-4.573143413,24.31578947,2
10.05900002,-4.552682579,24.31578947,2
10.06799984,-4.534776037,24.31578947,2
10.07699966,-4.519743076,24.31578947,2
10.08600044,-4.507830555,24.31578947,2
10.09500027,-4.499197331,24.31578947,2
10.10400009,-4.493905427,24.31578947,2
10.11299992,-4.491904602,24.31578947,2
10.12199974,-4.493041048,24.31578947,2
10.13099957,-4.497052187,24.31578947,2
10.14000034,-4.503592205,24.31578947,2
10.14900017,-4.512231926,24.31578947,2
10.15799999,-4.522498049,24.31578947,2
10.16699982,-4.533885283,24.31578947,2
10.17599964,-4.545899016,24.31578947,2
10.18500042,-4.558073351,24.31578947,2
10.19400024,-4.570008176,24.31578947,2
10.20300007,-4.58139481,24.31578947,2
10.21199989,-4.592033093,24.31578947,2
10.22099972,-4.60184773,24.31578947,2
10.22999954,-4.610895806,24.31578947,2
10.23900032,-4.619361708,24.31578947,2
10.24800014,-4.627547306,24.31578947,2
10.25699997,-4.63585272,24.31578947,2
10.26599979,-4.644745433,24.31578947,2
10.27499962,-4.654740398,24.31578947,2
10.2840004,-4.666356773,24.31578947,2
10.29300022,-4.680093927,24.31578947,2
10.30200005,-4.696393174,24.31578947,2
10.31099987,-4.715613349,24.31578947,2
10.31999969,-4.738004233,24.31578947,2
10.32900047,-4.763696513,24.31578947,2
10.3380003,-4.792685809,24.31578947,2
10.34700012,-4.824825909,24.31578947,2
10.35599995,-4.859844238,24.31578947,2
10.36499977,-4.897345732,24.31578947,2
10.3739996,-4.936842308,24.31578947,2
10.38300037,-4.977771496,24.31578947,2
10.3920002,-5.019536841,24.31578947,2
10.40100002,-5.06154549,24.31578947,2
10.40999985,-5.103245503,24.31578947,2
10.41899967,-5.144165765,24.31578947,2
10.42800045,-5.183954775,24.31578947,2
10.43700027,-5.222401129,24.31578947,2
10.4460001,-5.259456605,24.31578947,2
10.45499992,-5.295247815,24.31578947,2
10.46399975,-5.330066993,24.31578947,2
10.47299957,-5.364356717,24.31578947,2
10.48200035,-5.398684236,24.31578947,2
10.49100018,-5.433709256,24.31578947,2
10.5,-5.470140385,24.31578947,2
1.5,-0.319884223,24.31578947,3.2
1.508999944,-0.317324789,24.31578947,3.2
1.518000007,-0.315209393,24.31578947,3.2
1.52699995,-0.31380204,24.31578947,3.2
1.536000013,-0.313330594,24.31578947,3.2
1.544999957,-0.313974596,24.31578947,3.2
1.55400002,-0.315854332,24.31578947,3.2
1.562999964,-0.319027804,24.31578947,3.2
1.572000027,-0.32348713,24.31578947,3.2
1.58099997,-0.329157615,24.31578947,3.2
1.590000033,-0.335900924,24.31578947,3.2
1.598999977,-0.343527329,24.31578947,3.2
1.60800004,-0.351793628,24.31578947,3.2
1.616999984,-0.360428712,24.31578947,3.2
1.626000047,-0.369134266,24.31578947,3.2
1.63499999,-0.377609063,24.31578947,3.2
1.644000053,-0.385561715,24.31578947,3.2
1.652999997,-0.392721702,24.31578947,3.2
1.661999941,-0.398865439,24.31578947,3.2
1.671000004,-0.403813096,24.31578947,3.2
1.679999948,-0.407457176,24.31578947,3.2
1.68900001,-0.409753168,24.31578947,3.2
1.697999954,-0.410731113,24.31578947,3.2
1.707000017,-0.410492898,24.31578947,3.2
1.715999961,-0.40920592,24.31578947,3.2
1.725000024,-0.407095864,24.31578947,3.2
1.733999968,-0.404432743,24.31578947,3.2
1.743000031,-0.401514913,24.31578947,3.2
1.751999974,-0.398660385,24.31578947,3.2
1.761000037,-0.396182146,24.31578947,3.2
1.769999981,-0.394373494,24.31578947,3.2
1.779000044,-0.393499826,24.31578947,3.2
1.787999988,-0.39377705,24.31578947,3.2
1.797000051,-0.395364997,24.31578947,3.2
1.805999994,-0.398359612,24.31578947,3.2
1.815000057,-0.402785816,24.31578947,3.2
1.824000001,-0.408601092,24.31578947,3.2
1.832999945,-0.415688204,24.31578947,3.2
1.842000008,-0.423868376,24.31578947,3.2
1.850999951,-0.43290699,24.31578947,3.2
1.860000014,-0.442521874,24.31578947,3.2
1.868999958,-0.452397077,24.31578947,3.2
1.878000021,-0.462202864,24.31578947,3.2
1.886999965,-0.471607652,24.31578947,3.2
1.896000028,-0.48029601,24.31578947,3.2
1.904999971,-0.487988498,24.31578947,3.2
1.914000034,-0.494455447,24.31578947,3.2
1.922999978,-0.499530837,24.31578947,3.2
1.932000041,-0.503122664,24.31578947,3.2
1.940999985,-0.505220022,24.31578947,3.2
1.950000048,-0.505892852,24.31578947,3.2
1.958999991,-0.505291784,24.31578947,3.2
1.968000054,-0.503638114,24.31578947,3.2
1.976999998,-0.50121639,24.31578947,3.2
1.985999942,-0.498355387,24.31578947,3.2
1.995000005,-0.495413215,24.31578947,3.2
2.003999949,-0.492761144,24.31578947,3.2
2.013000011,-0.490761831,24.31578947,3.2
2.022000074,-0.48975319,24.31578947,3.2
2.030999899,-0.490030137,24.31578947,3.2
2.039999962,-0.49183359,24.31578947,3.2
2.049000025,-0.495335694,24.31578947,3.2
2.058000088,-0.500630625,24.31578947,3.2
2.066999912,-0.507733345,24.31578947,3.2
2.075999975,-0.516571769,24.31578947,3.2
2.085000038,-0.526992687,24.31578947,3.2
2.094000101,-0.538766124,24.31578947,3.2
2.102999926,-0.551595233,24.31578947,3.2
2.111999989,-0.565126137,24.31578947,3.2
2.121000051,-0.578966569,24.31578947,3.2
2.130000114,-0.592704558,24.31578947,3.2
2.138999939,-0.605931782,24.31578947,3.2
2.148000002,-0.618259412,24.31578947,3.2
2.157000065,-0.629346401,24.31578947,3.2
2.165999889,-0.638917074,24.31578947,3.2
2.174999952,-0.646779055,24.31578947,3.2
2.184000015,-0.652839694,24.31578947,3.2
2.193000078,-0.657111385,24.31578947,3.2
2.201999903,-0.659715196,24.31578947,3.2
2.210999966,-0.660881885,24.31578947,3.2
2.220000029,-0.660935159,24.31578947,3.2
2.229000092,-0.660283717,24.31578947,3.2
2.237999916,-0.659401769,24.31578947,3.2
2.246999979,-0.658804662,24.31578947,3.2
2.256000042,-0.659029024,24.31578947,3.2
2.265000105,-0.660605628,24.31578947,3.2
2.273999929,-0.66403966,24.31578947,3.2
2.282999992,-0.669785209,24.31578947,3.2
2.292000055,-0.678227137,24.31578947,3.2
2.301000118,-0.689663709,24.31578947,3.2
2.309999943,-0.704294492,24.31578947,3.2
2.319000006,-0.722205841,24.31578947,3.2
2.328000069,-0.743369302,24.31578947,3.2
2.336999893,-0.767638998,24.31578947,3.2
2.345999956,-0.794748894,24.31578947,3.2
2.355000019,-0.824334546,24.31578947,3.2
2.364000082,-0.855933517,24.31578947,3.2
2.372999907,-0.88901914,24.31578947,3.2
2.381999969,-0.923019134,24.31578947,3.2
2.391000032,-0.957355818,24.31578947,3.2
2.400000095,-0.991476499,24.31578947,3.2
2.40899992,-1.024904819,24.31578947,3.2
2.417999983,-1.057272223,24.31578947,3.2
2.427000046,-1.088362861,24.31578947,3.2
2.436000109,-1.118151558,24.31578947,3.2
2.444999933,-1.146826092,24.31578947,3.2
2.453999996,-1.174811398,24.31578947,3.2
2.463000059,-1.202780942,24.31578947,3.2
2.471999884,-1.231657215,24.31578947,3.2
2.480999947,-1.262603051,24.31578947,3.2
2.49000001,-1.297009315,24.31578947,3.2
2.499000072,-1.336478012,24.31578947,3.2
2.507999897,-1.382801888,24.31578947,3.2
2.51699996,-1.437943175,24.31578947,3.2
2.526000023,-1.504016722,24.31578947,3.2
2.535000086,-1.583279946,24.31578947,3.2
2.54399991,-1.678115714,24.31578947,3.2
2.552999973,-1.791027492,24.31578947,3.2
2.562000036,-1.924632841,24.31578947,3.2
2.571000099,-2.081658517,24.31578947,3.2
2.579999924,-2.264932584,24.31578947,3.2
2.588999987,-2.47736262,24.31578947,3.2
2.59800005,-2.72191634,24.31578947,3.2
2.607000113,-3.001571319,24.31578947,3.2
2.615999937,-3.319240104,24.31578947,3.2
2.625,-3.677648318,24.31578947,3.2
2.634000063,-4.079139796,24.31578947,3.2
2.642999887,-4.525371178,24.31578947,3.2
2.65199995,-5.016843566,24.31578947,3.2
2.661000013,-5.55217496,24.31578947,3.2
2.670000076,-6.127013658,24.31578947,3.2
2.678999901,-6.732466041,24.31578947,3.2
2.687999964,-7.353007982,24.31578947,3.2
2.697000027,-7.964116517,24.31578947,3.2
2.70600009,-8.530559254,24.31578947,3.2
2.714999914,-9.007318221,24.31578947,3.2
2.723999977,-9.345828547,24.31578947,3.2
2.73300004,-9.506399861,24.31578947,3.2
2.742000103,-9.472303442,24.31578947,3.2
2.750999928,-9.256513911,24.31578947,3.2
2.75999999,-8.895831876,24.31578947,3.2
2.769000053,-8.437065802,24.31578947,3.2
2.778000116,-7.924334804,24.31578947,3.2
2.786999941,-7.392432856,24.31578947,3.2
2.796000004,-6.865658249,24.31578947,3.2
2.805000067,-6.359439683,24.31578947,3.2
2.813999891,-5.882699446,24.31578947,3.2
2.822999954,-5.439979264,24.31578947,3.2
2.832000017,-5.033017543,24.31578947,3.2
2.84100008,-4.661845258,24.31578947,3.2
2.849999905,-4.325495585,24.31578947,3.2
2.858999968,-4.022452871,24.31578947,3.2
2.868000031,-3.750933059,24.31578947,3.2
2.877000093,-3.50903974,24.31578947,3.2
2.885999918,-3.294852044,24.31578947,3.2
2.894999981,-3.106476198,24.31578947,3.2
2.904000044,-2.942057361,24.31578947,3.2
2.913000107,-2.799781502,24.31578947,3.2
2.921999931,-2.677865657,24.31578947,3.2
2.930999994,-2.574548635,24.31578947,3.2
2.940000057,-2.488075087,24.31578947,3.2
2.948999882,-2.416690497,24.31578947,3.2
2.957999945,-2.358630365,24.31578947,3.2
2.967000008,-2.312127793,24.31578947,3.2
2.976000071,-2.27541759,24.31578947,3.2
2.984999895,-2.246759788,24.31578947,3.2
2.993999958,-2.224457532,24.31578947,3.2
3.003000021,-2.206893657,24.31578947,3.2
3.012000084,-2.192561751,24.31578947,3.2
3.020999908,-2.180105923,24.31578947,3.2
3.029999971,-2.16835077,24.31578947,3.2
3.039000034,-2.15633894,24.31578947,3.2
3.048000097,-2.143345197,24.31578947,3.2
3.056999922,-2.128897548,24.31578947,3.2
3.065999985,-2.112773202,24.31578947,3.2
3.075000048,-2.094988183,24.31578947,3.2
3.084000111,-2.075782576,24.31578947,3.2
3.092999935,-2.055585083,24.31578947,3.2
3.101999998,-2.034983556,24.31578947,3.2
3.111000061,-2.014681648,24.31578947,3.2
3.119999886,-1.995459669,24.31578947,3.2
3.128999949,-1.978136469,24.31578947,3.2
3.138000011,-1.963527249,24.31578947,3.2
3.147000074,-1.952421028,24.31578947,3.2
3.155999899,-1.945535915,24.31578947,3.2
3.164999962,-1.943508823,24.31578947,3.2
3.174000025,-1.946862464,24.31578947,3.2
3.183000088,-1.955999048,24.31578947,3.2
3.191999912,-1.971183897,24.31578947,3.2
3.200999975,-1.992542919,24.31578947,3.2
3.210000038,-2.020058488,24.31578947,3.2
3.219000101,-2.053572753,24.31578947,3.2
3.227999926,-2.092800246,24.31578947,3.2
3.236999989,-2.137328927,24.31578947,3.2
3.246000051,-2.186661675,24.31578947,3.2
3.255000114,-2.240219016,24.31578947,3.2
3.263999939,-2.29738055,24.31578947,3.2
3.273000002,-2.357517295,24.31578947,3.2
3.282000065,-2.420019834,24.31578947,3.2
3.290999889,-2.484348778,24.31578947,3.2
3.299999952,-2.55005664,24.31578947,3.2
3.309000015,-2.616841629,24.31578947,3.2
3.318000078,-2.68455816,24.31578947,3.2
3.326999903,-2.753262981,24.31578947,3.2
3.335999966,-2.823212039,24.31578947,3.2
3.345000029,-2.894894899,24.31578947,3.2
3.354000092,-2.969020669,24.31578947,3.2
3.362999916,-3.046521211,24.31578947,3.2
3.371999979,-3.128543626,24.31578947,3.2
3.381000042,-3.216425202,24.31578947,3.2
3.390000105,-3.311686446,24.31578947,3.2
3.398999929,-3.416001446,24.31578947,3.2
3.407999992,-3.531176908,24.31578947,3.2
3.417000055,-3.659132072,24.31578947,3.2
3.426000118,-3.801879088,24.31578947,3.2
3.434999943,-3.961508381,24.31578947,3.2
3.444000006,-4.140177902,24.31578947,3.2
3.453000069,-4.340098258,24.31578947,3.2
3.461999893,-4.563546653,24.31578947,3.2
3.470999956,-4.812866453,24.31578947,3.2
3.480000019,-5.090486625,24.31578947,3.2
3.489000082,-5.398959873,24.31578947,3.2
3.497999907,-5.74099403,24.31578947,3.2
3.506999969,-6.119524421,24.31578947,3.2
3.516000032,-6.537799411,24.31578947,3.2
3.525000095,-6.999490538,24.31578947,3.2
3.53399992,-7.508848267,24.31578947,3.2
3.542999983,-8.070914862,24.31578947,3.2
3.552000046,-8.691804477,24.31578947,3.2
3.561000109,-9.379093799,24.31578947,3.2
3.569999933,-10.14239489,24.31578947,3.2
3.578999996,-10.99415771,24.31578947,3.2
3.588000059,-11.95091265,24.31578947,3.2
3.596999884,-13.03518072,24.31578947,3.2
3.605999947,-14.27856162,24.31578947,3.2
3.61500001,-15.72692594,24.31578947,3.2
3.624000072,-17.44930845,24.31578947,3.2
3.632999897,-19.55270051,24.31578947,3.2
3.64199996,-22.19808665,24.31578947,3.2
3.651000023,-25.52335471,24.31578947,3.2
3.660000086,-28.61419744,24.31578947,3.2
3.66899991,-27.6988908,24.31578947,3.2
3.677999973,-24.30293146,24.31578947,3.2
3.687000036,-21.33724188,24.31578947,3.2
3.696000099,-19.01959889,24.31578947,3.2
3.704999924,-17.17223976,24.31578947,3.2
3.713999987,-15.65566022,24.31578947,3.2
3.72300005,-14.37946285,24.31578947,3.2
3.732000113,-13.28464241,24.31578947,3.2
3.740999937,-12.33130675,24.31578947,3.2
3.75,-11.49150243,24.31578947,3.2
3.759000063,-10.7450009,24.31578947,3.2
3.767999887,-10.07675808,24.31578947,3.2
3.77699995,-9.475315923,24.31578947,3.2
3.786000013,-8.931769216,24.31578947,3.2
3.795000076,-8.439062099,24.31578947,3.2
3.803999901,-7.991504067,24.31578947,3.2
3.812999964,-7.58443109,24.31578947,3.2
3.822000027,-7.213941879,24.31578947,3.2
3.83100009,-6.876717364,24.31578947,3.2
3.839999914,-6.569869482,24.31578947,3.2
3.848999977,-6.29083759,24.31578947,3.2
3.85800004,-6.037284648,24.31578947,3.2
3.867000103,-5.807046495,24.31578947,3.2
3.875999928,-5.598074629,24.31578947,3.2
3.88499999,-5.40838727,24.31578947,3.2
3.894000053,-5.236058463,24.31578947,3.2
3.903000116,-5.079191613,24.31578947,3.2
3.911999941,-4.935924927,24.31578947,3.2
3.921000004,-4.804429722,24.31578947,3.2
3.930000067,-4.682924182,24.31578947,3.2
3.938999891,-4.569695742,24.31578947,3.2
3.947999954,-4.463126792,24.31578947,3.2
3.957000017,-4.361721031,24.31578947,3.2
3.96600008,-4.264132109,24.31578947,3.2
3.974999905,-4.169202046,24.31578947,3.2
3.983999968,-4.075961884,24.31578947,3.2
3.993000031,-3.983675109,24.31578947,3.2
4.001999855,-3.891834055,24.31578947,3.2
4.011000156,-3.800160307,24.31578947,3.2
4.019999981,-3.708602562,24.31578947,3.2
4.028999805,-3.617314735,24.31578947,3.2
4.038000107,-3.526635698,24.31578947,3.2
4.046999931,-3.43704553,24.31578947,3.2
4.056000233,-3.349144307,24.31578947,3.2
4.065000057,-3.263594934,24.31578947,3.2
4.073999882,-3.181097116,24.31578947,3.2
4.083000183,-3.102339167,24.31578947,3.2
4.092000008,-3.027960116,24.31578947,3.2
4.100999832,-2.958517552,24.31578947,3.2
4.110000134,-2.894466761,24.31578947,3.2
4.118999958,-2.836119035,24.31578947,3.2
4.127999783,-2.783648298,24.31578947,3.2
4.137000084,-2.737058493,24.31578947,3.2
4.145999908,-2.696198689,24.31578947,3.2
4.15500021,-2.660751861,24.31578947,3.2
4.164000034,-2.630259303,24.31578947,3.2
4.172999859,-2.604115711,24.31578947,3.2
4.18200016,-2.581614152,24.31578947,3.2
4.190999985,-2.56196051,24.31578947,3.2
4.199999809,-2.544303099,24.31578947,3.2
4.209000111,-2.527777437,24.31578947,3.2
4.217999935,-2.511533438,24.31578947,3.2
4.227000237,-2.494785064,24.31578947,3.2
4.236000061,-2.476831567,24.31578947,3.2
4.244999886,-2.457107547,24.31578947,3.2
4.254000187,-2.435200031,24.31578947,3.2
4.263000011,-2.410871118,24.31578947,3.2
4.271999836,-2.384071316,24.31578947,3.2
4.281000137,-2.354946515,24.31578947,3.2
4.289999962,-2.323818986,24.31578947,3.2
4.298999786,-2.291179327,24.31578947,3.2
4.308000088,-2.257660791,24.31578947,3.2
4.316999912,-2.223998732,24.31578947,3.2
4.326000214,-2.190995698,24.31578947,3.2
4.335000038,-2.159488507,24.31578947,3.2
4.343999863,-2.130298604,24.31578947,3.2
4.353000164,-2.104199691,24.31578947,3.2
4.361999989,-2.081880729,24.31578947,3.2
4.370999813,-2.063917345,24.31578947,3.2
4.380000114,-2.050754137,24.31578947,3.2
4.388999939,-2.042676535,24.31578947,3.2
4.397999763,-2.039813701,24.31578947,3.2
4.407000065,-2.042123943,24.31578947,3.2
4.415999889,-2.049408598,24.31578947,3.2
4.425000191,-2.061315237,24.31578947,3.2
4.434000015,-2.077352987,24.31578947,3.2
4.44299984,-2.096916572,24.31578947,3.2
4.452000141,-2.119312423,24.31578947,3.2
4.460999966,-2.143792095,24.31578947,3.2
4.46999979,-2.169580991,24.31578947,3.2
4.479000092,-2.195921896,24.31578947,3.2
4.487999916,-2.222122126,24.31578947,3.2
4.497000217,-2.247583357,24.31578947,3.2
4.506000042,-2.271853284,24.31578947,3.2
4.514999866,-2.294655747,24.31578947,3.2
4.524000168,-2.315914756,24.31578947,3.2
4.532999992,-2.335790962,24.31578947,3.2
4.541999817,-2.354674102,24.31578947,3.2
4.551000118,-2.373190729,24.31578947,3.2
4.559999943,-2.392191448,24.31578947,3.2
4.568999767,-2.412727673,24.31578947,3.2
4.578000069,-2.436009969,24.31578947,3.2
4.586999893,-2.463386441,24.31578947,3.2
4.596000195,-2.496290905,24.31578947,3.2
4.605000019,-2.536205036,24.31578947,3.2
4.613999844,-2.584624948,24.31578947,3.2
4.623000145,-2.643024595,24.31578947,3.2
4.631999969,-2.712824354,24.31578947,3.2
4.640999794,-2.79537995,24.31578947,3.2
4.650000095,-2.891955198,24.31578947,3.2
4.65899992,-3.003714806,24.31578947,3.2
4.668000221,-3.131708758,24.31578947,3.2
4.677000046,-3.276859858,24.31578947,3.2
4.68599987,-3.439952976,24.31578947,3.2
4.695000172,-3.621602237,24.31578947,3.2
4.703999996,-3.822216879,24.31578947,3.2
4.712999821,-4.041948307,24.31578947,3.2
4.722000122,-4.280612627,24.31578947,3.2
4.730999947,-4.537581368,24.31578947,3.2
4.739999771,-4.811639316,24.31578947,3.2
4.749000072,-5.100809595,24.31578947,3.2
4.757999897,-5.402127859,24.31578947,3.2
4.767000198,-5.71139063,24.31578947,3.2
4.776000023,-6.022909928,24.31578947,3.2
4.784999847,-6.329308339,24.31578947,3.2
4.794000149,-6.621459228,24.31578947,3.2
4.802999973,-6.888694098,24.31578947,3.2
4.811999798,-7.119380643,24.31578947,3.2
4.821000099,-7.301996911,24.31578947,3.2
4.829999924,-7.426584297,24.31578947,3.2
4.839000225,-7.486350667,24.31578947,3.2
4.84800005,-7.478971861,24.31578947,3.2
4.856999874,-7.40712987,24.31578947,3.2
4.866000175,-7.278120549,24.31578947,3.2
4.875,-7.102622814,24.31578947,3.2
4.883999825,-6.893086668,24.31578947,3.2
4.893000126,-6.662189431,24.31578947,3.2
4.90199995,-6.42165572,24.31578947,3.2
4.910999775,-6.181563422,24.31578947,3.2
4.920000076,-5.950073751,24.31578947,3.2
4.928999901,-5.733443893,24.31578947,3.2
4.938000202,-5.53621844,24.31578947,3.2
4.947000027,-5.361482931,24.31578947,3.2
4.955999851,-5.21113847,24.31578947,3.2
4.965000153,-5.086130664,24.31578947,3.2
4.973999977,-4.986659739,24.31578947,3.2
4.982999802,-4.912336721,24.31578947,3.2
4.992000103,-4.862297158,24.31578947,3.2
5.000999928,-4.835290634,24.31578947,3.2
5.010000229,-4.829728349,24.31578947,3.2
5.019000053,-4.843717308,24.31578947,3.2
5.027999878,-4.875068743,24.31578947,3.2
5.037000179,-4.921305806,24.31578947,3.2
5.046000004,-4.979661221,24.31578947,3.2
5.054999828,-5.047081265,24.31578947,3.2
5.06400013,-5.120247562,24.31578947,3.2
5.072999954,-5.195613176,24.31578947,3.2
5.081999779,-5.269479252,24.31578947,3.2
5.09100008,-5.338099339,24.31578947,3.2
5.099999905,-5.397823931,24.31578947,3.2
5.109000206,-5.445272802,24.31578947,3.2
5.118000031,-5.477524637,24.31578947,3.2
5.126999855,-5.492296907,24.31578947,3.2
5.136000156,-5.48809277,24.31578947,3.2
5.144999981,-5.464299832,24.31578947,3.2
5.153999805,-5.421195097,24.31578947,3.2
5.163000107,-5.359891264,24.31578947,3.2
5.171999931,-5.282204096,24.31578947,3.2
5.181000233,-5.190462534,24.31578947,3.2
5.190000057,-5.087319344,24.31578947,3.2
5.198999882,-4.975541943,24.31578947,3.2
5.208000183,-4.857837955,24.31578947,3.2
5.217000008,-4.736719051,24.31578947,3.2
5.225999832,-4.614405412,24.31578947,3.2
5.235000134,-4.492759721,24.31578947,3.2
5.243999958,-4.373273864,24.31578947,3.2
5.252999783,-4.257067319,24.31578947,3.2
5.262000084,-4.144913425,24.31578947,3.2
5.270999908,-4.037275047,24.31578947,3.2
5.28000021,-3.934348547,24.31578947,3.2
5.289000034,-3.836117384,24.31578947,3.2
5.297999859,-3.742392164,24.31578947,3.2
5.30700016,-3.652865834,24.31578947,3.2
5.315999985,-3.567153096,24.31578947,3.2
5.324999809,-3.484836086,24.31578947,3.2
5.334000111,-3.405492022,24.31578947,3.2
5.342999935,-3.328731038,24.31578947,3.2
5.352000237,-3.254212855,24.31578947,3.2
5.361000061,-3.181669172,24.31578947,3.2
5.369999886,-3.110906924,24.31578947,3.2
5.379000187,-3.04182114,24.31578947,3.2
5.388000011,-2.974386397,24.31578947,3.2
5.396999836,-2.908652617,24.31578947,3.2
5.406000137,-2.84473222,24.31578947,3.2
5.414999962,-2.782788143,24.31578947,3.2
5.423999786,-2.723014697,24.31578947,3.2
5.433000088,-2.665621466,24.31578947,3.2
5.441999912,-2.610820832,24.31578947,3.2
5.451000214,-2.558806104,24.31578947,3.2
5.460000038,-2.509740901,24.31578947,3.2
5.468999863,-2.463755195,24.31578947,3.2
5.478000164,-2.420922702,24.31578947,3.2
5.486999989,-2.381270045,24.31578947,3.2
5.495999813,-2.344765999,24.31578947,3.2
5.505000114,-2.311327166,24.31578947,3.2
5.513999939,-2.280813939,24.31578947,3.2
5.522999763,-2.253046436,24.31578947,3.2
5.532000065,-2.227802086,24.31578947,3.2
5.540999889,-2.204827348,24.31578947,3.2
5.550000191,-2.183853101,24.31578947,3.2
5.559000015,-2.164595522,24.31578947,3.2
5.56799984,-2.146776841,24.31578947,3.2
5.577000141,-2.130128219,24.31578947,3.2
5.585999966,-2.11440762,24.31578947,3.2
5.59499979,-2.099400463,24.31578947,3.2
5.604000092,-2.08493413,24.31578947,3.2
5.612999916,-2.070877077,24.31578947,3.2
5.622000217,-2.057144639,24.31578947,3.2
5.631000042,-2.043701353,24.31578947,3.2
5.639999866,-2.030555301,24.31578947,3.2
5.649000168,-2.017755665,24.31578947,3.2
5.657999992,-2.005387469,24.31578947,3.2
5.666999817,-1.99356221,24.31578947,3.2
5.676000118,-1.982413242,24.31578947,3.2
5.684999943,-1.972080727,24.31578947,3.2
5.693999767,-1.96271128,24.31578947,3.2
5.703000069,-1.954438162,24.31578947,3.2
5.711999893,-1.947385938,24.31578947,3.2
5.721000195,-1.941653811,24.31578947,3.2
5.730000019,-1.937314549,24.31578947,3.2
5.738999844,-1.934412891,24.31578947,3.2
5.748000145,-1.932961916,24.31578947,3.2
5.756999969,-1.932940223,24.31578947,3.2
5.765999794,-1.934299508,24.31578947,3.2
5.775000095,-1.936960768,24.31578947,3.2
5.78399992,-1.940825224,24.31578947,3.2
5.793000221,-1.945775119,24.31578947,3.2
5.802000046,-1.951681798,24.31578947,3.2
5.81099987,-1.958414396,24.31578947,3.2
5.820000172,-1.965842902,24.31578947,3.2
5.828999996,-1.973849726,24.31578947,3.2
5.837999821,-1.982332161,24.31578947,3.2
5.847000122,-1.991209207,24.31578947,3.2
5.855999947,-2.000427095,24.31578947,3.2
5.864999771,-2.009959845,24.31578947,3.2
5.874000072,-2.019810871,24.31578947,3.2
5.882999897,-2.030014235,24.31578947,3.2
5.892000198,-2.040632722,24.31578947,3.2
5.901000023,-2.051750988,24.31578947,3.2
5.909999847,-2.063478276,24.31578947,3.2
5.919000149,-2.075933349,24.31578947,3.2
5.927999973,-2.089249658,24.31578947,3.2
5.936999798,-2.103559433,24.31578947,3.2
5.946000099,-2.118992858,24.31578947,3.2
5.954999924,-2.135674022,24.31578947,3.2
5.964000225,-2.153713746,24.31578947,3.2
5.97300005,-2.173202868,24.31578947,3.2
5.981999874,-2.194217969,24.31578947,3.2
5.991000175,-2.216813675,24.31578947,3.2
6,-2.241022525,24.31578947,3.2
6.008999825,-2.26686166,24.31578947,3.2
6.018000126,-2.294329566,24.31578947,3.2
6.02699995,-2.323415156,24.31578947,3.2
6.035999775,-2.3540983,24.31578947,3.2
6.045000076,-2.386359482,24.31578947,3.2
6.053999901,-2.420183176,24.31578947,3.2
6.063000202,-2.455563374,24.31578947,3.2
6.072000027,-2.492511271,24.31578947,3.2
6.080999851,-2.531059359,24.31578947,3.2
6.090000153,-2.571267449,24.31578947,3.2
6.098999977,-2.613223335,24.31578947,3.2
6.107999802,-2.657050387,24.31578947,3.2
6.117000103,-2.702900955,24.31578947,3.2
6.125999928,-2.750961459,24.31578947,3.2
6.135000229,-2.801447528,24.31578947,3.2
6.144000053,-2.854606024,24.31578947,3.2
6.152999878,-2.910704713,24.31578947,3.2
6.162000179,-2.970035699,24.31578947,3.2
6.171000004,-3.032904328,24.31578947,3.2
6.179999828,-3.099633617,24.31578947,3.2
6.18900013,-3.170550058,24.31578947,3.2
6.197999954,-3.245990061,24.31578947,3.2
6.206999779,-3.326299746,24.31578947,3.2
6.21600008,-3.411829885,24.31578947,3.2
6.224999905,-3.502944055,24.31578947,3.2
6.234000206,-3.600017958,24.31578947,3.2
6.243000031,-3.703454303,24.31578947,3.2
6.251999855,-3.813688948,24.31578947,3.2
6.261000156,-3.931200647,24.31578947,3.2
6.269999981,-4.056529371,24.31578947,3.2
6.278999805,-4.190292626,24.31578947,3.2
6.288000107,-4.333200453,24.31578947,3.2
6.296999931,-4.486081489,24.31578947,3.2
6.306000233,-4.649896259,24.31578947,3.2
6.315000057,-4.825766749,24.31578947,3.2
6.323999882,-5.014999223,24.31578947,3.2
6.333000183,-5.21910185,24.31578947,3.2
6.342000008,-5.439821739,24.31578947,3.2
6.350999832,-5.67917119,24.31578947,3.2
6.360000134,-5.939450598,24.31578947,3.2
6.368999958,-6.223298084,24.31578947,3.2
6.377999783,-6.533736101,24.31578947,3.2
6.387000084,-6.874218987,24.31578947,3.2
6.395999908,-7.248714071,24.31578947,3.2
6.40500021,-7.661810849,24.31578947,3.2
6.414000034,-8.118839832,24.31578947,3.2
6.422999859,-8.626084056,24.31578947,3.2
6.43200016,-9.191024375,24.31578947,3.2
6.440999985,-9.822735899,24.31578947,3.2
6.449999809,-10.53245158,24.31578947,3.2
6.459000111,-11.33438889,24.31578947,3.2
6.467999935,-12.24705527,24.31578947,3.2
6.477000237,-13.29527677,24.31578947,3.2
6.486000061,-14.51358135,24.31578947,3.2
6.494999886,-15.95189118,24.31578947,3.2
6.504000187,-17.6854847,24.31578947,3.2
6.513000011,-19.83173321,24.31578947,3.2
6.521999836,-22.56719405,24.31578947,3.2
6.531000137,-26.01553261,24.31578947,3.2
6.539999962,-28.87456237,24.31578947,3.2
6.548999786,-27.24577487,24.31578947,3.2
6.558000088,-23.75702822,24.31578947,3.2
6.566999912,-20.87265867,24.31578947,3.2
6.576000214,-18.63938427,24.31578947,3.2
6.585000038,-16.86682059,24.31578947,3.2
6.593999863,-15.41918443,24.31578947,3.2
6.603000164,-14.20958905,24.31578947,3.2
6.611999989,-13.18117754,24.31578947,3.2
6.620999813,-12.29524382,24.31578947,3.2
6.630000114,-11.52440557,24.31578947,3.2
6.638999939,-10.8486354,24.31578947,3.2
6.647999763,-10.25285149,24.31578947,3.2
6.657000065,-9.725421065,24.31578947,3.2
6.665999889,-9.257173099,24.31578947,3.2
6.675000191,-8.840739829,24.31578947,3.2
6.684000015,-8.470105943,24.31578947,3.2
6.69299984,-8.140281579,24.31578947,3.2
6.702000141,-7.84706214,24.31578947,3.2
6.710999966,-7.586861721,24.31578947,3.2
6.71999979,-7.356569062,24.31578947,3.2
6.729000092,-7.153452657,24.31578947,3.2
6.737999916,-6.975078374,24.31578947,3.2
6.747000217,-6.819251919,24.31578947,3.2
6.756000042,-6.683962304,24.31578947,3.2
6.764999866,-6.567355263,24.31578947,3.2
6.774000168,-6.467697619,24.31578947,3.2
6.782999992,-6.383367984,24.31578947,3.2
6.791999817,-6.312844323,24.31578947,3.2
6.801000118,-6.254688589,24.31578947,3.2
6.809999943,-6.207562841,24.31578947,3.2
6.818999767,-6.170222406,24.31578947,3.2
6.828000069,-6.141533054,24.31578947,3.2
6.836999893,-6.120465939,24.31578947,3.2
6.846000195,-6.106120872,24.31578947,3.2
6.855000019,-6.09772719,24.31578947,3.2
6.863999844,-6.094645761,24.31578947,3.2
6.873000145,-6.096381016,24.31578947,3.2
6.881999969,-6.10256585,24.31578947,3.2
6.890999794,-6.112970032,24.31578947,3.2
6.900000095,-6.127475478,24.31578947,3.2
6.90899992,-6.146066808,24.31578947,3.2
6.918000221,-6.168816485,24.31578947,3.2
6.927000046,-6.195858134,24.31578947,3.2
6.93599987,-6.227362651,24.31578947,3.2
6.945000172,-6.263519314,24.31578947,3.2
6.953999996,-6.304507337,24.31578947,3.2
6.962999821,-6.350475583,24.31578947,3.2
6.972000122,-6.401520362,24.31578947,3.2
6.980999947,-6.457665033,24.31578947,3.2
6.989999771,-6.518847412,24.31578947,3.2
6.999000072,-6.584910049,24.31578947,3.2
7.007999897,-6.655588928,24.31578947,3.2
7.017000198,-6.730509906,24.31578947,3.2
7.026000023,-6.809197893,24.31578947,3.2
7.034999847,-6.89108457,24.31578947,3.2
7.044000149,-6.975504425,24.31578947,3.2
7.052999973,-7.061746871,24.31578947,3.2
7.061999798,-7.149034995,24.31578947,3.2
7.071000099,-7.236589355,24.31578947,3.2
7.079999924,-7.323634308,24.31578947,3.2
7.089000225,-7.40943408,24.31578947,3.2
7.09800005,-7.49331977,24.31578947,3.2
7.106999874,-7.57471827,24.31578947,3.2
7.116000175,-7.65317103,24.31578947,3.2
7.125,-7.728356561,24.31578947,3.2
7.133999825,-7.800101042,24.31578947,3.2
7.143000126,-7.868374325,24.31578947,3.2
7.15199995,-7.933300278,24.31578947,3.2
7.160999775,-7.995138629,24.31578947,3.2
7.170000076,-8.054264476,24.31578947,3.2
7.178999901,-8.111149495,24.31578947,3.2
7.188000202,-8.166347686,24.31578947,3.2
7.197000027,-8.220443996,24.31578947,3.2
7.205999851,-8.274054486,24.31578947,3.2
7.215000153,-8.327776156,24.31578947,3.2
7.223999977,-8.382172159,24.31578947,3.2
7.232999802,-8.437752444,24.31578947,3.2
7.242000103,-8.494950094,24.31578947,3.2
7.250999928,-8.554107488,24.31578947,3.2
7.260000229,-8.615474087,24.31578947,3.2
7.269000053,-8.679193321,24.31578947,3.2
7.277999878,-8.745312368,24.31578947,3.2
7.287000179,-8.813770928,24.31578947,3.2
7.296000004,-8.884428218,24.31578947,3.2
7.304999828,-8.957060558,24.31578947,3.2
7.31400013,-9.031381249,24.31578947,3.2
7.322999954,-9.107059231,24.31578947,3.2
7.331999779,-9.183732337,24.31578947,3.2
7.34100008,-9.261035619,24.31578947,3.2
7.349999905,-9.338613425,24.31578947,3.2
7.359000206,-9.416146572,24.31578947,3.2
7.368000031,-9.49336662,24.31578947,3.2
7.376999855,-9.570067168,24.31578947,3.2
7.386000156,-9.646129658,24.31578947,3.2
7.394999981,-9.721522346,24.31578947,3.2
7.403999805,-9.796309647,24.31578947,3.2
7.413000107,-9.870651715,24.31578947,3.2
7.421999931,-9.944795318,24.31578947,3.2
7.431000233,-10.01908457,24.31578947,3.2
7.440000057,-10.09393143,24.31578947,3.2
7.448999882,-10.16980036,24.31578947,3.2
7.458000183,-10.24721345,24.31578947,3.2
7.467000008,-10.32671026,24.31578947,3.2
7.475999832,-10.40884311,24.31578947,3.2
7.485000134,-10.49415624,24.31578947,3.2
7.493999958,-10.58316864,24.31578947,3.2
7.502999783,-10.67636306,24.31578947,3.2
7.512000084,-10.7741721,24.31578947,3.2
7.520999908,-10.87696809,24.31578947,3.2
7.53000021,-10.98506114,24.31578947,3.2
7.539000034,-11.09868105,24.31578947,3.2
7.547999859,-11.21799364,24.31578947,3.2
7.55700016,-11.3430981,24.31578947,3.2
7.565999985,-11.47401953,24.31578947,3.2
7.574999809,-11.61072354,24.31578947,3.2
7.584000111,-11.75313041,24.31578947,3.2
7.592999935,-11.90112432,24.31578947,3.2
7.602000237,-12.05456031,24.31578947,3.2
7.611000061,-12.21328954,24.31578947,3.2
7.619999886,-12.37717471,24.31578947,3.2
7.629000187,-12.5461069,24.31578947,3.2
7.638000011,-12.72002654,24.31578947,3.2
7.646999836,-12.89894536,24.31578947,3.2
7.656000137,-13.08295563,24.31578947,3.2
7.664999962,-13.27226371,24.31578947,3.2
7.673999786,-13.46717537,24.31578947,3.2
7.683000088,-13.66812766,24.31578947,3.2
7.691999912,-13.87568214,24.31578947,3.2
7.701000214,-14.09052285,24.31578947,3.2
7.710000038,-14.31343707,24.31578947,3.2
7.718999863,-14.54532398,24.31578947,3.2
7.728000164,-14.78714153,24.31578947,3.2
7.736999989,-15.0398912,24.31578947,3.2
7.745999813,-15.30457706,24.31578947,3.2
7.755000114,-15.58214371,24.31578947,3.2
7.763999939,-15.87343035,24.31578947,3.2
7.772999763,-16.17906441,24.31578947,3.2
7.782000065,-16.49938405,24.31578947,3.2
7.790999889,-16.83429663,24.31578947,3.2
7.800000191,-17.18311885,24.31578947,3.2
7.809000015,-17.5443901,24.31578947,3.2
7.81799984,-17.91560522,24.31578947,3.2
7.827000141,-18.29295217,24.31578947,3.2
7.835999966,-18.67100319,24.31578947,3.2
7.84499979,-19.04241783,24.31578947,3.2
7.854000092,-19.39777291,24.31578947,3.2
7.862999916,-19.72558013,24.31578947,3.2
7.872000217,-20.01273003,24.31578947,3.2
7.881000042,-20.24541249,24.31578947,3.2
7.889999866,-20.41062261,24.31578947,3.2
7.899000168,-20.49799071,24.31578947,3.2
7.907999992,-20.50155609,24.31578947,3.2
7.916999817,-20.4208239,24.31578947,3.2
7.926000118,-20.26078184,24.31578947,3.2
7.934999943,-20.03079279,24.31578947,3.2
7.943999767,-19.74289257,24.31578947,3.2
7.953000069,-19.4099161,24.31578947,3.2
7.961999893,-19.04405281,24.31578947,3.2
7.971000195,-18.65589974,24.31578947,3.2
7.980000019,-18.25407981,24.31578947,3.2
7.988999844,-17.84523786,24.31578947,3.2
7.998000145,-17.43424027,24.31578947,3.2
8.006999969,-17.02449183,24.31578947,3.2
8.015999794,-16.61827348,24.31578947,3.2
8.024999619,-16.21704003,24.31578947,3.2
8.034000397,-15.82168772,24.31578947,3.2
8.043000221,-15.43275143,24.31578947,3.2
8.052000046,-15.05057173,24.31578947,3.2
8.06099987,-14.67539504,24.31578947,3.2
8.069999695,-14.30746959,24.31578947,3.2
8.079000473,-13.94707528,24.31578947,3.2
8.088000298,-13.59455753,24.31578947,3.2
8.097000122,-13.25032026,24.31578947,3.2
8.105999947,-12.91481247,24.31578947,3.2
8.114999771,-12.58852506,24.31578947,3.2
8.123999596,-12.27195388,24.31578947,3.2
8.133000374,-11.96557356,24.31578947,3.2
8.142000198,-11.66982143,24.31578947,3.2
8.151000023,-11.38507435,24.31578947,3.2
8.159999847,-11.11161969,24.31578947,3.2
8.168999672,-10.84965935,24.31578947,3.2
8.17800045,-10.5992824,24.31578947,3.2
8.187000275,-10.36047781,24.31578947,3.2
8.196000099,-10.13311781,24.31578947,3.2
8.204999924,-9.916973007,24.31578947,3.2
8.213999748,-9.711717653,24.31578947,3.2
8.222999573,-9.516933692,24.31578947,3.2
8.232000351,-9.33212619,24.31578947,3.2
8.241000175,-9.156745597,24.31578947,3.2
8.25,-8.990193775,24.31578947,3.2
8.258999825,-8.831847928,24.31578947,3.2
8.267999649,-8.681076858,24.31578947,3.2
8.277000427,-8.53726299,24.31578947,3.2
8.286000252,-8.399814725,24.31578947,3.2
8.295000076,-8.268189378,24.31578947,3.2
8.303999901,-8.141902528,24.31578947,3.2
8.312999725,-8.020543443,24.31578947,3.2
8.32199955,-7.903783831,24.31578947,3.2
8.331000328,-7.791383598,24.31578947,3.2
8.340000153,-7.683190097,24.31578947,3.2
8.348999977,-7.579136062,24.31578947,3.2
8.357999802,-7.479240539,24.31578947,3.2
8.366999626,-7.383590113,24.31578947,3.2
8.376000404,-7.292333615,24.31578947,3.2
8.385000229,-7.205670394,24.31578947,3.2
8.394000053,-7.123823652,24.31578947,3.2
8.402999878,-7.047043946,24.31578947,3.2
8.411999702,-6.975579075,24.31578947,3.2
8.420999527,-6.909665264,24.31578947,3.2
8.430000305,-6.849521132,24.31578947,3.2
8.43900013,-6.795324008,24.31578947,3.2
8.447999954,-6.74721925,24.31578947,3.2
8.456999779,-6.705300639,24.31578947,3.2
8.465999603,-6.669611719,24.31578947,3.2
8.475000381,-6.640148762,24.31578947,3.2
8.484000206,-6.616858262,24.31578947,3.2
8.493000031,-6.599642948,24.31578947,3.2
8.501999855,-6.58836502,24.31578947,3.2
8.51099968,-6.58285518,24.31578947,3.2
8.520000458,-6.582925085,24.31578947,3.2
8.529000282,-6.588370113,24.31578947,3.2
8.538000107,-6.598989719,24.31578947,3.2
8.546999931,-6.614589524,24.31578947,3.2
8.555999756,-6.635001293,24.31578947,3.2
8.56499958,-6.660090283,24.31578947,3.2
8.574000359,-6.689768271,24.31578947,3.2
8.583000183,-6.723999567,24.31578947,3.2
8.592000008,-6.762813068,24.31578947,3.2
8.600999832,-6.806304391,24.31578947,3.2
8.609999657,-6.854645067,24.31578947,3.2
8.619000435,-6.908077471,24.31578947,3.2
8.628000259,-6.966917013,24.31578947,3.2
8.637000084,-7.031547773,24.31578947,3.2
8.645999908,-7.102418594,24.31578947,3.2
8.654999733,-7.180031251,24.31578947,3.2
8.663999557,-7.264935756,24.31578947,3.2
8.673000336,-7.357715299,24.31578947,3.2
8.68200016,-7.458980925,24.31578947,3.2
8.690999985,-7.569353253,24.31578947,3.2
8.699999809,-7.689452405,24.31578947,3.2
8.708999634,-7.819884907,24.31578947,3.2
8.718000412,-7.961230041,24.31578947,3.2
8.727000237,-8.114024727,24.31578947,3.2
8.736000061,-8.278751697,24.31578947,3.2
8.744999886,-8.455819693,24.31578947,3.2
8.75399971,-8.645547703,24.31578947,3.2
8.762999535,-8.848146727,24.31578947,3.2
8.772000313,-9.063696474,24.31578947,3.2
8.781000137,-9.292124165,24.31578947,3.2
8.789999962,-9.533176419,24.31578947,3.2
8.798999786,-9.786388905,24.31578947,3.2
8.807999611,-10.05106026,24.31578947,3.2
8.817000389,-10.32621465,24.31578947,3.2
8.826000214,-10.61056904,24.31578947,3.2
8.835000038,-10.9025075,24.31578947,3.2
8.843999863,-11.20005194,24.31578947,3.2
8.852999687,-11.50085397,24.31578947,3.2
8.862000465,-11.80219188,24.31578947,3.2
8.87100029,-12.10100011,24.31578947,3.2
8.880000114,-12.39392521,24.31578947,3.2
8.888999939,-12.67742013,24.31578947,3.2
8.897999763,-12.94787196,24.31578947,3.2
8.906999588,-13.20177502,24.31578947,3.2
8.916000366,-13.43592228,24.31578947,3.2
8.925000191,-13.64761552,24.31578947,3.2
8.934000015,-13.83485536,24.31578947,3.2
8.94299984,-13.99649728,24.31578947,3.2
8.951999664,-14.13234149,24.31578947,3.2
8.961000443,-14.24315121,24.31578947,3.2
8.970000267,-14.33059047,24.31578947,3.2
8.979000092,-14.39709721,24.31578947,3.2
8.987999916,-14.44571132,24.31578947,3.2
8.996999741,-14.47988294,24.31578947,3.2
9.005999565,-14.50328633,24.31578947,3.2
9.015000343,-14.51965117,24.31578947,3.2
9.024000168,-14.53262892,24.31578947,3.2
9.032999992,-14.54569207,24.31578947,3.2
9.041999817,-14.56206317,24.31578947,3.2
9.050999641,-14.58467193,24.31578947,3.2
9.06000042,-14.61612433,24.31578947,3.2
9.069000244,-14.6586873,24.31578947,3.2
9.078000069,-14.71426438,24.31578947,3.2
9.086999893,-14.78437262,24.31578947,3.2
9.095999718,-14.87010272,24.31578947,3.2
9.104999542,-14.97205294,24.31578947,3.2
9.11400032,-15.09024642,24.31578947,3.2
9.123000145,-15.22400763,24.31578947,3.2
9.131999969,-15.37180568,24.31578947,3.2
9.140999794,-15.53105982,24.31578947,3.2
9.149999619,-15.69792237,24.31578947,3.2
9.159000397,-15.86705346,24.31578947,3.2
9.168000221,-16.03143521,24.31578947,3.2
9.177000046,-16.18231574,24.31578947,3.2
9.18599987,-16.30936773,24.31578947,3.2
9.194999695,-16.40118866,24.31578947,3.2
9.204000473,-16.44622793,24.31578947,3.2
9.213000298,-16.43410782,24.31578947,3.2
9.222000122,-16.35711255,24.31578947,3.2
9.230999947,-16.21150763,24.31578947,3.2
9.239999771,-15.99824514,24.31578947,3.2
9.248999596,-15.7228081,24.31578947,3.2
9.258000374,-15.39425752,24.31578947,3.2
9.267000198,-15.02380056,24.31578947,3.2
9.276000023,-14.6233173,24.31578947,3.2
9.284999847,-14.20414501,24.31578947,3.2
9.293999672,-13.77631095,24.31578947,3.2
9.30300045,-13.34813445,24.31578947,3.2
9.312000275,-12.9261706,24.31578947,3.2
9.321000099,-12.5153248,24.31578947,3.2
9.329999924,-12.11906953,24.31578947,3.2
9.338999748,-11.73967927,24.31578947,3.2
9.347999573,-11.37847103,24.31578947,3.2
9.357000351,-11.03600325,24.31578947,3.2
9.366000175,-10.71225302,24.31578947,3.2
9.375,-10.40676266,24.31578947,3.2
9.383999825,-10.11875093,24.31578947,3.2
9.392999649,-9.847211841,24.31578947,3.2
9.402000427,-9.590992843,24.31578947,3.2
9.411000252,-9.348858502,24.31578947,3.2
9.420000076,-9.119549189,24.31578947,3.2
9.428999901,-8.901825099,24.31578947,3.2
9.437999725,-8.694503442,24.31578947,3.2
9.44699955,-8.49649659,24.31578947,3.2
9.456000328,-8.306835689,24.31578947,3.2
9.465000153,-8.12468971,24.31578947,3.2
9.473999977,-7.949377271,24.31578947,3.2
9.482999802,-7.780375718,24.31578947,3.2
9.491999626,-7.617316258,24.31578947,3.2
9.501000404,-7.459975143,24.31578947,3.2
9.510000229,-7.308263142,24.31578947,3.2
9.519000053,-7.162199413,24.31578947,3.2
9.527999878,-7.02189468,24.31578947,3.2
9.536999702,-6.887524952,24.31578947,3.2
9.545999527,-6.759296645,24.31578947,3.2
9.555000305,-6.637434965,24.31578947,3.2
9.56400013,-6.522151682,24.31578947,3.2
9.572999954,-6.413621711,24.31578947,3.2
9.581999779,-6.311969635,24.31578947,3.2
9.590999603,-6.217254395,24.31578947,3.2
9.600000381,-6.129455202,24.31578947,3.2
9.609000206,-6.048471211,24.31578947,3.2
9.618000031,-5.974108431,24.31578947,3.2
9.626999855,-5.906091074,24.31578947,3.2
9.63599968,-5.844059674,24.31578947,3.2
9.645000458,-5.787581005,24.31578947,3.2
9.654000282,-5.736156642,24.31578947,3.2
9.663000107,-5.689241784,24.31578947,3.2
9.671999931,-5.646258503,24.31578947,3.2
9.680999756,-5.606616734,24.31578947,3.2
9.68999958,-5.569732066,24.31578947,3.2
9.699000359,-5.535050944,24.31578947,3.2
9.708000183,-5.502069017,24.31578947,3.2
9.717000008,-5.470349811,24.31578947,3.2
9.725999832,-5.439545362,24.31578947,3.2
9.734999657,-5.409402268,24.31578947,3.2
9.744000435,-5.379781182,24.31578947,3.2
9.753000259,-5.350646943,24.31578947,3.2
9.762000084,-5.322074479,24.31578947,3.2
9.770999908,-5.29423993,24.31578947,3.2
9.779999733,-5.267402017,24.31578947,3.2
9.788999557,-5.241890429,24.31578947,3.2
9.798000336,-5.218084021,24.31578947,3.2
9.80700016,-5.196385383,24.31578947,3.2
9.815999985,-5.177199598,24.31578947,3.2
9.824999809,-5.160913512,24.31578947,3.2
9.833999634,-5.147872784,24.31578947,3.2
9.843000412,-5.13835954,24.31578947,3.2
9.852000237,-5.132585718,24.31578947,3.2
9.861000061,-5.130667333,24.31578947,3.2
9.869999886,-5.132629877,24.31578947,3.2
9.87899971,-5.13839107,24.31578947,3.2
9.887999535,-5.147769385,24.31578947,3.2
9.897000313,-5.160481161,24.31578947,3.2
9.906000137,-5.176153861,24.31578947,3.2
9.914999962,-5.194336974,24.31578947,3.2
9.923999786,-5.21452089,24.31578947,3.2
9.932999611,-5.236153658,24.31578947,3.2
9.942000389,-5.258671678,24.31578947,3.2
9.951000214,-5.281522826,24.31578947,3.2
9.960000038,-5.304193782,24.31578947,3.2
9.968999863,-5.326240618,24.31578947,3.2
9.977999687,-5.347309237,24.31578947,3.2
9.987000465,-5.367157794,24.31578947,3.2
9.99600029,-5.385674513,24.31578947,3.2
10.00500011,-5.402878365,24.31578947,3.2
10.01399994,-5.418923081,24.31578947,3.2
10.02299976,-5.434092874,24.31578947,3.2
10.03199959,-5.448778327,24.31578947,3.2
10.04100037,-5.463462604,24.31578947,3.2
10.05000019,-5.478691971,24.31578947,3.2
10.05900002,-5.495047761,24.31578947,3.2
10.06799984,-5.513114028,24.31578947,3.2
10.07699966,-5.533448794,24.31578947,3.2
10.08600044,-5.55655366,24.31578947,3.2
10.09500027,-5.582851247,24.31578947,3.2
10.10400009,-5.612657138,24.31578947,3.2
10.11299992,-5.646167702,24.31578947,3.2
10.12199974,-5.683443919,24.31578947,3.2
10.13099957,-5.72440319,24.31578947,3.2
10.14000034,-5.768822408,24.31578947,3.2
10.14900017,-5.816339505,24.31578947,3.2
10.15799999,-5.866464502,24.31578947,3.2
10.16699982,-5.918600662,24.31578947,3.2
10.17599964,-5.972071085,24.31578947,3.2
10.18500042,-6.026146784,24.31578947,3.2
10.19400024,-6.080089504,24.31578947,3.2
10.20300007,-6.133188601,24.31578947,3.2
10.21199989,-6.184801547,24.31578947,3.2
10.22099972,-6.234401485,24.31578947,3.2
10.22999954,-6.281604117,24.31578947,3.2
10.23900032,-6.326203396,24.31578947,3.2
10.24800014,-6.368183579,24.31578947,3.2
10.25699997,-6.407728961,24.31578947,3.2
10.26599979,-6.445219966,24.31578947,3.2
10.27499962,-6.481209477,24.31578947,3.2
10.2840004,-6.516401184,24.31578947,3.2
10.29300022,-6.551611528,24.31578947,3.2
10.30200005,-6.587725349,24.31578947,3.2
10.31099987,-6.625656369,24.31578947,3.2
10.31999969,-6.666301992,24.31578947,3.2
10.32900047,-6.710496807,24.31578947,3.2
10.3380003,-6.758980215,24.31578947,3.2
10.34700012,-6.812357243,24.31578947,3.2
10.35599995,-6.87107232,24.31578947,3.2
10.36499977,-6.935385498,24.31578947,3.2
10.3739996,-7.005354318,24.31578947,3.2
10.38300037,-7.080835133,24.31578947,3.2
10.3920002,-7.161470028,24.31578947,3.2
10.40100002,-7.246704011,24.31578947,3.2
10.40999985,-7.335801902,24.31578947,3.2
10.41899967,-7.427880153,24.31578947,3.2
10.42800045,-7.521940764,24.31578947,3.2
10.43700027,-7.616926609,24.31578947,3.2
10.4460001,-7.711778977,24.31578947,3.2
10.45499992,-7.805498622,24.31578947,3.2
10.46399975,-7.897212873,24.31578947,3.2
10.47299957,-7.986239255,24.31578947,3.2
10.48200035,-8.072135379,24.31578947,3.2
10.49100018,-8.154740958,24.31578947,3.2
10.5,-8.234207416,24.31578947,3.2
1.5,-1.0072289,27.57894737,0.8
1.508999944,-0.966268351,27.57894737,0.8
1.518000007,-0.932984341,27.57894737,0.8
1.52699995,-0.91137192,27.57894737,0.8
1.536000013,-0.904312349,27.57894737,0.8
1.544999957,-0.913345383,27.57894737,0.8
1.55400002,-0.938532007,27.57894737,0.8
1.562999964,-0.978413095,27.57894737,0.8
1.572000027,-1.030107104,27.57894737,0.8
1.58099997,-1.089502165,27.57894737,0.8
1.590000033,-1.151593015,27.57894737,0.8
1.598999977,-1.210944499,27.57894737,0.8
1.60800004,-1.262224711,27.57894737,0.8
1.616999984,-1.30079255,27.57894737,0.8
1.626000047,-1.323247408,27.57894737,0.8
1.63499999,-1.32783924,27.57894737,0.8
1.644000053,-1.314687769,27.57894737,0.8
1.652999997,-1.285757448,27.57894737,0.8
1.661999941,-1.244610057,27.57894737,0.8
1.671000004,-1.195966694,27.57894737,0.8
1.679999948,-1.145174853,27.57894737,0.8
1.68900001,-1.097648846,27.57894737,0.8
1.697999954,-1.05834909,27.57894737,0.8
1.707000017,-1.031352139,27.57894737,0.8
1.715999961,-1.019514279,27.57894737,0.8
1.725000024,-1.024258171,27.57894737,0.8
1.733999968,-1.045457084,27.57894737,0.8
1.743000031,-1.081447966,27.57894737,0.8
1.751999974,-1.12915034,27.57894737,0.8
1.761000037,-1.184296405,27.57894737,0.8
1.769999981,-1.24178523,27.57894737,0.8
1.779000044,-1.2961339,27.57894737,0.8
1.787999988,-1.342005507,27.57894737,0.8
1.797000051,-1.374788096,27.57894737,0.8
1.805999994,-1.391111177,27.57894737,0.8
1.815000057,-1.389273071,27.57894737,0.8
1.824000001,-1.369457503,27.57894737,0.8
1.832999945,-1.333720063,27.57894737,0.8
1.842000008,-1.285738893,27.57894737,0.8
1.850999951,-1.230362746,27.57894737,0.8
1.860000014,-1.173055126,27.57894737,0.8
1.868999958,-1.119311164,27.57894737,0.8
1.878000021,-1.074115066,27.57894737,0.8
1.886999965,-1.041498908,27.57894737,0.8
1.896000028,-1.024217231,27.57894737,0.8
1.904999971,-1.023560676,27.57894737,0.8
1.914000034,-1.039277226,27.57894737,0.8
1.922999978,-1.069618316,27.57894737,0.8
1.932000041,-1.111474102,27.57894737,0.8
1.940999985,-1.160626311,27.57894737,0.8
1.950000048,-1.212071285,27.57894737,0.8
1.958999991,-1.260453357,27.57894737,0.8
1.968000054,-1.30056599,27.57894737,0.8
1.976999998,-1.32787627,27.57894737,0.8
1.985999942,-1.339060118,27.57894737,0.8
1.995000005,-1.332412585,27.57894737,0.8
2.003999949,-1.308081758,27.57894737,0.8
2.013000011,-1.268095281,27.57894737,0.8
2.022000074,-1.21610993,27.57894737,0.8
2.030999899,-1.156976564,27.57894737,0.8
2.039999962,-1.096168331,27.57894737,0.8
2.049000025,-1.039180942,27.57894737,0.8
2.058000088,-0.990981049,27.57894737,0.8
2.066999912,-0.95556123,27.57894737,0.8
2.075999975,-0.935634849,27.57894737,0.8
2.085000038,-0.932461782,27.57894737,0.8
2.094000101,-0.945794768,27.57894737,0.8
2.102999926,-0.973933041,27.57894737,0.8
2.111999989,-1.013859292,27.57894737,0.8
2.121000051,-1.061466948,27.57894737,0.8
2.130000114,-1.111847459,27.57894737,0.8
2.138999939,-1.159687872,27.57894737,0.8
2.148000002,-1.199727237,27.57894737,0.8
2.157000065,-1.227295507,27.57894737,0.8
2.165999889,-1.238843093,27.57894737,0.8
2.174999952,-1.232417111,27.57894737,0.8
2.184000015,-1.207964941,27.57894737,0.8
2.193000078,-1.167410011,27.57894737,0.8
2.201999903,-1.114450359,27.57894737,0.8
2.210999966,-1.054112133,27.57894737,0.8
2.220000029,-0.992159313,27.57894737,0.8
2.229000092,-0.93444525,27.57894737,0.8
2.237999916,-0.886320033,27.57894737,0.8
2.246999979,-0.852156923,27.57894737,0.8
2.256000042,-0.835034687,27.57894737,0.8
2.265000105,-0.836554853,27.57894737,0.8
2.273999929,-0.856787302,27.57894737,0.8
2.282999992,-0.894298563,27.57894737,0.8
2.292000055,-0.946252242,27.57894737,0.8
2.301000118,-1.008557921,27.57894737,0.8
2.309999943,-1.076104594,27.57894737,0.8
2.319000006,-1.143075057,27.57894737,0.8
2.328000069,-1.203394952,27.57894737,0.8
2.336999893,-1.251316699,27.57894737,0.8
2.345999956,-1.282101984,27.57894737,0.8
2.355000019,-1.292732162,27.57894737,0.8
2.364000082,-1.282503192,27.57894737,0.8
2.372999907,-1.253333747,27.57894737,0.8
2.381999969,-1.20971986,27.57894737,0.8
2.391000032,-1.15829768,27.57894737,0.8
2.400000095,-1.107131575,27.57894737,0.8
2.40899992,-1.064896847,27.57894737,0.8
2.417999983,-1.040143432,27.57894737,0.8
2.427000046,-1.040745043,27.57894737,0.8
2.436000109,-1.073609581,27.57894737,0.8
2.444999933,-1.144618343,27.57894737,0.8
2.453999996,-1.258755446,27.57894737,0.8
2.463000059,-1.420353045,27.57894737,0.8
2.471999884,-1.633386832,27.57894737,0.8
2.480999947,-1.901763632,27.57894737,0.8
2.49000001,-2.229561713,27.57894737,0.8
2.499000072,-2.621137424,27.57894737,0.8
2.507999897,-3.081016008,27.57894737,0.8
2.51699996,-3.613390989,27.57894737,0.8
2.526000023,-4.220862395,27.57894737,0.8
2.535000086,-4.901802245,27.57894737,0.8
2.54399991,-5.645222858,27.57894737,0.8
2.552999973,-6.421761639,27.57894737,0.8
2.562000036,-7.170453878,27.57894737,0.8
2.571000099,-7.787405885,27.57894737,0.8
2.579999924,-8.137038692,27.57894737,0.8
2.588999987,-8.110048373,27.57894737,0.8
2.59800005,-7.699654275,27.57894737,0.8
2.607000113,-7.00968219,27.57894737,0.8
2.615999937,-6.183270733,27.57894737,0.8
2.625,-5.336742714,27.57894737,0.8
2.634000063,-4.541108229,27.57894737,0.8
2.642999887,-3.831306509,27.57894737,0.8
2.65199995,-3.219926556,27.57894737,0.8
2.661000013,-2.707242223,27.57894737,0.8
2.670000076,-2.287249906,27.57894737,0.8
2.678999901,-1.951008712,27.57894737,0.8
2.687999964,-1.688442995,27.57894737,0.8
2.697000027,-1.48928162,27.57894737,0.8
2.70600009,-1.343518124,27.57894737,0.8
2.714999914,-1.241620246,27.57894737,0.8
2.723999977,-1.174599382,27.57894737,0.8
2.73300004,-1.134048043,27.57894737,0.8
2.742000103,-1.112175505,27.57894737,0.8
2.750999928,-1.10188424,27.57894737,0.8
2.75999999,-1.096904663,27.57894737,0.8
2.769000053,-1.091965296,27.57894737,0.8
2.778000116,-1.082980009,27.57894737,0.8
2.786999941,-1.06719544,27.57894737,0.8
2.796000004,-1.043253354,27.57894737,0.8
2.805000067,-1.011133197,27.57894737,0.8
2.813999891,-0.971972112,27.57894737,0.8
2.822999954,-0.927768024,27.57894737,0.8
2.832000017,-0.88103111,27.57894737,0.8
2.84100008,-0.834431082,27.57894737,0.8
2.849999905,-0.790478875,27.57894737,0.8
2.858999968,-0.751289023,27.57894737,0.8
2.868000031,-0.718426376,27.57894737,0.8
2.877000093,-0.692822807,27.57894737,0.8
2.885999918,-0.674771324,27.57894737,0.8
2.894999981,-0.663968159,27.57894737,0.8
2.904000044,-0.659596886,27.57894737,0.8
2.913000107,-0.660430856,27.57894737,0.8
2.921999931,-0.664963231,27.57894737,0.8
2.930999994,-0.671541734,27.57894737,0.8
2.940000057,-0.678520102,27.57894737,0.8
2.948999882,-0.684389521,27.57894737,0.8
2.957999945,-0.687909386,27.57894737,0.8
2.967000008,-0.688199171,27.57894737,0.8
2.976000071,-0.684804249,27.57894737,0.8
2.984999895,-0.677703364,27.57894737,0.8
2.993999958,-0.667278535,27.57894737,0.8
3.003000021,-0.654247108,27.57894737,0.8
3.012000084,-0.639551648,27.57894737,0.8
3.020999908,-0.62425363,27.57894737,0.8
3.029999971,-0.609406566,27.57894737,0.8
3.039000034,-0.595965594,27.57894737,0.8
3.048000097,-0.58469745,27.57894737,0.8
3.056999922,-0.576129785,27.57894737,0.8
3.065999985,-0.570523173,27.57894737,0.8
3.075000048,-0.567874613,27.57894737,0.8
3.084000111,-0.567931266,27.57894737,0.8
3.092999935,-0.570238757,27.57894737,0.8
3.101999998,-0.574193502,27.57894737,0.8
3.111000061,-0.579107198,27.57894737,0.8
3.119999886,-0.58427816,27.57894737,0.8
3.128999949,-0.58905216,27.57894737,0.8
3.138000011,-0.5928877,27.57894737,0.8
3.147000074,-0.595395526,27.57894737,0.8
3.155999899,-0.596367512,27.57894737,0.8
3.164999962,-0.595784425,27.57894737,0.8
3.174000025,-0.593802624,27.57894737,0.8
3.183000088,-0.590723986,27.57894737,0.8
3.191999912,-0.586955619,27.57894737,0.8
3.200999975,-0.582957603,27.57894737,0.8
3.210000038,-0.579196756,27.57894737,0.8
3.219000101,-0.576097893,27.57894737,0.8
3.227999926,-0.574010623,27.57894737,0.8
3.236999989,-0.573180739,27.57894737,0.8
3.246000051,-0.57374143,27.57894737,0.8
3.255000114,-0.575709982,27.57894737,0.8
3.263999939,-0.579001202,27.57894737,0.8
3.273000002,-0.583446649,27.57894737,0.8
3.282000065,-0.588822003,27.57894737,0.8
3.290999889,-0.594881019,27.57894737,0.8
3.299999952,-0.601376943,27.57894737,0.8
3.309000015,-0.608098599,27.57894737,0.8
3.318000078,-0.614885953,27.57894737,0.8
3.326999903,-0.621644151,27.57894737,0.8
3.335999966,-0.628348311,27.57894737,0.8
3.345000029,-0.635036683,27.57894737,0.8
3.354000092,-0.641806555,27.57894737,0.8
3.362999916,-0.648785513,27.57894737,0.8
3.371999979,-0.656125088,27.57894737,0.8
3.381000042,-0.663971591,27.57894737,0.8
3.390000105,-0.67245866,27.57894737,0.8
3.398999929,-0.681691941,27.57894737,0.8
3.407999992,-0.691747459,27.57894737,0.8
3.417000055,-0.702673976,27.57894737,0.8
3.426000118,-0.714504714,27.57894737,0.8
3.434999943,-0.727267547,27.57894737,0.8
3.444000006,-0.741008376,27.57894737,0.8
3.453000069,-0.755804638,27.57894737,0.8
3.461999893,-0.771785241,27.57894737,0.8
3.470999956,-0.78913816,27.57894737,0.8
3.480000019,-0.808116051,27.57894737,0.8
3.489000082,-0.82903563,27.57894737,0.8
3.497999907,-0.852265633,27.57894737,0.8
3.506999969,-0.878208739,27.57894737,0.8
3.516000032,-0.907277847,27.57894737,0.8
3.525000095,-0.939879193,27.57894737,0.8
3.53399992,-0.976382859,27.57894737,0.8
3.542999983,-1.017104224,27.57894737,0.8
3.552000046,-1.062302698,27.57894737,0.8
3.561000109,-1.112178759,27.57894737,0.8
3.569999933,-1.166897846,27.57894737,0.8
3.578999996,-1.226620281,27.57894737,0.8
3.588000059,-1.291563672,27.57894737,0.8
3.596999884,-1.362063487,27.57894737,0.8
3.605999947,-1.438666357,27.57894737,0.8
3.61500001,-1.5222272,27.57894737,0.8
3.624000072,-1.614000072,27.57894737,0.8
3.632999897,-1.715753732,27.57894737,0.8
3.64199996,-1.829858821,27.57894737,0.8
3.651000023,-1.959391937,27.57894737,0.8
3.660000086,-2.108221483,27.57894737,0.8
3.66899991,-2.281111976,27.57894737,0.8
3.677999973,-2.483823138,27.57894737,0.8
3.687000036,-2.723256294,27.57894737,0.8
3.696000099,-3.007620495,27.57894737,0.8
3.704999924,-3.34668056,27.57894737,0.8
3.713999987,-3.75209157,27.57894737,0.8
3.72300005,-4.237874878,27.57894737,0.8
3.732000113,-4.821119382,27.57894737,0.8
3.740999937,-5.523017187,27.57894737,0.8
3.75,-6.370460224,27.57894737,0.8
3.759000063,-7.398529465,27.57894737,0.8
3.767999887,-8.654363554,27.57894737,0.8
3.77699995,-10.20262626,27.57894737,0.8
3.786000013,-12.12969502,27.57894737,0.8
3.795000076,-14.52183771,27.57894737,0.8
3.803999901,-17.25841913,27.57894737,0.8
3.812999964,-19.08056079,27.57894737,0.8
3.822000027,-17.9528169,27.57894737,0.8
3.83100009,-15.33399478,27.57894737,0.8
3.839999914,-12.9105631,27.57894737,0.8
3.848999977,-10.95023553,27.57894737,0.8
3.85800004,-9.380377609,27.57894737,0.8
3.867000103,-8.109200098,27.57894737,0.8
3.875999928,-7.06678569,27.57894737,0.8
3.88499999,-6.202974968,27.57894737,0.8
3.894000053,-5.481519332,27.57894737,0.8
3.903000116,-4.875633253,27.57894737,0.8
3.911999941,-4.36503581,27.57894737,0.8
3.921000004,-3.934002327,27.57894737,0.8
3.930000067,-3.570045704,27.57894737,0.8
3.938999891,-3.26302337,27.57894737,0.8
3.947999954,-3.004494146,27.57894737,0.8
3.957000017,-2.787260775,27.57894737,0.8
3.96600008,-2.60504615,27.57894737,0.8
3.974999905,-2.452257569,27.57894737,0.8
3.983999968,-2.323838325,27.57894737,0.8
3.993000031,-2.215196328,27.57894737,0.8
4.001999855,-2.122166557,27.57894737,0.8
4.011000156,-2.041042458,27.57894737,0.8
4.019999981,-1.96862264,27.57894737,0.8
4.028999805,-1.902262952,27.57894737,0.8
4.038000107,-1.83993735,27.57894737,0.8
4.046999931,-1.780258152,27.57894737,0.8
4.056000233,-1.722462942,27.57894737,0.8
4.065000057,-1.66636233,27.57894737,0.8
4.073999882,-1.612243294,27.57894737,0.8
4.083000183,-1.56075826,27.57894737,0.8
4.092000008,-1.512781168,27.57894737,0.8
4.100999832,-1.469273791,27.57894737,0.8
4.110000134,-1.431158164,27.57894737,0.8
4.118999958,-1.399201027,27.57894737,0.8
4.127999783,-1.373929385,27.57894737,0.8
4.137000084,-1.355561109,27.57894737,0.8
4.145999908,-1.343972798,27.57894737,0.8
4.15500021,-1.338693764,27.57894737,0.8
4.164000034,-1.338921177,27.57894737,0.8
4.172999859,-1.343573699,27.57894737,0.8
4.18200016,-1.351378093,27.57894737,0.8
4.190999985,-1.360962345,27.57894737,0.8
4.199999809,-1.370979033,27.57894737,0.8
4.209000111,-1.380227655,27.57894737,0.8
4.217999935,-1.387763626,27.57894737,0.8
4.227000237,-1.392995914,27.57894737,0.8
4.236000061,-1.395732656,27.57894737,0.8
4.244999886,-1.396198219,27.57894737,0.8
4.254000187,-1.395009023,27.57894737,0.8
4.263000011,-1.393101617,27.57894737,0.8
4.271999836,-1.391641317,27.57894737,0.8
4.281000137,-1.391908778,27.57894737,0.8
4.289999962,-1.395181511,27.57894737,0.8
4.298999786,-1.402626441,27.57894737,0.8
4.308000088,-1.415187772,27.57894737,0.8
4.316999912,-1.433514577,27.57894737,0.8
4.326000214,-1.457900918,27.57894737,0.8
4.335000038,-1.48825843,27.57894737,0.8
4.343999863,-1.524118973,27.57894737,0.8
4.353000164,-1.564678247,27.57894737,0.8
4.361999989,-1.608866097,27.57894737,0.8
4.370999813,-1.655451769,27.57894737,0.8
4.380000114,-1.703168401,27.57894737,0.8
4.388999939,-1.750855687,27.57894737,0.8
4.397999763,-1.797596916,27.57894737,0.8
4.407000065,-1.842837907,27.57894737,0.8
4.415999889,-1.886467273,27.57894737,0.8
4.425000191,-1.928870965,27.57894737,0.8
4.434000015,-1.970915752,27.57894737,0.8
4.44299984,-2.013904854,27.57894737,0.8
4.452000141,-2.05948883,27.57894737,0.8
4.460999966,-2.109546712,27.57894737,0.8
4.46999979,-2.166045935,27.57894737,0.8
4.479000092,-2.23090623,27.57894737,0.8
4.487999916,-2.305878906,27.57894737,0.8
4.497000217,-2.392418349,27.57894737,0.8
4.506000042,-2.491608291,27.57894737,0.8
4.514999866,-2.604104815,27.57894737,0.8
4.524000168,-2.730125038,27.57894737,0.8
4.532999992,-2.869484703,27.57894737,0.8
4.541999817,-3.021679573,27.57894737,0.8
4.551000118,-3.186022741,27.57894737,0.8
4.559999943,-3.361809878,27.57894737,0.8
4.568999767,-3.548533108,27.57894737,0.8
4.578000069,-3.746095913,27.57894737,0.8
4.586999893,-3.955026383,27.57894737,0.8
4.596000195,-4.176662266,27.57894737,0.8
4.605000019,-4.413286435,27.57894737,0.8
4.613999844,-4.66819563,27.57894737,0.8
4.623000145,-4.945707877,27.57894737,0.8
4.631999969,-5.251098544,27.57894737,0.8
4.640999794,-5.590474557,27.57894737,0.8
4.650000095,-5.970618375,27.57894737,0.8
4.65899992,-6.398783045,27.57894737,0.8
4.668000221,-6.882472343,27.57894737,0.8
4.677000046,-7.429153087,27.57894737,0.8
4.68599987,-8.045886144,27.57894737,0.8
4.695000172,-8.738690132,27.57894737,0.8
4.703999996,-9.51140329,27.57894737,0.8
4.712999821,-10.3634648,27.57894737,0.8
4.722000122,-11.28569133,27.57894737,0.8
4.730999947,-12.25257235,27.57894737,0.8
4.739999771,-13.21002106,27.57894737,0.8
4.749000072,-14.06170582,27.57894737,0.8
4.757999897,-14.66985789,27.57894737,0.8
4.767000198,-14.89905097,27.57894737,0.8
4.776000023,-14.69810785,27.57894737,0.8
4.784999847,-14.13883353,27.57894737,0.8
4.794000149,-13.36054014,27.57894737,0.8
4.802999973,-12.49166347,27.57894737,0.8
4.811999798,-11.61687772,27.57894737,0.8
4.821000099,-10.78160918,27.57894737,0.8
4.829999924,-10.00627255,27.57894737,0.8
4.839000225,-9.297694764,27.57894737,0.8
4.84800005,-8.656007595,27.57894737,0.8
4.856999874,-8.078368389,27.57894737,0.8
4.866000175,-7.560828862,27.57894737,0.8
4.875,-7.099224649,27.57894737,0.8
4.883999825,-6.689534395,27.57894737,0.8
4.893000126,-6.328008286,27.57894737,0.8
4.90199995,-6.01115094,27.57894737,0.8
4.910999775,-5.735642302,27.57894737,0.8
4.920000076,-5.498235087,27.57894737,0.8
4.928999901,-5.295665988,27.57894737,0.8
4.938000202,-5.124570066,27.57894737,0.8
4.947000027,-4.981424074,27.57894737,0.8
4.955999851,-4.862527095,27.57894737,0.8
4.965000153,-4.764022935,27.57894737,0.8
4.973999977,-4.681951913,27.57894737,0.8
4.982999802,-4.612355795,27.57894737,0.8
4.992000103,-4.551393402,27.57894737,0.8
5.000999928,-4.49547898,27.57894737,0.8
5.010000229,-4.44142765,27.57894737,0.8
5.019000053,-4.386565345,27.57894737,0.8
5.027999878,-4.328829205,27.57894737,0.8
5.037000179,-4.266809513,27.57894737,0.8
5.046000004,-4.199747236,27.57894737,0.8
5.054999828,-4.127496267,27.57894737,0.8
5.06400013,-4.050436857,27.57894737,0.8
5.072999954,-3.969375949,27.57894737,0.8
5.081999779,-3.885409485,27.57894737,0.8
5.09100008,-3.79981994,27.57894737,0.8
5.099999905,-3.71394659,27.57894737,0.8
5.109000206,-3.629096777,27.57894737,0.8
5.118000031,-3.546465362,27.57894737,0.8
5.126999855,-3.46707105,27.57894737,0.8
5.136000156,-3.391728474,27.57894737,0.8
5.144999981,-3.321023163,27.57894737,0.8
5.153999805,-3.255305157,27.57894737,0.8
5.163000107,-3.194712485,27.57894737,0.8
5.171999931,-3.139172592,27.57894737,0.8
5.181000233,-3.088441542,27.57894737,0.8
5.190000057,-3.042135897,27.57894737,0.8
5.198999882,-2.999769001,27.57894737,0.8
5.208000183,-2.960782188,27.57894737,0.8
5.217000008,-2.924583145,27.57894737,0.8
5.225999832,-2.890583927,27.57894737,0.8
5.235000134,-2.858224361,27.57894737,0.8
5.243999958,-2.827004205,27.57894737,0.8
5.252999783,-2.796499488,27.57894737,0.8
5.262000084,-2.766373386,27.57894737,0.8
5.270999908,-2.736396761,27.57894737,0.8
5.28000021,-2.706433558,27.57894737,0.8
5.289000034,-2.676447228,27.57894737,0.8
5.297999859,-2.646493158,27.57894737,0.8
5.30700016,-2.616692081,27.57894737,0.8
5.315999985,-2.587220748,27.57894737,0.8
5.324999809,-2.558288066,27.57894737,0.8
5.334000111,-2.530111659,27.57894737,0.8
5.342999935,-2.502896206,27.57894737,0.8
5.352000237,-2.476814036,27.57894737,0.8
5.361000061,-2.451986879,27.57894737,0.8
5.369999886,-2.428469618,27.57894737,0.8
5.379000187,-2.406249349,27.57894737,0.8
5.388000011,-2.385238558,27.57894737,0.8
5.396999836,-2.365282397,27.57894737,0.8
5.406000137,-2.346170123,27.57894737,0.8
5.414999962,-2.327644815,27.57894737,0.8
5.423999786,-2.309431666,27.57894737,0.8
5.433000088,-2.291253099,27.57894737,0.8
5.441999912,-2.272861109,27.57894737,0.8
5.451000214,-2.254043336,27.57894737,0.8
5.460000038,-2.2346559,27.57894737,0.8
5.468999863,-2.214629726,27.57894737,0.8
5.478000164,-2.193980406,27.57894737,0.8
5.486999989,-2.172801061,27.57894737,0.8
5.495999813,-2.151260428,27.57894737,0.8
5.505000114,-2.129585068,27.57894737,0.8
5.513999939,-2.108039671,27.57894737,0.8
5.522999763,-2.086902425,27.57894737,0.8
5.532000065,-2.066437378,27.57894737,0.8
5.540999889,-2.046875266,27.57894737,0.8
5.550000191,-2.028384576,27.57894737,0.8
5.559000015,-2.011063663,27.57894737,0.8
5.56799984,-1.994921972,27.57894737,0.8
5.577000141,-1.979889416,27.57894737,0.8
5.585999966,-1.965812385,27.57894737,0.8
5.59499979,-1.952469294,27.57894737,0.8
5.604000092,-1.939598904,27.57894737,0.8
5.612999916,-1.926910758,27.57894737,0.8
5.622000217,-1.914123521,27.57894737,0.8
5.631000042,-1.900984586,27.57894737,0.8
5.639999866,-1.887300514,27.57894737,0.8
5.649000168,-1.87295264,27.57894737,0.8
5.657999992,-1.857908023,27.57894737,0.8
5.666999817,-1.842229771,27.57894737,0.8
5.676000118,-1.826069794,27.57894737,0.8
5.684999943,-1.809650196,27.57894737,0.8
5.693999767,-1.79325094,27.57894737,0.8
5.703000069,-1.777179005,27.57894737,0.8
5.711999893,-1.761739536,27.57894737,0.8
5.721000195,-1.747210063,27.57894737,0.8
5.730000019,-1.733808449,27.57894737,0.8
5.738999844,-1.721677905,27.57894737,0.8
5.748000145,-1.710871804,27.57894737,0.8
5.756999969,-1.701345842,27.57894737,0.8
5.765999794,-1.692960924,27.57894737,0.8
5.775000095,-1.685500667,27.57894737,0.8
5.78399992,-1.678685721,27.57894737,0.8
5.793000221,-1.672203702,27.57894737,0.8
5.802000046,-1.665733271,27.57894737,0.8
5.81099987,-1.658984536,27.57894737,0.8
5.820000172,-1.651720318,27.57894737,0.8
5.828999996,-1.643782491,27.57894737,0.8
5.837999821,-1.635114295,27.57894737,0.8
5.847000122,-1.625763777,27.57894737,0.8
5.855999947,-1.615883733,27.57894737,0.8
5.864999771,-1.605718439,27.57894737,0.8
5.874000072,-1.59558631,27.57894737,0.8
5.882999897,-1.585844541,27.57894737,0.8
5.892000198,-1.576861252,27.57894737,0.8
5.901000023,-1.568980502,27.57894737,0.8
5.909999847,-1.562487106,27.57894737,0.8
5.919000149,-1.55758706,27.57894737,0.8
5.927999973,-1.554379827,27.57894737,0.8
5.936999798,-1.552856674,27.57894737,0.8
5.946000099,-1.552894714,27.57894737,0.8
5.954999924,-1.554271646,27.57894737,0.8
5.964000225,-1.556685838,27.57894737,0.8
5.97300005,-1.559787097,27.57894737,0.8
5.981999874,-1.563205571,27.57894737,0.8
5.991000175,-1.566600129,27.57894737,0.8
6,-1.569687934,27.57894737,0.8
6.008999825,-1.572282419,27.57894737,0.8
6.018000126,-1.574318905,27.57894737,0.8
6.02699995,-1.575874632,27.57894737,0.8
6.035999775,-1.577167018,27.57894737,0.8
6.045000076,-1.578543648,27.57894737,0.8
6.053999901,-1.580462075,27.57894737,0.8
6.063000202,-1.583460346,27.57894737,0.8
6.072000027,-1.588104879,27.57894737,0.8
6.080999851,-1.594959927,27.57894737,0.8
6.090000153,-1.604537123,27.57894737,0.8
6.098999977,-1.617260867,27.57894737,0.8
6.107999802,-1.633440528,27.57894737,0.8
6.117000103,-1.653247312,27.57894737,0.8
6.125999928,-1.676715617,27.57894737,0.8
6.135000229,-1.703750629,27.57894737,0.8
6.144000053,-1.734152391,27.57894737,0.8
6.152999878,-1.767653074,27.57894737,0.8
6.162000179,-1.803969252,27.57894737,0.8
6.171000004,-1.842862987,27.57894737,0.8
6.179999828,-1.884211316,27.57894737,0.8
6.18900013,-1.928072065,27.57894737,0.8
6.197999954,-1.974752491,27.57894737,0.8
6.206999779,-2.024855531,27.57894737,0.8
6.21600008,-2.079325967,27.57894737,0.8
6.224999905,-2.13946948,27.57894737,0.8
6.234000206,-2.20694736,27.57894737,0.8
6.243000031,-2.283772926,27.57894737,0.8
6.251999855,-2.372270776,27.57894737,0.8
6.261000156,-2.475049153,27.57894737,0.8
6.269999981,-2.59495401,27.57894737,0.8
6.278999805,-2.735031739,27.57894737,0.8
6.288000107,-2.898481313,27.57894737,0.8
6.296999931,-3.088609784,27.57894737,0.8
6.306000233,-3.308766988,27.57894737,0.8
6.315000057,-3.562247984,27.57894737,0.8
6.323999882,-3.852136959,27.57894737,0.8
6.333000183,-4.181042648,27.57894737,0.8
6.342000008,-4.550681894,27.57894737,0.8
6.350999832,-4.961203488,27.57894737,0.8
6.360000134,-5.410153209,27.57894737,0.8
6.368999958,-5.890957851,27.57894737,0.8
6.377999783,-6.390889601,27.57894737,0.8
6.387000084,-6.888713106,27.57894737,0.8
6.395999908,-7.352872626,27.57894737,0.8
6.40500021,-7.742070865,27.57894737,0.8
6.414000034,-8.010784917,27.57894737,0.8
6.422999859,-8.120800012,27.57894737,0.8
6.43200016,-8.054886631,27.57894737,0.8
6.440999985,-7.82414889,27.57894737,0.8
6.449999809,-7.46335324,27.57894737,0.8
6.459000111,-7.017911709,27.57894737,0.8
6.467999935,-6.53119586,27.57894737,0.8
6.477000237,-6.037500287,27.57894737,0.8
6.486000061,-5.560479233,27.57894737,0.8
6.494999886,-5.114603156,27.57894737,0.8
6.504000187,-4.707493357,27.57894737,0.8
6.513000011,-4.342103644,27.57894737,0.8
6.521999836,-4.018382153,27.57894737,0.8
6.531000137,-3.734440204,27.57894737,0.8
6.539999962,-3.487332075,27.57894737,0.8
6.548999786,-3.273550597,27.57894737,0.8
6.558000088,-3.089355088,27.57894737,0.8
6.566999912,-2.930966805,27.57894737,0.8
6.576000214,-2.794707693,27.57894737,0.8
6.585000038,-2.677098814,27.57894737,0.8
6.593999863,-2.574920781,27.57894737,0.8
6.603000164,-2.485283426,27.57894737,0.8
6.611999989,-2.405660646,27.57894737,0.8
6.620999813,-2.333933517,27.57894737,0.8
6.630000114,-2.268403968,27.57894737,0.8
6.638999939,-2.207793961,27.57894737,0.8
6.647999763,-2.151231534,27.57894737,0.8
6.657000065,-2.098209769,27.57894737,0.8
6.665999889,-2.048520306,27.57894737,0.8
6.675000191,-2.002196888,27.57894737,0.8
6.684000015,-1.959424266,27.57894737,0.8
6.69299984,-1.920472201,27.57894737,0.8
6.702000141,-1.885617624,27.57894737,0.8
6.710999966,-1.855084909,27.57894737,0.8
6.71999979,-1.829005507,27.57894737,0.8
6.729000092,-1.807377111,27.57894737,0.8
6.737999916,-1.79005689,27.57894737,0.8
6.747000217,-1.776757667,27.57894737,0.8
6.756000042,-1.767062248,27.57894737,0.8
6.764999866,-1.760451384,27.57894737,0.8
6.774000168,-1.756337288,27.57894737,0.8
6.782999992,-1.754110313,27.57894737,0.8
6.791999817,-1.753177611,27.57894737,0.8
6.801000118,-1.753013423,27.57894737,0.8
6.809999943,-1.753195313,27.57894737,0.8
6.818999767,-1.75343081,27.57894737,0.8
6.828000069,-1.75358152,27.57894737,0.8
6.836999893,-1.753656712,27.57894737,0.8
6.846000195,-1.753813284,27.57894737,0.8
6.855000019,-1.754325179,27.57894737,0.8
6.863999844,-1.755553216,27.57894737,0.8
6.873000145,-1.757910819,27.57894737,0.8
6.881999969,-1.761813944,27.57894737,0.8
6.890999794,-1.767651705,27.57894737,0.8
6.900000095,-1.775747308,27.57894737,0.8
6.90899992,-1.786328756,27.57894737,0.8
6.918000221,-1.799519218,27.57894737,0.8
6.927000046,-1.815322614,27.57894737,0.8
6.93599987,-1.833625751,27.57894737,0.8
6.945000172,-1.854221268,27.57894737,0.8
6.953999996,-1.876823987,27.57894737,0.8
6.962999821,-1.90109705,27.57894737,0.8
6.972000122,-1.92669609,27.57894737,0.8
6.980999947,-1.95330064,27.57894737,0.8
6.989999771,-1.980645067,27.57894737,0.8
6.999000072,-2.00855567,27.57894737,0.8
7.007999897,-2.036973615,27.57894737,0.8
7.017000198,-2.065951816,27.57894737,0.8
7.026000023,-2.09567854,27.57894737,0.8
7.034999847,-2.126450168,27.57894737,0.8
7.044000149,-2.158656122,27.57894737,0.8
7.052999973,-2.192755712,27.57894737,0.8
7.061999798,-2.229242106,27.57894737,0.8
7.071000099,-2.268607238,27.57894737,0.8
7.079999924,-2.311320198,27.57894737,0.8
7.089000225,-2.357780464,27.57894737,0.8
7.09800005,-2.408316087,27.57894737,0.8
7.106999874,-2.463157292,27.57894737,0.8
7.116000175,-2.5224386,27.57894737,0.8
7.125,-2.586201768,27.57894737,0.8
7.133999825,-2.654410147,27.57894737,0.8
7.143000126,-2.726977189,27.57894737,0.8
7.15199995,-2.803795847,27.57894737,0.8
7.160999775,-2.884768573,27.57894737,0.8
7.170000076,-2.969856555,27.57894737,0.8
7.178999901,-3.059104171,27.57894737,0.8
7.188000202,-3.152680529,27.57894737,0.8
7.197000027,-3.250896543,27.57894737,0.8
7.205999851,-3.354222914,27.57894737,0.8
7.215000153,-3.463295771,27.57894737,0.8
7.223999977,-3.578911869,27.57894737,0.8
7.232999802,-3.70200811,27.57894737,0.8
7.242000103,-3.833647852,27.57894737,0.8
7.250999928,-3.974984251,27.57894737,0.8
7.260000229,-4.127237664,27.57894737,0.8
7.269000053,-4.2916703,27.57894737,0.8
7.277999878,-4.469555454,27.57894737,0.8
7.287000179,-4.662171713,27.57894737,0.8
7.296000004,-4.870786388,27.57894737,0.8
7.304999828,-5.09667059,27.57894737,0.8
7.31400013,-5.341116,27.57894737,0.8
7.322999954,-5.605462753,27.57894737,0.8
7.331999779,-5.89115392,27.57894737,0.8
7.34100008,-6.199795333,27.57894737,0.8
7.349999905,-6.533236165,27.57894737,0.8
7.359000206,-6.893655937,27.57894737,0.8
7.368000031,-7.283678931,27.57894737,0.8
7.376999855,-7.706489804,27.57894737,0.8
7.386000156,-8.165971763,27.57894737,0.8
7.394999981,-8.666890156,27.57894737,0.8
7.403999805,-9.215072623,27.57894737,0.8
7.413000107,-9.817696219,27.57894737,0.8
7.421999931,-10.48362121,27.57894737,0.8
7.431000233,-11.22388114,27.57894737,0.8
7.440000057,-12.05238069,27.57894737,0.8
7.448999882,-12.98690433,27.57894737,0.8
7.458000183,-14.050586,27.57894737,0.8
7.467000008,-15.27399072,27.57894737,0.8
7.475999832,-16.69771982,27.57894737,0.8
7.485000134,-18.37399271,27.57894737,0.8
7.493999958,-20.35840268,27.57894737,0.8
7.502999783,-22.64832275,27.57894737,0.8
7.512000084,-24.89633269,27.57894737,0.8
7.520999908,-25.83398064,27.57894737,0.8
7.53000021,-24.54652054,27.57894737,0.8
7.539000034,-22.3080892,27.57894737,0.8
7.547999859,-20.16545406,27.57894737,0.8
7.55700016,-18.34063819,27.57894737,0.8
7.565999985,-16.81058182,27.57894737,0.8
7.574999809,-15.5180738,27.57894737,0.8
7.584000111,-14.41329619,27.57894737,0.8
7.592999935,-13.45815394,27.57894737,0.8
7.602000237,-12.62412521,27.57894737,0.8
7.611000061,-11.88969846,27.57894737,0.8
7.619999886,-11.23841069,27.57894737,0.8
7.629000187,-10.65745379,27.57894737,0.8
7.638000011,-10.13671584,27.57894737,0.8
7.646999836,-9.668105743,27.57894737,0.8
7.656000137,-9.245074648,27.57894737,0.8
7.664999962,-8.862271926,27.57894737,0.8
7.673999786,-8.51529345,27.57894737,0.8
7.683000088,-8.20047844,27.57894737,0.8
7.691999912,-7.914771494,27.57894737,0.8
7.701000214,-7.655599838,27.57894737,0.8
7.710000038,-7.420778434,27.57894737,0.8
7.718999863,-7.208432924,27.57894737,0.8
7.728000164,-7.01693778,27.57894737,0.8
7.736999989,-6.844865481,27.57894737,0.8
7.745999813,-6.690932238,27.57894737,0.8
7.755000114,-6.553979424,27.57894737,0.8
7.763999939,-6.432924489,27.57894737,0.8
7.772999763,-6.32675627,27.57894737,0.8
7.782000065,-6.234507403,27.57894737,0.8
7.790999889,-6.155248435,27.57894737,0.8
7.800000191,-6.088087019,27.57894737,0.8
7.809000015,-6.032159583,27.57894737,0.8
7.81799984,-5.986651348,27.57894737,0.8
7.827000141,-5.950796702,27.57894737,0.8
7.835999966,-5.923896666,27.57894737,0.8
7.84499979,-5.905329225,27.57894737,0.8
7.854000092,-5.894567649,27.57894737,0.8
7.862999916,-5.891191974,27.57894737,0.8
7.872000217,-5.894888912,27.57894737,0.8
7.881000042,-5.90546209,27.57894737,0.8
7.889999866,-5.922825248,27.57894737,0.8
7.899000168,-5.946991987,27.57894737,0.8
7.907999992,-5.978062739,27.57894737,0.8
7.916999817,-6.016193976,27.57894737,0.8
7.926000118,-6.061585214,27.57894737,0.8
7.934999943,-6.1144421,27.57894737,0.8
7.943999767,-6.17495466,27.57894737,0.8
7.953000069,-6.243264168,27.57894737,0.8
7.961999893,-6.319449857,27.57894737,0.8
7.971000195,-6.403503101,27.57894737,0.8
7.980000019,-6.495319598,27.57894737,0.8
7.988999844,-6.594698486,27.57894737,0.8
7.998000145,-6.701346032,27.57894737,0.8
8.006999969,-6.814884181,27.57894737,0.8
8.015999794,-6.934868676,27.57894737,0.8
8.024999619,-7.060823835,27.57894737,0.8
8.034000397,-7.192251401,27.57894737,0.8
8.043000221,-7.328671584,27.57894737,0.8
8.052000046,-7.469629862,27.57894737,0.8
8.06099987,-7.614730829,27.57894737,0.8
8.069999695,-7.76363102,27.57894737,0.8
8.079000473,-7.916047795,27.57894737,0.8
8.088000298,-8.071745343,27.57894737,0.8
8.097000122,-8.230519396,27.57894737,0.8
8.105999947,-8.392164641,27.57894737,0.8
8.114999771,-8.556443722,27.57894737,0.8
8.123999596,-8.723057226,27.57894737,0.8
8.133000374,-8.891616223,27.57894737,0.8
8.142000198,-9.061609362,27.57894737,0.8
8.151000023,-9.232389618,27.57894737,0.8
8.159999847,-9.403173918,27.57894737,0.8
8.168999672,-9.573048636,27.57894737,0.8
8.17800045,-9.740997958,27.57894737,0.8
8.187000275,-9.905937013,27.57894737,0.8
8.196000099,-10.06676476,27.57894737,0.8
8.204999924,-10.22242313,27.57894737,0.8
8.213999748,-10.37196733,27.57894737,0.8
8.222999573,-10.51462849,27.57894737,0.8
8.232000351,-10.64988346,27.57894737,0.8
8.241000175,-10.77750441,27.57894737,0.8
8.25,-10.89761327,27.57894737,0.8
8.258999825,-11.01070657,27.57894737,0.8
8.267999649,-11.11765801,27.57894737,0.8
8.277000427,-11.21973271,27.57894737,0.8
8.286000252,-11.31854676,27.57894737,0.8
8.295000076,-11.41604828,27.57894737,0.8
8.303999901,-11.51446519,27.57894737,0.8
8.312999725,-11.61626268,27.57894737,0.8
8.32199955,-11.72408695,27.57894737,0.8
8.331000328,-11.8407245,27.57894737,0.8
8.340000153,-11.96905007,27.57894737,0.8
8.348999977,-12.11198259,27.57894737,0.8
8.357999802,-12.27243621,27.57894737,0.8
8.366999626,-12.45326572,27.57894737,0.8
8.376000404,-12.65719096,27.57894737,0.8
8.385000229,-12.886681,27.57894737,0.8
8.394000053,-13.14379896,27.57894737,0.8
8.402999878,-13.42993834,27.57894737,0.8
8.411999702,-13.74545409,27.57894737,0.8
8.420999527,-14.08909794,27.57894737,0.8
8.430000305,-14.45723587,27.57894737,0.8
8.43900013,-14.84280159,27.57894737,0.8
8.447999954,-15.23403742,27.57894737,0.8
8.456999779,-15.61326888,27.57894737,0.8
8.465999603,-15.95629417,27.57894737,0.8
8.475000381,-16.23340138,27.57894737,0.8
8.484000206,-16.4131195,27.57894737,0.8
8.493000031,-16.46891974,27.57894737,0.8
8.501999855,-16.38692929,27.57894737,0.8
8.51099968,-16.17075361,27.57894737,0.8
8.520000458,-15.84041715,27.57894737,0.8
8.529000282,-15.42607076,27.57894737,0.8
8.538000107,-14.96021584,27.57894737,0.8
8.546999931,-14.47185931,27.57894737,0.8
8.555999756,-13.98375137,27.57894737,0.8
8.56499958,-13.51204426,27.57894737,0.8
8.574000359,-13.0672078,27.57894737,0.8
8.583000183,-12.65534155,27.57894737,0.8
8.592000008,-12.27939905,27.57894737,0.8
8.600999832,-11.94018285,27.57894737,0.8
8.609999657,-11.63707956,27.57894737,0.8
8.619000435,-11.36857552,27.57894737,0.8
8.628000259,-11.13260982,27.57894737,0.8
8.637000084,-10.92681234,27.57894737,0.8
8.645999908,-10.74864523,27.57894737,0.8
8.654999733,-10.59550742,27.57894737,0.8
8.663999557,-10.46478722,27.57894737,0.8
8.673000336,-10.35389755,27.57894737,0.8
8.68200016,-10.26030143,27.57894737,0.8
8.690999985,-10.1815276,27.57894737,0.8
8.699999809,-10.11518923,27.57894737,0.8
8.708999634,-10.05899268,27.57894737,0.8
8.718000412,-10.01076441,27.57894737,0.8
8.727000237,-9.968473436,27.57894737,0.8
8.736000061,-9.93024367,27.57894737,0.8
8.744999886,-9.894386696,27.57894737,0.8
8.75399971,-9.859410087,27.57894737,0.8
8.762999535,-9.824037175,27.57894737,0.8
8.772000313,-9.787206629,27.57894737,0.8
8.781000137,-9.748074863,27.57894737,0.8
8.789999962,-9.706004052,27.57894737,0.8
8.798999786,-9.6605371,27.57894737,0.8
8.807999611,-9.611375975,27.57894737,0.8
8.817000389,-9.55834882,27.57894737,0.8
8.826000214,-9.501369053,27.57894737,0.8
8.835000038,-9.440404258,27.57894737,0.8
8.843999863,-9.375429034,27.57894737,0.8
8.852999687,-9.306401622,27.57894737,0.8
8.862000465,-9.233234508,27.57894737,0.8
8.87100029,-9.155769617,27.57894737,0.8
8.880000114,-9.073784581,27.57894737,0.8
8.888999939,-8.986989114,27.57894737,0.8
8.897999763,-8.895047569,27.57894737,0.8
8.906999588,-8.797621603,27.57894737,0.8
8.916000366,-8.694392522,27.57894737,0.8
8.925000191,-8.58514254,27.57894737,0.8
8.934000015,-8.469777024,27.57894737,0.8
8.94299984,-8.348391422,27.57894737,0.8
8.951999664,-8.221306754,27.57894737,0.8
8.961000443,-8.089083262,27.57894737,0.8
8.970000267,-7.952532961,27.57894737,0.8
8.979000092,-7.812696385,27.57894737,0.8
8.987999916,-7.670796484,27.57894737,0.8
8.996999741,-7.528193068,27.57894737,0.8
9.005999565,-7.386299279,27.57894737,0.8
9.015000343,-7.246517323,27.57894737,0.8
9.024000168,-7.110148405,27.57894737,0.8
9.032999992,-6.978330309,27.57894737,0.8
9.041999817,-6.851977691,27.57894737,0.8
9.050999641,-6.731734523,27.57894737,0.8
9.06000042,-6.617956357,27.57894737,0.8
9.069000244,-6.510707984,27.57894737,0.8
9.078000069,-6.409784392,27.57894737,0.8
9.086999893,-6.314740778,27.57894737,0.8
9.095999718,-6.224968939,27.57894737,0.8
9.104999542,-6.139744629,27.57894737,0.8
9.11400032,-6.058336356,27.57894737,0.8
9.123000145,-5.980064415,27.57894737,0.8
9.131999969,-5.904398351,27.57894737,0.8
9.140999794,-5.831024642,27.57894737,0.8
9.149999619,-5.759894848,27.57894737,0.8
9.159000397,-5.691268509,27.57894737,0.8
9.168000221,-5.625703043,27.57894737,0.8
9.177000046,-5.564049975,27.57894737,0.8
9.18599987,-5.507394399,27.57894737,0.8
9.194999695,-5.456995222,27.57894737,0.8
9.204000473,-5.414204767,27.57894737,0.8
9.213000298,-5.380381187,27.57894737,0.8
9.222000122,-5.356797527,27.57894737,0.8
9.230999947,-5.344560639,27.57894737,0.8
9.239999771,-5.344541225,27.57894737,0.8
9.248999596,-5.357304214,27.57894737,0.8
9.258000374,-5.383055673,27.57894737,0.8
9.267000198,-5.421602454,27.57894737,0.8
9.276000023,-5.472309536,27.57894737,0.8
9.284999847,-5.534075443,27.57894737,0.8
9.293999672,-5.60531174,27.57894737,0.8
9.30300045,-5.683920007,27.57894737,0.8
9.312000275,-5.767309911,27.57894737,0.8
9.321000099,-5.852413162,27.57894737,0.8
9.329999924,-5.935749044,27.57894737,0.8
9.338999748,-6.013520562,27.57894737,0.8
9.347999573,-6.081764521,27.57894737,0.8
9.357000351,-6.136555657,27.57894737,0.8
9.366000175,-6.174248035,27.57894737,0.8
9.375,-6.191738012,27.57894737,0.8
9.383999825,-6.186719297,27.57894737,0.8
9.392999649,-6.157882203,27.57894737,0.8
9.402000427,-6.105021462,27.57894737,0.8
9.411000252,-6.029049268,27.57894737,0.8
9.420000076,-5.93186992,27.57894737,0.8
9.428999901,-5.816196817,27.57894737,0.8
9.437999725,-5.685284851,27.57894737,0.8
9.44699955,-5.542653509,27.57894737,0.8
9.456000328,-5.391858518,27.57894737,0.8
9.465000153,-5.23626533,27.57894737,0.8
9.473999977,-5.07892216,27.57894737,0.8
9.482999802,-4.92246153,27.57894737,0.8
9.491999626,-4.769080155,27.57894737,0.8
9.501000404,-4.620519438,27.57894737,0.8
9.510000229,-4.478117837,27.57894737,0.8
9.519000053,-4.342838429,27.57894737,0.8
9.527999878,-4.215325639,27.57894737,0.8
9.536999702,-4.095951869,27.57894737,0.8
9.545999527,-3.984870261,27.57894737,0.8
9.555000305,-3.882049781,27.57894737,0.8
9.56400013,-3.787308862,27.57894737,0.8
9.572999954,-3.700344681,27.57894737,0.8
9.581999779,-3.620763584,27.57894737,0.8
9.590999603,-3.548089305,27.57894737,0.8
9.600000381,-3.481785463,27.57894737,0.8
9.609000206,-3.421274107,27.57894737,0.8
9.618000031,-3.365949424,27.57894737,0.8
9.626999855,-3.315195713,27.57894737,0.8
9.63599968,-3.268408126,27.57894737,0.8
9.645000458,-3.225011828,27.57894737,0.8
9.654000282,-3.184477173,27.57894737,0.8
9.663000107,-3.146346371,27.57894737,0.8
9.671999931,-3.110243329,27.57894737,0.8
9.680999756,-3.075891239,27.57894737,0.8
9.68999958,-3.04311218,27.57894737,0.8
9.699000359,-3.011838361,27.57894737,0.8
9.708000183,-2.982095029,27.57894737,0.8
9.717000008,-2.953995833,27.57894737,0.8
9.725999832,-2.927718616,27.57894737,0.8
9.734999657,-2.903489332,27.57894737,0.8
9.744000435,-2.881542542,27.57894737,0.8
9.753000259,-2.862111517,27.57894737,0.8
9.762000084,-2.845394103,27.57894737,0.8
9.770999908,-2.831528228,27.57894737,0.8
9.779999733,-2.820587224,27.57894737,0.8
9.788999557,-2.812555982,27.57894737,0.8
9.798000336,-2.80733989,27.57894737,0.8
9.80700016,-2.804764216,27.57894737,0.8
9.815999985,-2.804587142,27.57894737,0.8
9.824999809,-2.806516549,27.57894737,0.8
9.833999634,-2.810238827,27.57894737,0.8
9.843000412,-2.815442767,27.57894737,0.8
9.852000237,-2.821848209,27.57894737,0.8
9.861000061,-2.829234602,27.57894737,0.8
9.869999886,-2.837467307,27.57894737,0.8
9.87899971,-2.846512139,27.57894737,0.8
9.887999535,-2.856442388,27.57894737,0.8
9.897000313,-2.867447771,27.57894737,0.8
9.906000137,-2.879814081,27.57894737,0.8
9.914999962,-2.893916201,27.57894737,0.8
9.923999786,-2.910185691,27.57894737,0.8
9.932999611,-2.929085833,27.57894737,0.8
9.942000389,-2.951075881,27.57894737,0.8
9.951000214,-2.976583091,27.57894737,0.8
9.960000038,-3.005971963,27.57894737,0.8
9.968999863,-3.039520214,27.57894737,0.8
9.977999687,-3.077403393,27.57894737,0.8
9.987000465,-3.119680033,27.57894737,0.8
9.99600029,-3.166299923,27.57894737,0.8
10.00500011,-3.217102813,27.57894737,0.8
10.01399994,-3.271833143,27.57894737,0.8
10.02299976,-3.330163957,27.57894737,0.8
10.03199959,-3.391724267,27.57894737,0.8
10.04100037,-3.45612085,27.57894737,0.8
10.05000019,-3.52297166,27.57894737,0.8
10.05900002,-3.591922362,27.57894737,0.8
10.06799984,-3.662667943,27.57894737,0.8
10.07699966,-3.734953262,27.57894737,0.8
10.08600044,-3.808564711,27.57894737,0.8
10.09500027,-3.883307691,27.57894737,0.8
10.10400009,-3.958977823,27.57894737,0.8
10.11299992,-4.035311511,27.57894737,0.8
10.12199974,-4.111936322,27.57894737,0.8
10.13099957,-4.188317883,27.57894737,0.8
10.14000034,-4.263718953,27.57894737,0.8
10.14900017,-4.337163649,27.57894737,0.8
10.15799999,-4.407427314,27.57894737,0.8
10.16699982,-4.473057006,27.57894737,0.8
10.17599964,-4.532416826,27.57894737,0.8
10.18500042,-4.583784327,27.57894737,0.8
10.19400024,-4.625463541,27.57894737,0.8
10.20300007,-4.655924866,27.57894737,0.8
10.21199989,-4.673960695,27.57894737,0.8
10.22099972,-4.678818877,27.57894737,0.8
10.22999954,-4.670302522,27.57894737,0.8
10.23900032,-4.648820967,27.57894737,0.8
10.24800014,-4.615382338,27.57894737,0.8
10.25699997,-4.571519768,27.57894737,0.8
10.26599979,-4.519181389,27.57894737,0.8
10.27499962,-4.460569598,27.57894737,0.8
10.2840004,-4.397997446,27.57894737,0.8
10.29300022,-4.333729147,27.57894737,0.8
10.30200005,-4.269855492,27.57894737,0.8
10.31099987,-4.208193306,27.57894737,0.8
10.31999969,-4.150227842,27.57894737,0.8
10.32900047,-4.097061834,27.57894737,0.8
10.3380003,-4.049424184,27.57894737,0.8
10.34700012,-4.007674324,27.57894737,0.8
10.35599995,-3.971846463,27.57894737,0.8
10.36499977,-3.941695249,27.57894737,0.8
10.3739996,-3.91675871,27.57894737,0.8
10.38300037,-3.896436731,27.57894737,0.8
10.3920002,-3.880061478,27.57894737,0.8
10.40100002,-3.866988698,27.57894737,0.8
10.40999985,-3.856655458,27.57894737,0.8
10.41899967,-3.848657313,27.57894737,0.8
10.42800045,-3.842789731,27.57894737,0.8
10.43700027,-3.83907134,27.57894737,0.8
10.4460001,-3.837758884,27.57894737,0.8
10.45499992,-3.839318512,27.57894737,0.8
10.46399975,-3.844398497,27.57894737,0.8
10.47299957,-3.853769977,27.57894737,0.8
10.48200035,-3.868269728,27.57894737,0.8
10.49100018,-3.888726185,27.57894737,0.8
10.5,-3.915901995,27.57894737,0.8
1.5,-0.368028269,27.57894737,2
1.508999944,-0.39732298,27.57894737,2
1.518000007,-0.427344566,27.57894737,2
1.52699995,-0.456364611,27.57894737,2
1.536000013,-0.482697511,27.57894737,2
1.544999957,-0.504822781,27.57894737,2
1.55400002,-0.521482575,27.57894737,2
1.562999964,-0.531789769,27.57894737,2
1.572000027,-0.535293133,27.57894737,2
1.58099997,-0.532014649,27.57894737,2
1.590000033,-0.522445024,27.57894737,2
1.598999977,-0.507503404,27.57894737,2
1.60800004,-0.488460214,27.57894737,2
1.616999984,-0.466833953,27.57894737,2
1.626000047,-0.444282035,27.57894737,2
1.63499999,-0.422483912,27.57894737,2
1.644000053,-0.403032116,27.57894737,2
1.652999997,-0.387338089,27.57894737,2
1.661999941,-0.376557658,27.57894737,2
1.671000004,-0.371532557,27.57894737,2
1.679999948,-0.372756443,27.57894737,2
1.68900001,-0.380348234,27.57894737,2
1.697999954,-0.394052587,27.57894737,2
1.707000017,-0.413254509,27.57894737,2
1.715999961,-0.437004623,27.57894737,2
1.725000024,-0.464069472,27.57894737,2
1.733999968,-0.492991323,27.57894737,2
1.743000031,-0.522171076,27.57894737,2
1.751999974,-0.549965455,27.57894737,2
1.761000037,-0.574790978,27.57894737,2
1.769999981,-0.595237844,27.57894737,2
1.779000044,-0.61017275,27.57894737,2
1.787999988,-0.618827592,27.57894737,2
1.797000051,-0.620868507,27.57894737,2
1.805999994,-0.616414912,27.57894737,2
1.815000057,-0.606039956,27.57894737,2
1.824000001,-0.590718502,27.57894737,2
1.832999945,-0.571755409,27.57894737,2
1.842000008,-0.5506829,27.57894737,2
1.850999951,-0.529152798,27.57894737,2
1.860000014,-0.508827981,27.57894737,2
1.868999958,-0.491278865,27.57894737,2
1.878000021,-0.477891583,27.57894737,2
1.886999965,-0.469796013,27.57894737,2
1.896000028,-0.467809991,27.57894737,2
1.904999971,-0.47240294,27.57894737,2
1.914000034,-0.483663378,27.57894737,2
1.922999978,-0.50130349,27.57894737,2
1.932000041,-0.524658035,27.57894737,2
1.940999985,-0.552718199,27.57894737,2
1.950000048,-0.584167889,27.57894737,2
1.958999991,-0.617451963,27.57894737,2
1.968000054,-0.65086072,27.57894737,2
1.976999998,-0.682628423,27.57894737,2
1.985999942,-0.711049844,27.57894737,2
1.995000005,-0.734609848,27.57894737,2
2.003999949,-0.75208973,27.57894737,2
2.013000011,-0.762681645,27.57894737,2
2.022000074,-0.766048988,27.57894737,2
2.030999899,-0.762372263,27.57894737,2
2.039999962,-0.752339012,27.57894737,2
2.049000025,-0.737091392,27.57894737,2
2.058000088,-0.71814985,27.57894737,2
2.066999912,-0.697299002,27.57894737,2
2.075999975,-0.676476618,27.57894737,2
2.085000038,-0.657643592,27.57894737,2
2.094000101,-0.642677219,27.57894737,2
2.102999926,-0.633269904,27.57894737,2
2.111999989,-0.630844275,27.57894737,2
2.121000051,-0.63648662,27.57894737,2
2.130000114,-0.650892767,27.57894737,2
2.138999939,-0.674336091,27.57894737,2
2.148000002,-0.70663875,27.57894737,2
2.157000065,-0.747166113,27.57894737,2
2.165999889,-0.794836424,27.57894737,2
2.174999952,-0.848153834,27.57894737,2
2.184000015,-0.90526382,27.57894737,2
2.193000078,-0.96404274,27.57894737,2
2.201999903,-1.022220514,27.57894737,2
2.210999966,-1.07753301,27.57894737,2
2.220000029,-1.127899336,27.57894737,2
2.229000092,-1.171607793,27.57894737,2
2.237999916,-1.20749849,27.57894737,2
2.246999979,-1.235103894,27.57894737,2
2.256000042,-1.254764627,27.57894737,2
2.265000105,-1.267654947,27.57894737,2
2.273999929,-1.27576983,27.57894737,2
2.282999992,-1.281847126,27.57894737,2
2.292000055,-1.289245624,27.57894737,2
2.301000118,-1.301821478,27.57894737,2
2.309999943,-1.323790562,27.57894737,2
2.319000006,-1.359618116,27.57894737,2
2.328000069,-1.413933283,27.57894737,2
2.336999893,-1.49149266,27.57894737,2
2.345999956,-1.597154477,27.57894737,2
2.355000019,-1.735904807,27.57894737,2
2.364000082,-1.912904184,27.57894737,2
2.372999907,-2.133564888,27.57894737,2
2.381999969,-2.403654155,27.57894737,2
2.391000032,-2.729419261,27.57894737,2
2.400000095,-3.117745398,27.57894737,2
2.40899992,-3.576363316,27.57894737,2
2.417999983,-4.114074627,27.57894737,2
2.427000046,-4.741038681,27.57894737,2
2.436000109,-5.469055019,27.57894737,2
2.444999933,-6.311743581,27.57894737,2
2.453999996,-7.284277782,27.57894737,2
2.463000059,-8.401726176,27.57894737,2
2.471999884,-9.673354788,27.57894737,2
2.480999947,-11.08594658,27.57894737,2
2.49000001,-12.56050157,27.57894737,2
2.499000072,-13.86663434,27.57894737,2
2.507999897,-14.5742422,27.57894737,2
2.51699996,-14.33280119,27.57894737,2
2.526000023,-13.30608897,27.57894737,2
2.535000086,-11.94997283,27.57894737,2
2.54399991,-10.58062067,27.57894737,2
2.552999973,-9.325724041,27.57894737,2
2.562000036,-8.21693478,27.57894737,2
2.571000099,-7.250284928,27.57894737,2
2.579999924,-6.411368743,27.57894737,2
2.588999987,-5.684335726,27.57894737,2
2.59800005,-5.054733888,27.57894737,2
2.607000113,-4.51014874,27.57894737,2
2.615999937,-4.040124003,27.57894737,2
2.625,-3.635861304,27.57894737,2
2.634000063,-3.289898063,27.57894737,2
2.642999887,-2.995810512,27.57894737,2
2.65199995,-2.747971422,27.57894737,2
2.661000013,-2.541340573,27.57894737,2
2.670000076,-2.371298447,27.57894737,2
2.678999901,-2.233516801,27.57894737,2
2.687999964,-2.123858692,27.57894737,2
2.697000027,-2.038310251,27.57894737,2
2.70600009,-1.972944166,27.57894737,2
2.714999914,-1.923917934,27.57894737,2
2.723999977,-1.887492499,27.57894737,2
2.73300004,-1.860088311,27.57894737,2
2.742000103,-1.838359337,27.57894737,2
2.750999928,-1.819284977,27.57894737,2
2.75999999,-1.800262782,27.57894737,2
2.769000053,-1.779191439,27.57894737,2
2.778000116,-1.75453744,27.57894737,2
2.786999941,-1.725368498,27.57894737,2
2.796000004,-1.691347769,27.57894737,2
2.805000067,-1.652688612,27.57894737,2
2.813999891,-1.610081264,27.57894737,2
2.822999954,-1.564589624,27.57894737,2
2.832000017,-1.517538701,27.57894737,2
2.84100008,-1.470391626,27.57894737,2
2.849999905,-1.424639488,27.57894737,2
2.858999968,-1.381698639,27.57894737,2
2.868000031,-1.342832282,27.57894737,2
2.877000093,-1.309079613,27.57894737,2
2.885999918,-1.28121635,27.57894737,2
2.894999981,-1.259718918,27.57894737,2
2.904000044,-1.244756328,27.57894737,2
2.913000107,-1.236184848,27.57894737,2
2.921999931,-1.233570145,27.57894737,2
2.930999994,-1.236207703,27.57894737,2
2.940000057,-1.243165735,27.57894737,2
2.948999882,-1.253335002,27.57894737,2
2.957999945,-1.265490813,27.57894737,2
2.967000008,-1.278357738,27.57894737,2
2.976000071,-1.290688665,27.57894737,2
2.984999895,-1.301332648,27.57894737,2
2.993999958,-1.3093123,27.57894737,2
3.003000021,-1.313870478,27.57894737,2
3.012000084,-1.314522811,27.57894737,2
3.020999908,-1.311083779,27.57894737,2
3.029999971,-1.303663759,27.57894737,2
3.039000034,-1.292659403,27.57894737,2
3.048000097,-1.278715033,27.57894737,2
3.056999922,-1.262666688,27.57894737,2
3.065999985,-1.245495662,27.57894737,2
3.075000048,-1.228242135,27.57894737,2
3.084000111,-1.211956589,27.57894737,2
3.092999935,-1.197627965,27.57894737,2
3.101999998,-1.186128098,27.57894737,2
3.111000061,-1.178164353,27.57894737,2
3.119999886,-1.17425485,27.57894737,2
3.128999949,-1.174686709,27.57894737,2
3.138000011,-1.179520541,27.57894737,2
3.147000074,-1.188577716,27.57894737,2
3.155999899,-1.201464144,27.57894737,2
3.164999962,-1.217583945,27.57894737,2
3.174000025,-1.236175985,27.57894737,2
3.183000088,-1.256369455,27.57894737,2
3.191999912,-1.277218514,27.57894737,2
3.200999975,-1.297781856,27.57894737,2
3.210000038,-1.317166818,27.57894737,2
3.219000101,-1.334596856,27.57894737,2
3.227999926,-1.349472933,27.57894737,2
3.236999989,-1.361400728,27.57894737,2
3.246000051,-1.370235623,27.57894737,2
3.255000114,-1.376089643,27.57894737,2
3.263999939,-1.379330811,27.57894737,2
3.273000002,-1.380557004,27.57894737,2
3.282000065,-1.38056726,27.57894737,2
3.290999889,-1.380303372,27.57894737,2
3.299999952,-1.380806999,27.57894737,2
3.309000015,-1.383147424,27.57894737,2
3.318000078,-1.388367211,27.57894737,2
3.326999903,-1.397427567,27.57894737,2
3.335999966,-1.411155532,27.57894737,2
3.345000029,-1.430208642,27.57894737,2
3.354000092,-1.455039726,27.57894737,2
3.362999916,-1.485881141,27.57894737,2
3.371999979,-1.522737522,27.57894737,2
3.381000042,-1.565393268,27.57894737,2
3.390000105,-1.613434358,27.57894737,2
3.398999929,-1.666276621,27.57894737,2
3.407999992,-1.723219397,27.57894737,2
3.417000055,-1.783493478,27.57894737,2
3.426000118,-1.846340373,27.57894737,2
3.434999943,-1.911077676,27.57894737,2
3.444000006,-1.977182152,27.57894737,2
3.453000069,-2.044359502,27.57894737,2
3.461999893,-2.112623944,27.57894737,2
3.470999956,-2.18234033,27.57894737,2
3.480000019,-2.254269773,27.57894737,2
3.489000082,-2.329593626,27.57894737,2
3.497999907,-2.409907133,27.57894737,2
3.506999969,-2.497202422,27.57894737,2
3.516000032,-2.59383736,27.57894737,2
3.525000095,-2.702491787,27.57894737,2
3.53399992,-2.826121653,27.57894737,2
3.542999983,-2.967916638,27.57894737,2
3.552000046,-3.131270477,27.57894737,2
3.561000109,-3.319751785,27.57894737,2
3.569999933,-3.537117326,27.57894737,2
3.578999996,-3.7873326,27.57894737,2
3.588000059,-4.074624165,27.57894737,2
3.596999884,-4.403572939,27.57894737,2
3.605999947,-4.779253261,27.57894737,2
3.61500001,-5.207418757,27.57894737,2
3.624000072,-5.694779967,27.57894737,2
3.632999897,-6.24937877,27.57894737,2
3.64199996,-6.881132009,27.57894737,2
3.651000023,-7.602634146,27.57894737,2
3.660000086,-8.430354252,27.57894737,2
3.66899991,-9.386550193,27.57894737,2
3.677999973,-10.50240283,27.57894737,2
3.687000036,-11.82353418,27.57894737,2
3.696000099,-13.42030393,27.57894737,2
3.704999924,-15.40864935,27.57894737,2
3.713999987,-17.99542352,27.57894737,2
3.72300005,-21.57231133,27.57894737,2
3.732000113,-26.54719378,27.57894737,2
3.740999937,-27.74549984,27.57894737,2
3.75,-22.7282416,27.57894737,2
3.759000063,-18.83735194,27.57894737,2
3.767999887,-16.07476247,27.57894737,2
3.77699995,-13.98758487,27.57894737,2
3.786000013,-12.3337929,27.57894737,2
3.795000076,-10.98048113,27.57894737,2
3.803999901,-9.848454042,27.57894737,2
3.812999964,-8.887042941,27.57894737,2
3.822000027,-8.061902049,27.57894737,2
3.83100009,-7.348606456,27.57894737,2
3.839999914,-6.729041948,27.57894737,2
3.848999977,-6.189276191,27.57894737,2
3.85800004,-5.718216145,27.57894737,2
3.867000103,-5.306750439,27.57894737,2
3.875999928,-4.947180883,27.57894737,2
3.88499999,-4.632827952,27.57894737,2
3.894000053,-4.357783223,27.57894737,2
3.903000116,-4.116728887,27.57894737,2
3.911999941,-3.904838541,27.57894737,2
3.921000004,-3.717703135,27.57894737,2
3.930000067,-3.551312209,27.57894737,2
3.938999891,-3.402048488,27.57894737,2
3.947999954,-3.266694126,27.57894737,2
3.957000017,-3.142455695,27.57894737,2
3.96600008,-3.026977232,27.57894737,2
3.974999905,-2.91835897,27.57894737,2
3.983999968,-2.815150036,27.57894737,2
3.993000031,-2.716341313,27.57894737,2
4.001999855,-2.621331014,27.57894737,2
4.011000156,-2.529872991,27.57894737,2
4.019999981,-2.442029695,27.57894737,2
4.028999805,-2.358078413,27.57894737,2
4.038000107,-2.278463677,27.57894737,2
4.046999931,-2.20369971,27.57894737,2
4.056000233,-2.134310588,27.57894737,2
4.065000057,-2.07076629,27.57894737,2
4.073999882,-2.013436459,27.57894737,2
4.083000183,-1.962534269,27.57894737,2
4.092000008,-1.918111701,27.57894737,2
4.100999832,-1.880032801,27.57894737,2
4.110000134,-1.847980136,27.57894737,2
4.118999958,-1.821455684,27.57894737,2
4.127999783,-1.79982248,27.57894737,2
4.137000084,-1.782314697,27.57894737,2
4.145999908,-1.768094667,27.57894737,2
4.15500021,-1.756284978,27.57894737,2
4.164000034,-1.746031414,27.57894737,2
4.172999859,-1.736534479,27.57894737,2
4.18200016,-1.727113555,27.57894737,2
4.190999985,-1.717233687,27.57894737,2
4.199999809,-1.706545736,27.57894737,2
4.209000111,-1.694901658,27.57894737,2
4.217999935,-1.682356387,27.57894737,2
4.227000237,-1.669169939,27.57894737,2
4.236000061,-1.655777781,27.57894737,2
4.244999886,-1.642760982,27.57894737,2
4.254000187,-1.630805808,27.57894737,2
4.263000011,-1.620652905,27.57894737,2
4.271999836,-1.613054563,27.57894737,2
4.281000137,-1.608724726,27.57894737,2
4.289999962,-1.608301197,27.57894737,2
4.298999786,-1.612303999,27.57894737,2
4.308000088,-1.621116413,27.57894737,2
4.316999912,-1.634963721,27.57894737,2
4.326000214,-1.653909124,27.57894737,2
4.335000038,-1.677856679,27.57894737,2
4.343999863,-1.706567281,27.57894737,2
4.353000164,-1.739682251,27.57894737,2
4.361999989,-1.776757628,27.57894737,2
4.370999813,-1.817303169,27.57894737,2
4.380000114,-1.86083663,27.57894737,2
4.388999939,-1.906932233,27.57894737,2
4.397999763,-1.955278073,27.57894737,2
4.407000065,-2.005727459,27.57894737,2
4.415999889,-2.058347804,27.57894737,2
4.425000191,-2.113458992,27.57894737,2
4.434000015,-2.17166586,27.57894737,2
4.44299984,-2.233868291,27.57894737,2
4.452000141,-2.301268589,27.57894737,2
4.460999966,-2.375356819,27.57894737,2
4.46999979,-2.457894381,27.57894737,2
4.479000092,-2.550886072,27.57894737,2
4.487999916,-2.656547045,27.57894737,2
4.497000217,-2.777283152,27.57894737,2
4.506000042,-2.915655533,27.57894737,2
4.514999866,-3.074374869,27.57894737,2
4.524000168,-3.256290056,27.57894737,2
4.532999992,-3.464396768,27.57894737,2
4.541999817,-3.70184627,27.57894737,2
4.551000118,-3.971985165,27.57894737,2
4.559999943,-4.278374859,27.57894737,2
4.568999767,-4.624844409,27.57894737,2
4.578000069,-5.015521887,27.57894737,2
4.586999893,-5.454859941,27.57894737,2
4.596000195,-5.947630438,27.57894737,2
4.605000019,-6.498826483,27.57894737,2
4.613999844,-7.113417069,27.57894737,2
4.623000145,-7.795771329,27.57894737,2
4.631999969,-8.548461625,27.57894737,2
4.640999794,-9.36987273,27.57894737,2
4.650000095,-10.24966006,27.57894737,2
4.65899992,-11.16066323,27.57894737,2
4.668000221,-12.04663761,27.57894737,2
4.677000046,-12.80992412,27.57894737,2
4.68599987,-13.31624385,27.57894737,2
4.695000172,-13.44236282,27.57894737,2
4.703999996,-13.15352743,27.57894737,2
4.712999821,-12.53040998,27.57894737,2
4.722000122,-11.71017333,27.57894737,2
4.730999947,-10.81477214,27.57894737,2
4.739999771,-9.923594326,27.57894737,2
4.749000072,-9.079012356,27.57894737,2
4.757999897,-8.299818215,27.57894737,2
4.767000198,-7.591809183,27.57894737,2
4.776000023,-6.954200062,27.57894737,2
4.784999847,-6.383128075,27.57894737,2
4.794000149,-5.873455209,27.57894737,2
4.802999973,-5.419672096,27.57894737,2
4.811999798,-5.016326757,27.57894737,2
4.821000099,-4.658226723,27.57894737,2
4.829999924,-4.340506573,27.57894737,2
4.839000225,-4.058661388,27.57894737,2
4.84800005,-3.808536831,27.57894737,2
4.856999874,-3.586323209,27.57894737,2
4.866000175,-3.388540393,27.57894737,2
4.875,-3.212035213,27.57894737,2
4.883999825,-3.053966304,27.57894737,2
4.893000126,-2.911804918,27.57894737,2
4.90199995,-2.783330322,27.57894737,2
4.910999775,-2.666621859,27.57894737,2
4.920000076,-2.560051395,27.57894737,2
4.928999901,-2.462273476,27.57894737,2
4.938000202,-2.372202099,27.57894737,2
4.947000027,-2.288990666,27.57894737,2
4.955999851,-2.212003525,27.57894737,2
4.965000153,-2.140778714,27.57894737,2
4.973999977,-2.075000413,27.57894737,2
4.982999802,-2.014449484,27.57894737,2
4.992000103,-1.958978523,27.57894737,2
5.000999928,-1.908470679,27.57894737,2
5.010000229,-1.862813415,27.57894737,2
5.019000053,-1.821868971,27.57894737,2
5.027999878,-1.785458144,27.57894737,2
5.037000179,-1.753344925,27.57894737,2
5.046000004,-1.725232707,27.57894737,2
5.054999828,-1.700762542,27.57894737,2
5.06400013,-1.679518388,27.57894737,2
5.072999954,-1.661037737,27.57894737,2
5.081999779,-1.64483323,27.57894737,2
5.09100008,-1.63040491,27.57894737,2
5.099999905,-1.617263659,27.57894737,2
5.109000206,-1.604957061,27.57894737,2
5.118000031,-1.593085746,27.57894737,2
5.126999855,-1.581319931,27.57894737,2
5.136000156,-1.569420235,27.57894737,2
5.144999981,-1.557240798,27.57894737,2
5.153999805,-1.544733478,27.57894737,2
5.163000107,-1.531946462,27.57894737,2
5.171999931,-1.519012247,27.57894737,2
5.181000233,-1.506133494,27.57894737,2
5.190000057,-1.493565995,27.57894737,2
5.198999882,-1.481594637,27.57894737,2
5.208000183,-1.470512477,27.57894737,2
5.217000008,-1.460597245,27.57894737,2
5.225999832,-1.452089414,27.57894737,2
5.235000134,-1.445177734,27.57894737,2
5.243999958,-1.439983803,27.57894737,2
5.252999783,-1.436548847,27.57894737,2
5.262000084,-1.43483754,27.57894737,2
5.270999908,-1.434733345,27.57894737,2
5.28000021,-1.436045217,27.57894737,2
5.289000034,-1.438521354,27.57894737,2
5.297999859,-1.441863272,27.57894737,2
5.30700016,-1.445738598,27.57894737,2
5.315999985,-1.449814418,27.57894737,2
5.324999809,-1.453766447,27.57894737,2
5.334000111,-1.457307074,27.57894737,2
5.342999935,-1.460201488,27.57894737,2
5.352000237,-1.462285854,27.57894737,2
5.361000061,-1.46347599,27.57894737,2
5.369999886,-1.46377525,27.57894737,2
5.379000187,-1.463272663,27.57894737,2
5.388000011,-1.462136486,27.57894737,2
5.396999836,-1.460601689,27.57894737,2
5.406000137,-1.458957199,27.57894737,2
5.414999962,-1.457522024,27.57894737,2
5.423999786,-1.456624108,27.57894737,2
5.433000088,-1.456582262,27.57894737,2
5.441999912,-1.457678073,27.57894737,2
5.451000214,-1.460139655,27.57894737,2
5.460000038,-1.46413183,27.57894737,2
5.468999863,-1.469735779,27.57894737,2
5.478000164,-1.47694772,27.57894737,2
5.486999989,-1.48567643,27.57894737,2
5.495999813,-1.495747668,27.57894737,2
5.505000114,-1.506913057,27.57894737,2
5.513999939,-1.518867381,27.57894737,2
5.522999763,-1.531263683,27.57894737,2
5.532000065,-1.543738777,27.57894737,2
5.540999889,-1.555936039,27.57894737,2
5.550000191,-1.567527827,27.57894737,2
5.559000015,-1.578242314,27.57894737,2
5.56799984,-1.587881853,27.57894737,2
5.577000141,-1.596339551,27.57894737,2
5.585999966,-1.603606352,27.57894737,2
5.59499979,-1.609777738,27.57894737,2
5.604000092,-1.615048136,27.57894737,2
5.612999916,-1.619699157,27.57894737,2
5.622000217,-1.624080914,27.57894737,2
5.631000042,-1.628597634,27.57894737,2
5.639999866,-1.633671708,27.57894737,2
5.649000168,-1.639725865,27.57894737,2
5.657999992,-1.647152013,27.57894737,2
5.666999817,-1.656285543,27.57894737,2
5.676000118,-1.667388706,27.57894737,2
5.684999943,-1.680625318,27.57894737,2
5.693999767,-1.696055342,27.57894737,2
5.703000069,-1.713624773,27.57894737,2
5.711999893,-1.733168834,27.57894737,2
5.721000195,-1.754415926,27.57894737,2
5.730000019,-1.777005703,27.57894737,2
5.738999844,-1.80050845,27.57894737,2
5.748000145,-1.824454213,27.57894737,2
5.756999969,-1.848359693,27.57894737,2
5.765999794,-1.871764672,27.57894737,2
5.775000095,-1.894265166,27.57894737,2
5.78399992,-1.915548362,27.57894737,2
5.793000221,-1.935417522,27.57894737,2
5.802000046,-1.953815628,27.57894737,2
5.81099987,-1.970831347,27.57894737,2
5.820000172,-1.986710793,27.57894737,2
5.828999996,-2.001845232,27.57894737,2
5.837999821,-2.016750353,27.57894737,2
5.847000122,-2.03204612,27.57894737,2
5.855999947,-2.048420633,27.57894737,2
5.864999771,-2.066595962,27.57894737,2
5.874000072,-2.08728322,27.57894737,2
5.882999897,-2.111153006,27.57894737,2
5.892000198,-2.138790831,27.57894737,2
5.901000023,-2.170669354,27.57894737,2
5.909999847,-2.207118862,27.57894737,2
5.919000149,-2.248310951,27.57894737,2
5.927999973,-2.294250018,27.57894737,2
5.936999798,-2.344764725,27.57894737,2
5.946000099,-2.399529701,27.57894737,2
5.954999924,-2.458079443,27.57894737,2
5.964000225,-2.519845266,27.57894737,2
5.97300005,-2.584201376,27.57894737,2
5.981999874,-2.650518261,27.57894737,2
5.991000175,-2.71823312,27.57894737,2
6,-2.786911288,27.57894737,2
6.008999825,-2.856324269,27.57894737,2
6.018000126,-2.92650411,27.57894737,2
6.02699995,-2.997811667,27.57894737,2
6.035999775,-3.070970988,27.57894737,2
6.045000076,-3.147098961,27.57894737,2
6.053999901,-3.227719138,27.57894737,2
6.063000202,-3.314744469,27.57894737,2
6.072000027,-3.410465537,27.57894737,2
6.080999851,-3.517523912,27.57894737,2
6.090000153,-3.638864926,27.57894737,2
6.098999977,-3.777705869,27.57894737,2
6.107999802,-3.937516655,27.57894737,2
6.117000103,-4.121980083,27.57894737,2
6.125999928,-4.334988109,27.57894737,2
6.135000229,-4.580640065,27.57894737,2
6.144000053,-4.863267046,27.57894737,2
6.152999878,-5.187453516,27.57894737,2
6.162000179,-5.558095355,27.57894737,2
6.171000004,-5.980465058,27.57894737,2
6.179999828,-6.460286915,27.57894737,2
6.18900013,-7.003812077,27.57894737,2
6.197999954,-7.617867928,27.57894737,2
6.206999779,-8.309792026,27.57894737,2
6.21600008,-9.087120623,27.57894737,2
6.224999905,-9.956676636,27.57894737,2
6.234000206,-10.92231896,27.57894737,2
6.243000031,-11.979767,27.57894737,2
6.251999855,-13.10554061,27.57894737,2
6.261000156,-14.23583067,27.57894737,2
6.269999981,-15.23661279,27.57894737,2
6.278999805,-15.89560062,27.57894737,2
6.288000107,-16.00856203,27.57894737,2
6.296999931,-15.54512418,27.57894737,2
6.306000233,-14.67869445,27.57894737,2
6.315000057,-13.63236325,27.57894737,2
6.323999882,-12.56145596,27.57894737,2
6.333000183,-11.54454919,27.57894737,2
6.342000008,-10.61263874,27.57894737,2
6.350999832,-9.77325392,27.57894737,2
6.360000134,-9.023775102,27.57894737,2
6.368999958,-8.357763986,27.57894737,2
6.377999783,-7.767795121,27.57894737,2
6.387000084,-7.246604955,27.57894737,2
6.395999908,-6.787515895,27.57894737,2
6.40500021,-6.38452572,27.57894737,2
6.414000034,-6.032265981,27.57894737,2
6.422999859,-5.725904218,27.57894737,2
6.43200016,-5.461046398,27.57894737,2
6.440999985,-5.233632781,27.57894737,2
6.449999809,-5.03986357,27.57894737,2
6.459000111,-4.876132602,27.57894737,2
6.467999935,-4.738981703,27.57894737,2
6.477000237,-4.625070521,27.57894737,2
6.486000061,-4.531179641,27.57894737,2
6.494999886,-4.454198983,27.57894737,2
6.504000187,-4.391178512,27.57894737,2
6.513000011,-4.339339457,27.57894737,2
6.521999836,-4.296135346,27.57894737,2
6.531000137,-4.259292858,27.57894737,2
6.539999962,-4.226859711,27.57894737,2
6.548999786,-4.197239218,27.57894737,2
6.558000088,-4.169226531,27.57894737,2
6.566999912,-4.142000283,27.57894737,2
6.576000214,-4.115131822,27.57894737,2
6.585000038,-4.08853714,27.57894737,2
6.593999863,-4.06245198,27.57894737,2
6.603000164,-4.037353427,27.57894737,2
6.611999989,-4.013911493,27.57894737,2
6.620999813,-3.992905688,27.57894737,2
6.630000114,-3.975160788,27.57894737,2
6.638999939,-3.961491156,27.57894737,2
6.647999763,-3.952624066,27.57894737,2
6.657000065,-3.949183444,27.57894737,2
6.665999889,-3.951627095,27.57894737,2
6.675000191,-3.960247395,27.57894737,2
6.684000015,-3.975142265,27.57894737,2
6.69299984,-3.996227808,27.57894737,2
6.702000141,-4.023240168,27.57894737,2
6.710999966,-4.055754076,27.57894737,2
6.71999979,-4.093214658,27.57894737,2
6.729000092,-4.134961397,27.57894737,2
6.737999916,-4.180278925,27.57894737,2
6.747000217,-4.228420606,27.57894737,2
6.756000042,-4.27867185,27.57894737,2
6.764999866,-4.330379809,27.57894737,2
6.774000168,-4.382985761,27.57894737,2
6.782999992,-4.4360793,27.57894737,2
6.791999817,-4.489397637,27.57894737,2
6.801000118,-4.542864711,27.57894737,2
6.809999943,-4.596578023,27.57894737,2
6.818999767,-4.650810308,27.57894737,2
6.828000069,-4.705997976,27.57894737,2
6.836999893,-4.762711601,27.57894737,2
6.846000195,-4.82162184,27.57894737,2
6.855000019,-4.883480757,27.57894737,2
6.863999844,-4.949067531,27.57894737,2
6.873000145,-5.019169202,27.57894737,2
6.881999969,-5.094543102,27.57894737,2
6.890999794,-5.175886282,27.57894737,2
6.900000095,-5.263823007,27.57894737,2
6.90899992,-5.358877559,27.57894737,2
6.918000221,-5.461483121,27.57894737,2
6.927000046,-5.571955249,27.57894737,2
6.93599987,-5.690521699,27.57894737,2
6.945000172,-5.817308358,27.57894737,2
6.953999996,-5.952372372,27.57894737,2
6.962999821,-6.095705716,27.57894737,2
6.972000122,-6.247268314,27.57894737,2
6.980999947,-6.407010897,27.57894737,2
6.989999771,-6.57489691,27.57894737,2
6.999000072,-6.7509339,27.57894737,2
7.007999897,-6.935204031,27.57894737,2
7.017000198,-7.127884002,27.57894737,2
7.026000023,-7.329276602,27.57894737,2
7.034999847,-7.539828995,27.57894737,2
7.044000149,-7.760145244,27.57894737,2
7.052999973,-7.991008601,27.57894737,2
7.061999798,-8.233387845,27.57894737,2
7.071000099,-8.488442637,27.57894737,2
7.079999924,-8.757522534,27.57894737,2
7.089000225,-9.042183206,27.57894737,2
7.09800005,-9.344173182,27.57894737,2
7.106999874,-9.66544602,27.57894737,2
7.116000175,-10.00816577,27.57894737,2
7.125,-10.37471521,27.57894737,2
7.133999825,-10.76772457,27.57894737,2
7.143000126,-11.19008951,27.57894737,2
7.15199995,-11.64501443,27.57894737,2
7.160999775,-12.13606366,27.57894737,2
7.170000076,-12.66722236,27.57894737,2
7.178999901,-13.24297068,27.57894737,2
7.188000202,-13.86835201,27.57894737,2
7.197000027,-14.54904704,27.57894737,2
7.205999851,-15.29137375,27.57894737,2
7.215000153,-16.10215539,27.57894737,2
7.223999977,-16.98825123,27.57894737,2
7.232999802,-17.95531157,27.57894737,2
7.242000103,-19.00485607,27.57894737,2
7.250999928,-20.12777572,27.57894737,2
7.260000229,-21.2909219,27.57894737,2
7.269000053,-22.4132966,27.57894737,2
7.277999878,-23.33860533,27.57894737,2
7.287000179,-23.84761034,27.57894737,2
7.296000004,-23.77536582,27.57894737,2
7.304999828,-23.15649504,27.57894737,2
7.31400013,-22.19065952,27.57894737,2
7.322999954,-21.08326759,27.57894737,2
7.331999779,-19.96402635,27.57894737,2
7.34100008,-18.89492458,27.57894737,2
7.349999905,-17.89887655,27.57894737,2
7.359000206,-16.98014589,27.57894737,2
7.368000031,-16.13513881,27.57894737,2
7.376999855,-15.35750569,27.57894737,2
7.386000156,-14.64038175,27.57894737,2
7.394999981,-13.97731685,27.57894737,2
7.403999805,-13.36259332,27.57894737,2
7.413000107,-12.7912944,27.57894737,2
7.421999931,-12.25924109,27.57894737,2
7.431000233,-11.76289937,27.57894737,2
7.440000057,-11.29928477,27.57894737,2
7.448999882,-10.86585737,27.57894737,2
7.458000183,-10.46043749,27.57894737,2
7.467000008,-10.08112617,27.57894737,2
7.475999832,-9.726242374,27.57894737,2
7.485000134,-9.394267835,27.57894737,2
7.493999958,-9.083799658,27.57894737,2
7.502999783,-8.7935242,27.57894737,2
7.512000084,-8.522184591,27.57894737,2
7.520999908,-8.268565103,27.57894737,2
7.53000021,-8.031474378,27.57894737,2
7.539000034,-7.809747692,27.57894737,2
7.547999859,-7.602245845,27.57894737,2
7.55700016,-7.407853842,27.57894737,2
7.565999985,-7.225495,27.57894737,2
7.574999809,-7.054134735,27.57894737,2
7.584000111,-6.892804548,27.57894737,2
7.592999935,-6.740604835,27.57894737,2
7.602000237,-6.596719517,27.57894737,2
7.611000061,-6.460433019,27.57894737,2
7.619999886,-6.331130635,27.57894737,2
7.629000187,-6.20830605,27.57894737,2
7.638000011,-6.091562044,27.57894737,2
7.646999836,-5.980609161,27.57894737,2
7.656000137,-5.875255077,27.57894737,2
7.664999962,-5.775397691,27.57894737,2
7.673999786,-5.681003356,27.57894737,2
7.683000088,-5.592098833,27.57894737,2
7.691999912,-5.508744637,27.57894737,2
7.701000214,-5.431026622,27.57894737,2
7.710000038,-5.359025224,27.57894737,2
7.718999863,-5.292816452,27.57894737,2
7.728000164,-5.232443794,27.57894737,2
7.736999989,-5.177917206,27.57894737,2
7.745999813,-5.129205678,27.57894737,2
7.755000114,-5.086230878,27.57894737,2
7.763999939,-5.048871376,27.57894737,2
7.772999763,-5.016972065,27.57894737,2
7.782000065,-4.990349884,27.57894737,2
7.790999889,-4.968797331,27.57894737,2
7.800000191,-4.952111844,27.57894737,2
7.809000015,-4.940100397,27.57894737,2
7.81799984,-4.932598511,27.57894737,2
7.827000141,-4.929482634,27.57894737,2
7.835999966,-4.930690376,27.57894737,2
7.84499979,-4.936221637,27.57894737,2
7.854000092,-4.946153464,27.57894737,2
7.862999916,-4.960640486,27.57894737,2
7.872000217,-4.979910742,27.57894737,2
7.881000042,-5.004264059,27.57894737,2
7.889999866,-5.034054649,27.57894737,2
7.899000168,-5.069679433,27.57894737,2
7.907999992,-5.111557228,27.57894737,2
7.916999817,-5.160106871,27.57894737,2
7.926000118,-5.215718107,27.57894737,2
7.934999943,-5.278728284,27.57894737,2
7.943999767,-5.349391962,27.57894737,2
7.953000069,-5.427851594,27.57894737,2
7.961999893,-5.514115972,27.57894737,2
7.971000195,-5.608021739,27.57894737,2
7.980000019,-5.709226207,27.57894737,2
7.988999844,-5.817171227,27.57894737,2
7.998000145,-5.931080438,27.57894737,2
8.006999969,-6.049947887,27.57894737,2
8.015999794,-6.172547232,27.57894737,2
8.024999619,-6.297441602,27.57894737,2
8.034000397,-6.4230267,27.57894737,2
8.043000221,-6.547580072,27.57894737,2
8.052000046,-6.669332659,27.57894737,2
8.06099987,-6.786564256,27.57894737,2
8.069999695,-6.897702955,27.57894737,2
8.079000473,-7.001446648,27.57894737,2
8.088000298,-7.096862134,27.57894737,2
8.097000122,-7.183495329,27.57894737,2
8.105999947,-7.261424785,27.57894737,2
8.114999771,-7.331317421,27.57894737,2
8.123999596,-7.394412698,27.57894737,2
8.133000374,-7.45249206,27.57894737,2
8.142000198,-7.507804736,27.57894737,2
8.151000023,-7.56298033,27.57894737,2
8.159999847,-7.620925865,27.57894737,2
8.168999672,-7.68472725,27.57894737,2
8.17800045,-7.757568643,27.57894737,2
8.187000275,-7.842656698,27.57894737,2
8.196000099,-7.943181463,27.57894737,2
8.204999924,-8.062286139,27.57894737,2
8.213999748,-8.203070766,27.57894737,2
8.222999573,-8.368609544,27.57894737,2
8.232000351,-8.561983257,27.57894737,2
8.241000175,-8.786338488,27.57894737,2
8.25,-9.044953777,27.57894737,2
8.258999825,-9.341333491,27.57894737,2
8.267999649,-9.679318829,27.57894737,2
8.277000427,-10.06322642,27.57894737,2
8.286000252,-10.49804589,27.57894737,2
8.295000076,-10.98967358,27.57894737,2
8.303999901,-11.54525543,27.57894737,2
8.312999725,-12.17365856,27.57894737,2
8.32199955,-12.88616633,27.57894737,2
8.331000328,-13.69751297,27.57894737,2
8.340000153,-14.62752663,27.57894737,2
8.348999977,-15.70381745,27.57894737,2
8.357999802,-16.96645974,27.57894737,2
8.366999626,-18.47671095,27.57894737,2
8.376000404,-20.33470123,27.57894737,2
8.385000229,-22.71943298,27.57894737,2
8.394000053,-25.99112218,27.57894737,2
8.402999878,-30.94059371,27.57894737,2
8.411999702,-36.3811233,27.57894737,2
8.420999527,-30.99311402,27.57894737,2
8.430000305,-26.03406956,27.57894737,2
8.43900013,-22.75859122,27.57894737,2
8.447999954,-20.37091348,27.57894737,2
8.456999779,-18.50794107,27.57894737,2
8.465999603,-16.98903643,27.57894737,2
8.475000381,-15.7129633,27.57894737,2
8.484000206,-14.61764454,27.57894737,2
8.493000031,-13.66237215,27.57894737,2
8.501999855,-12.81905918,27.57894737,2
8.51099968,-12.06753487,27.57894737,2
8.520000458,-11.39284481,27.57894737,2
8.529000282,-10.78360174,27.57894737,2
8.538000107,-10.23094899,27.57894737,2
8.546999931,-9.727846363,27.57894737,2
8.555999756,-9.268616533,27.57894737,2
8.56499958,-8.848590164,27.57894737,2
8.574000359,-8.463873849,27.57894737,2
8.583000183,-8.111165826,27.57894737,2
8.592000008,-7.787623568,27.57894737,2
8.600999832,-7.490760054,27.57894737,2
8.609999657,-7.218369417,27.57894737,2
8.619000435,-6.968464354,27.57894737,2
8.628000259,-6.739230926,27.57894737,2
8.637000084,-6.52899885,27.57894737,2
8.645999908,-6.336210957,27.57894737,2
8.654999733,-6.15941586,27.57894737,2
8.663999557,-5.99724559,27.57894737,2
8.673000336,-5.848414716,27.57894737,2
8.68200016,-5.711722037,27.57894737,2
8.690999985,-5.586047512,27.57894737,2
8.699999809,-5.470354721,27.57894737,2
8.708999634,-5.363697338,27.57894737,2
8.718000412,-5.265225014,27.57894737,2
8.727000237,-5.174187087,27.57894737,2
8.736000061,-5.08993538,27.57894737,2
8.744999886,-5.011928779,27.57894737,2
8.75399971,-4.93973068,27.57894737,2
8.762999535,-4.873006298,27.57894737,2
8.772000313,-4.811524278,27.57894737,2
8.781000137,-4.755141111,27.57894737,2
8.789999962,-4.703796895,27.57894737,2
8.798999786,-4.657506117,27.57894737,2
8.807999611,-4.616338292,27.57894737,2
8.817000389,-4.580419511,27.57894737,2
8.826000214,-4.549905964,27.57894737,2
8.835000038,-4.524987613,27.57894737,2
8.843999863,-4.50586336,27.57894737,2
8.852999687,-4.492744731,27.57894737,2
8.862000465,-4.485848438,27.57894737,2
8.87100029,-4.48538366,27.57894737,2
8.880000114,-4.491555989,27.57894737,2
8.888999939,-4.504570021,27.57894737,2
8.897999763,-4.524621705,27.57894737,2
8.906999588,-4.551904063,27.57894737,2
8.916000366,-4.586604609,27.57894737,2
8.925000191,-4.628910487,27.57894737,2
8.934000015,-4.679010319,27.57894737,2
8.94299984,-4.737088202,27.57894737,2
8.951999664,-4.803321537,27.57894737,2
8.961000443,-4.877882124,27.57894737,2
8.970000267,-4.960916915,27.57894737,2
8.979000092,-5.052539432,27.57894737,2
8.987999916,-5.15281584,27.57894737,2
8.996999741,-5.261736573,27.57894737,2
9.005999565,-5.379191554,27.57894737,2
9.015000343,-5.504940278,27.57894737,2
9.024000168,-5.638568609,27.57894737,2
9.032999992,-5.779452362,27.57894737,2
9.041999817,-5.926711322,27.57894737,2
9.050999641,-6.079167492,27.57894737,2
9.06000042,-6.235299583,27.57894737,2
9.069000244,-6.393218113,27.57894737,2
9.078000069,-6.5506475,27.57894737,2
9.086999893,-6.704932617,27.57894737,2
9.095999718,-6.853088654,27.57894737,2
9.104999542,-6.991876888,27.57894737,2
9.11400032,-7.117938855,27.57894737,2
9.123000145,-7.227983632,27.57894737,2
9.131999969,-7.318989042,27.57894737,2
9.140999794,-7.388444316,27.57894737,2
9.149999619,-7.434562081,27.57894737,2
9.159000397,-7.456461662,27.57894737,2
9.168000221,-7.454269737,27.57894737,2
9.177000046,-7.42912191,27.57894737,2
9.18599987,-7.383089535,27.57894737,2
9.194999695,-7.319003664,27.57894737,2
9.204000473,-7.240246963,27.57894737,2
9.213000298,-7.150513388,27.57894737,2
9.222000122,-7.053585774,27.57894737,2
9.230999947,-6.953139802,27.57894737,2
9.239999771,-6.852600491,27.57894737,2
9.248999596,-6.755032935,27.57894737,2
9.258000374,-6.663084776,27.57894737,2
9.267000198,-6.578953678,27.57894737,2
9.276000023,-6.50439061,27.57894737,2
9.284999847,-6.440707883,27.57894737,2
9.293999672,-6.388810191,27.57894737,2
9.30300045,-6.349215467,27.57894737,2
9.312000275,-6.322097551,27.57894737,2
9.321000099,-6.307315684,27.57894737,2
9.329999924,-6.304450188,27.57894737,2
9.338999748,-6.312841167,27.57894737,2
9.347999573,-6.331625853,27.57894737,2
9.357000351,-6.35978266,27.57894737,2
9.366000175,-6.396185612,27.57894737,2
9.375,-6.439644822,27.57894737,2
9.383999825,-6.488968063,27.57894737,2
9.392999649,-6.543019808,27.57894737,2
9.402000427,-6.60077889,27.57894737,2
9.411000252,-6.661391243,27.57894737,2
9.420000076,-6.724217767,27.57894737,2
9.428999901,-6.788871379,27.57894737,2
9.437999725,-6.855238764,27.57894737,2
9.44699955,-6.923486302,27.57894737,2
9.456000328,-6.994050163,27.57894737,2
9.465000153,-7.067609256,27.57894737,2
9.473999977,-7.145046209,27.57894737,2
9.482999802,-7.227398677,27.57894737,2
9.491999626,-7.315800243,27.57894737,2
9.501000404,-7.411422029,27.57894737,2
9.510000229,-7.515410496,27.57894737,2
9.519000053,-7.62883059,27.57894737,2
9.527999878,-7.752617476,27.57894737,2
9.536999702,-7.887519681,27.57894737,2
9.545999527,-8.034065176,27.57894737,2
9.555000305,-8.192521391,27.57894737,2
9.56400013,-8.362873552,27.57894737,2
9.572999954,-8.544798097,27.57894737,2
9.581999779,-8.737655129,27.57894737,2
9.590999603,-8.940494019,27.57894737,2
9.600000381,-9.152054979,27.57894737,2
9.609000206,-9.370805301,27.57894737,2
9.618000031,-9.59497762,27.57894737,2
9.626999855,-9.82264275,27.57894737,2
9.63599968,-10.05176171,27.57894737,2
9.645000458,-10.28030244,27.57894737,2
9.654000282,-10.50631838,27.57894737,2
9.663000107,-10.72804714,27.57894737,2
9.671999931,-10.94398866,27.57894737,2
9.680999756,-11.15296207,27.57894737,2
9.68999958,-11.35412693,27.57894737,2
9.699000359,-11.5469566,27.57894737,2
9.708000183,-11.7311759,27.57894737,2
9.717000008,-11.90665575,27.57894737,2
9.725999832,-12.07327645,27.57894737,2
9.734999657,-12.23076531,27.57894737,2
9.744000435,-12.37855159,27.57894737,2
9.753000259,-12.51562435,27.57894737,2
9.762000084,-12.64042662,27.57894737,2
9.770999908,-12.75082483,27.57894737,2
9.779999733,-12.84413708,27.57894737,2
9.788999557,-12.91726104,27.57894737,2
9.798000336,-12.96690425,27.57894737,2
9.80700016,-12.98987633,27.57894737,2
9.815999985,-12.98345969,27.57894737,2
9.824999809,-12.94577204,27.57894737,2
9.833999634,-12.87606423,27.57894737,2
9.843000412,-12.77491335,27.57894737,2
9.852000237,-12.6442471,27.57894737,2
9.861000061,-12.4872201,27.57894737,2
9.869999886,-12.30794331,27.57894737,2
9.87899971,-12.11115552,27.57894737,2
9.887999535,-11.90185658,27.57894737,2
9.897000313,-11.68499302,27.57894737,2
9.906000137,-11.46519228,27.57894737,2
9.914999962,-11.24658524,27.57894737,2
9.923999786,-11.03269448,27.57894737,2
9.932999611,-10.82638418,27.57894737,2
9.942000389,-10.62986157,27.57894737,2
9.951000214,-10.44469709,27.57894737,2
9.960000038,-10.27187205,27.57894737,2
9.968999863,-10.11183146,27.57894737,2
9.977999687,-9.964544503,27.57894737,2
9.987000465,-9.829558298,27.57894737,2
9.99600029,-9.706068433,27.57894737,2
10.00500011,-9.592975694,27.57894737,2
10.01399994,-9.488956693,27.57894737,2
10.02299976,-9.392529674,27.57894737,2
10.03199959,-9.302139345,27.57894737,2
10.04100037,-9.216220752,27.57894737,2
10.05000019,-9.133290003,27.57894737,2
10.05900002,-9.052006758,27.57894737,2
10.06799984,-8.971251084,27.57894737,2
10.07699966,-8.890173721,27.57894737,2
10.08600044,-8.80823341,27.57894737,2
10.09500027,-8.725221558,27.57894737,2
10.10400009,-8.641253541,27.57894737,2
10.11299992,-8.556756179,27.57894737,2
10.12199974,-8.472410533,27.57894737,2
10.13099957,-8.389111062,27.57894737,2
10.14000034,-8.307899912,27.57894737,2
10.14900017,-8.229891141,27.57894737,2
10.15799999,-8.156202975,27.57894737,2
10.16699982,-8.087902522,27.57894737,2
10.17599964,-8.025936527,27.57894737,2
10.18500042,-7.971089819,27.57894737,2
10.19400024,-7.923944807,27.57894737,2
10.20300007,-7.884849771,27.57894737,2
10.21199989,-7.853899792,27.57894737,2
10.22099972,-7.83093061,27.57894737,2
10.22999954,-7.815514886,27.57894737,2
10.23900032,-7.806976745,27.57894737,2
10.24800014,-7.804415877,27.57894737,2
10.25699997,-7.806732875,27.57894737,2
10.26599979,-7.812682289,27.57894737,2
10.27499962,-7.820918,27.57894737,2
10.2840004,-7.830061607,27.57894737,2
10.29300022,-7.83877325,27.57894737,2
10.30200005,-7.84581702,27.57894737,2
10.31099987,-7.850139249,27.57894737,2
10.31999969,-7.85092702,27.57894737,2
10.32900047,-7.847660119,27.57894737,2
10.3380003,-7.840151391,27.57894737,2
10.34700012,-7.828546717,27.57894737,2
10.35599995,-7.813331032,27.57894737,2
10.36499977,-7.79528477,27.57894737,2
10.3739996,-7.775447715,27.57894737,2
10.38300037,-7.755042664,27.57894737,2
10.3920002,-7.735415726,27.57894737,2
10.40100002,-7.717952859,27.57894737,2
10.40999985,-7.704016727,27.57894737,2
10.41899967,-7.694865654,27.57894737,2
10.42800045,-7.691610264,27.57894737,2
10.43700027,-7.695155168,27.57894737,2
10.4460001,-7.70616237,27.57894737,2
10.45499992,-7.725023509,27.57894737,2
10.46399975,-7.75184406,27.57894737,2
10.47299957,-7.786431087,27.57894737,2
10.48200035,-7.828304595,27.57894737,2
10.49100018,-7.87669744,27.57894737,2
10.5,-7.930584656,27.57894737,2
1.5,-0.31025298,27.57894737,3.2
1.508999944,-0.312965416,27.57894737,3.2
1.518000007,-0.319843838,27.57894737,3.2
1.52699995,-0.33068916,27.57894737,3.2
1.536000013,-0.34512245,27.57894737,3.2
1.544999957,-0.362603471,27.57894737,3.2
1.55400002,-0.38245629,27.57894737,3.2
1.562999964,-0.403891937,27.57894737,3.2
1.572000027,-0.426046898,27.57894737,3.2
1.58099997,-0.448018706,27.57894737,3.2
1.590000033,-0.468903166,27.57894737,3.2
1.598999977,-0.487849253,27.57894737,3.2
1.60800004,-0.504096823,27.57894737,3.2
1.616999984,-0.517018755,27.57894737,3.2
1.626000047,-0.526164989,27.57894737,3.2
1.63499999,-0.531277891,27.57894737,3.2
1.644000053,-0.532318591,27.57894737,3.2
1.652999997,-0.529464414,27.57894737,3.2
1.661999941,-0.523095355,27.57894737,3.2
1.671000004,-0.513774363,27.57894737,3.2
1.679999948,-0.50221108,27.57894737,3.2
1.68900001,-0.489219225,27.57894737,3.2
1.697999954,-0.47567207,27.57894737,3.2
1.707000017,-0.462456832,27.57894737,3.2
1.715999961,-0.450428071,27.57894737,3.2
1.725000024,-0.440373428,27.57894737,3.2
1.733999968,-0.432976492,27.57894737,3.2
1.743000031,-0.4287903,27.57894737,3.2
1.751999974,-0.428221739,27.57894737,3.2
1.761000037,-0.431513695,27.57894737,3.2
1.769999981,-0.438739976,27.57894737,3.2
1.779000044,-0.449801788,27.57894737,3.2
1.787999988,-0.464433388,27.57894737,3.2
1.797000051,-0.482210252,27.57894737,3.2
1.805999994,-0.502564953,27.57894737,3.2
1.815000057,-0.524806177,27.57894737,3.2
1.824000001,-0.548148918,27.57894737,3.2
1.832999945,-0.571744312,27.57894737,3.2
1.842000008,-0.594720806,27.57894737,3.2
1.850999951,-0.616225768,27.57894737,3.2
1.860000014,-0.635469204,27.57894737,3.2
1.868999958,-0.651772353,27.57894737,3.2
1.878000021,-0.664602339,27.57894737,3.2
1.886999965,-0.673610352,27.57894737,3.2
1.896000028,-0.678653356,27.57894737,3.2
1.904999971,-0.679807098,27.57894737,3.2
1.914000034,-0.677360655,27.57894737,3.2
1.922999978,-0.671802535,27.57894737,3.2
1.932000041,-0.663796811,27.57894737,3.2
1.940999985,-0.654142605,27.57894737,3.2
1.950000048,-0.643736206,27.57894737,3.2
1.958999991,-0.633523565,27.57894737,3.2
1.968000054,-0.624458502,27.57894737,3.2
1.976999998,-0.617459301,27.57894737,3.2
1.985999942,-0.613375471,27.57894737,3.2
1.995000005,-0.612953358,27.57894737,3.2
2.003999949,-0.616807809,27.57894737,3.2
2.013000011,-0.625404616,27.57894737,3.2
2.022000074,-0.639041266,27.57894737,3.2
2.030999899,-0.657839005,27.57894737,3.2
2.039999962,-0.68173096,27.57894737,3.2
2.049000025,-0.710466088,27.57894737,3.2
2.058000088,-0.743607754,27.57894737,3.2
2.066999912,-0.780548966,27.57894737,3.2
2.075999975,-0.820528367,27.57894737,3.2
2.085000038,-0.862656704,27.57894737,3.2
2.094000101,-0.905957209,27.57894737,3.2
2.102999926,-0.949409268,27.57894737,3.2
2.111999989,-0.992007423,27.57894737,3.2
2.121000051,-1.032820091,27.57894737,3.2
2.130000114,-1.071056384,27.57894737,3.2
2.138999939,-1.1061287,27.57894737,3.2
2.148000002,-1.137710282,27.57894737,3.2
2.157000065,-1.165783698,27.57894737,3.2
2.165999889,-1.190664645,27.57894737,3.2
2.174999952,-1.213024114,27.57894737,3.2
2.184000015,-1.233877965,27.57894737,3.2
2.193000078,-1.254574942,27.57894737,3.2
2.201999903,-1.276763706,27.57894737,3.2
2.210999966,-1.302363069,27.57894737,3.2
2.220000029,-1.333522782,27.57894737,3.2
2.229000092,-1.372600025,27.57894737,3.2
2.237999916,-1.422130126,27.57894737,3.2
2.246999979,-1.484821141,27.57894737,3.2
2.256000042,-1.563546804,27.57894737,3.2
2.265000105,-1.661365648,27.57894737,3.2
2.273999929,-1.781541965,27.57894737,3.2
2.282999992,-1.927580349,27.57894737,3.2
2.292000055,-2.103280463,27.57894737,3.2
2.301000118,-2.312786446,27.57894737,3.2
2.309999943,-2.560668076,27.57894737,3.2
2.319000006,-2.852002244,27.57894737,3.2
2.328000069,-3.192478413,27.57894737,3.2
2.336999893,-3.588525318,27.57894737,3.2
2.345999956,-4.047467889,27.57894737,3.2
2.355000019,-4.577716587,27.57894737,3.2
2.364000082,-5.188998381,27.57894737,3.2
2.372999907,-5.892609464,27.57894737,3.2
2.381999969,-6.701639112,27.57894737,3.2
2.391000032,-7.630942487,27.57894737,3.2
2.400000095,-8.696324715,27.57894737,3.2
2.40899992,-9.911303365,27.57894737,3.2
2.417999983,-11.27714828,27.57894737,3.2
2.427000046,-12.75541214,27.57894737,3.2
2.436000109,-14.20364085,27.57894737,3.2
2.444999933,-15.28527659,27.57894737,3.2
2.453999996,-15.54885157,27.57894737,3.2
2.463000059,-14.87877502,27.57894737,3.2
2.471999884,-13.65095275,27.57894737,3.2
2.480999947,-12.2781818,27.57894737,3.2
2.49000001,-10.97080987,27.57894737,3.2
2.499000072,-9.797379031,27.57894737,3.2
2.507999897,-8.766507703,27.57894737,3.2
2.51699996,-7.866841464,27.57894737,3.2
2.526000023,-7.082293998,27.57894737,3.2
2.535000086,-6.397216519,27.57894737,3.2
2.54399991,-5.797882263,27.57894737,3.2
2.552999973,-5.272686233,27.57894737,3.2
2.562000036,-4.811935093,27.57894737,3.2
2.571000099,-4.407550582,27.57894737,3.2
2.579999924,-4.052769553,27.57894737,3.2
2.588999987,-3.741898795,27.57894737,3.2
2.59800005,-3.470096408,27.57894737,3.2
2.607000113,-3.233206123,27.57894737,3.2
2.615999937,-3.027612952,27.57894737,3.2
2.625,-2.850126795,27.57894737,3.2
2.634000063,-2.697888676,27.57894737,3.2
2.642999887,-2.568288909,27.57894737,3.2
2.65199995,-2.458911257,27.57894737,3.2
2.661000013,-2.367474802,27.57894737,3.2
2.670000076,-2.291800258,27.57894737,3.2
2.678999901,-2.229780806,27.57894737,3.2
2.687999964,-2.179374847,27.57894737,3.2
2.697000027,-2.138594178,27.57894737,3.2
2.70600009,-2.105521168,27.57894737,3.2
2.714999914,-2.078322059,27.57894737,3.2
2.723999977,-2.055275557,27.57894737,3.2
2.73300004,-2.034801398,27.57894737,3.2
2.742000103,-2.01550172,27.57894737,3.2
2.750999928,-1.996181964,27.57894737,3.2
2.75999999,-1.975887571,27.57894737,3.2
2.769000053,-1.953920326,27.57894737,3.2
2.778000116,-1.929841926,27.57894737,3.2
2.786999941,-1.903476788,27.57894737,3.2
2.796000004,-1.874889279,27.57894737,3.2
2.805000067,-1.844364223,27.57894737,3.2
2.813999891,-1.81236778,27.57894737,3.2
2.822999954,-1.779510416,27.57894737,3.2
2.832000017,-1.746501086,27.57894737,3.2
2.84100008,-1.714106243,27.57894737,3.2
2.849999905,-1.683109117,27.57894737,3.2
2.858999968,-1.6542699,27.57894737,3.2
2.868000031,-1.628294286,27.57894737,3.2
2.877000093,-1.605805509,27.57894737,3.2
2.885999918,-1.58731961,27.57894737,3.2
2.894999981,-1.573229684,27.57894737,3.2
2.904000044,-1.563789433,27.57894737,3.2
2.913000107,-1.559106314,27.57894737,3.2
2.921999931,-1.559138749,27.57894737,3.2
2.930999994,-1.563693259,27.57894737,3.2
2.940000057,-1.572432764,27.57894737,3.2
2.948999882,-1.584887926,27.57894737,3.2
2.957999945,-1.600471817,27.57894737,3.2
2.967000008,-1.618502102,27.57894737,3.2
2.976000071,-1.638232877,27.57894737,3.2
2.984999895,-1.658877149,27.57894737,3.2
2.993999958,-1.6796482,27.57894737,3.2
3.003000021,-1.699793724,27.57894737,3.2
3.012000084,-1.718632808,27.57894737,3.2
3.020999908,-1.735590221,27.57894737,3.2
3.029999971,-1.750224565,27.57894737,3.2
3.039000034,-1.762250926,27.57894737,3.2
3.048000097,-1.771556916,27.57894737,3.2
3.056999922,-1.778209392,27.57894737,3.2
3.065999985,-1.782450623,27.57894737,3.2
3.075000048,-1.784683822,27.57894737,3.2
3.084000111,-1.785460704,27.57894737,3.2
3.092999935,-1.785447072,27.57894737,3.2
3.101999998,-1.785401361,27.57894737,3.2
3.111000061,-1.786137747,27.57894737,3.2
3.119999886,-1.788490638,27.57894737,3.2
3.128999949,-1.79328888,27.57894737,3.2
3.138000011,-1.801312482,27.57894737,3.2
3.147000074,-1.813278142,27.57894737,3.2
3.155999899,-1.82980013,27.57894737,3.2
3.164999962,-1.851378551,27.57894737,3.2
3.174000025,-1.878378496,27.57894737,3.2
3.183000088,-1.911014262,27.57894737,3.2
3.191999912,-1.949348611,27.57894737,3.2
3.200999975,-1.993288248,27.57894737,3.2
3.210000038,-2.042590652,27.57894737,3.2
3.219000101,-2.096873446,27.57894737,3.2
3.227999926,-2.155646209,27.57894737,3.2
3.236999989,-2.21832184,27.57894737,3.2
3.246000051,-2.284257545,27.57894737,3.2
3.255000114,-2.352796989,27.57894737,3.2
3.263999939,-2.423305315,27.57894737,3.2
3.273000002,-2.495228666,27.57894737,3.2
3.282000065,-2.568125462,27.57894737,3.2
3.290999889,-2.641721159,27.57894737,3.2
3.299999952,-2.715948665,27.57894737,3.2
3.309000015,-2.790975952,27.57894737,3.2
3.318000078,-2.867234183,27.57894737,3.2
3.326999903,-2.945422229,27.57894737,3.2
3.335999966,-3.026525679,27.57894737,3.2
3.345000029,-3.111793041,27.57894737,3.2
3.354000092,-3.202727916,27.57894737,3.2
3.362999916,-3.301064103,27.57894737,3.2
3.371999979,-3.40872909,27.57894737,3.2
3.381000042,-3.52781638,27.57894737,3.2
3.390000105,-3.660553521,27.57894737,3.2
3.398999929,-3.809266403,27.57894737,3.2
3.407999992,-3.976351034,27.57894737,3.2
3.417000055,-4.16426042,27.57894737,3.2
3.426000118,-4.375486985,27.57894737,3.2
3.434999943,-4.612564387,27.57894737,3.2
3.444000006,-4.878079953,27.57894737,3.2
3.453000069,-5.174695305,27.57894737,3.2
3.461999893,-5.505205714,27.57894737,3.2
3.470999956,-5.87258985,27.57894737,3.2
3.480000019,-6.280112085,27.57894737,3.2
3.489000082,-6.731438447,27.57894737,3.2
3.497999907,-7.230802047,27.57894737,3.2
3.506999969,-7.783212264,27.57894737,3.2
3.516000032,-8.394746616,27.57894737,3.2
3.525000095,-9.072943919,27.57894737,3.2
3.53399992,-9.827339935,27.57894737,3.2
3.542999983,-10.67023965,27.57894737,3.2
3.552000046,-11.61783892,27.57894737,3.2
3.561000109,-12.69187215,27.57894737,3.2
3.569999933,-13.92209815,27.57894737,3.2
3.578999996,-15.3498532,27.57894737,3.2
3.588000059,-17.03242594,27.57894737,3.2
3.596999884,-19.04360186,27.57894737,3.2
3.605999947,-21.44035224,27.57894737,3.2
3.61500001,-24.03330401,27.57894737,3.2
3.624000072,-25.5744352,27.57894737,3.2
3.632999897,-24.42794536,27.57894737,3.2
3.64199996,-21.92675075,27.57894737,3.2
3.651000023,-19.53143099,27.57894737,3.2
3.660000086,-17.52003174,27.57894737,3.2
3.66899991,-15.8478547,27.57894737,3.2
3.677999973,-14.43957244,27.57894737,3.2
3.687000036,-13.23504026,27.57894737,3.2
3.696000099,-12.19060961,27.57894737,3.2
3.704999924,-11.27480602,27.57894737,3.2
3.713999987,-10.46459846,27.57894737,3.2
3.72300005,-9.742773701,27.57894737,3.2
3.732000113,-9.096198493,27.57894737,3.2
3.740999937,-8.514628948,27.57894737,3.2
3.75,-7.989915399,27.57894737,3.2
3.759000063,-7.515442408,27.57894737,3.2
3.767999887,-7.085719375,27.57894737,3.2
3.77699995,-6.696112039,27.57894737,3.2
3.786000013,-6.342619491,27.57894737,3.2
3.795000076,-6.021726159,27.57894737,3.2
3.803999901,-5.730284925,27.57894737,3.2
3.812999964,-5.465437457,27.57894737,3.2
3.822000027,-5.224548375,27.57894737,3.2
3.83100009,-5.005179817,27.57894737,3.2
3.839999914,-4.805047308,27.57894737,3.2
3.848999977,-4.622018269,27.57894737,3.2
3.85800004,-4.454098431,27.57894737,3.2
3.867000103,-4.2994385,27.57894737,3.2
3.875999928,-4.156332867,27.57894737,3.2
3.88499999,-4.023228183,27.57894737,3.2
3.894000053,-3.898736182,27.57894737,3.2
3.903000116,-3.781631687,27.57894737,3.2
3.911999941,-3.670860329,27.57894737,3.2
3.921000004,-3.565547869,27.57894737,3.2
3.930000067,-3.464985327,27.57894737,3.2
3.938999891,-3.368628519,27.57894737,3.2
3.947999954,-3.276094582,27.57894737,3.2
3.957000017,-3.1871326,27.57894737,3.2
3.96600008,-3.101621706,27.57894737,3.2
3.974999905,-3.019540684,27.57894737,3.2
3.983999968,-2.94095594,27.57894737,3.2
3.993000031,-2.86598937,27.57894737,3.2
4.001999855,-2.79480041,27.57894737,3.2
4.011000156,-2.727568465,27.57894737,3.2
4.019999981,-2.664471839,27.57894737,3.2
4.028999805,-2.6056674,27.57894737,3.2
4.038000107,-2.5512795,27.57894737,3.2
4.046999931,-2.50139485,27.57894737,3.2
4.056000233,-2.45604232,27.57894737,3.2
4.065000057,-2.415198368,27.57894737,3.2
4.073999882,-2.378791349,27.57894737,3.2
4.083000183,-2.346681735,27.57894737,3.2
4.092000008,-2.318691325,27.57894737,3.2
4.100999832,-2.294593799,27.57894737,3.2
4.110000134,-2.274134547,27.57894737,3.2
4.118999958,-2.257029101,27.57894737,3.2
4.127999783,-2.242990324,27.57894737,3.2
4.137000084,-2.231724613,27.57894737,3.2
4.145999908,-2.222961897,27.57894737,3.2
4.15500021,-2.216454482,27.57894737,3.2
4.164000034,-2.211997377,27.57894737,3.2
4.172999859,-2.209434247,27.57894737,3.2
4.18200016,-2.208673417,27.57894737,3.2
4.190999985,-2.20969387,27.57894737,3.2
4.199999809,-2.212549805,27.57894737,3.2
4.209000111,-2.217369104,27.57894737,3.2
4.217999935,-2.224367088,27.57894737,3.2
4.227000237,-2.233833106,27.57894737,3.2
4.236000061,-2.246128016,27.57894737,3.2
4.244999886,-2.26168462,27.57894737,3.2
4.254000187,-2.280990024,27.57894737,3.2
4.263000011,-2.304584319,27.57894737,3.2
4.271999836,-2.333045504,27.57894737,3.2
4.281000137,-2.366979939,27.57894737,3.2
4.289999962,-2.40701051,27.57894737,3.2
4.298999786,-2.45376872,27.57894737,3.2
4.308000088,-2.50787887,27.57894737,3.2
4.316999912,-2.569961025,27.57894737,3.2
4.326000214,-2.640609807,27.57894737,3.2
4.335000038,-2.720396877,27.57894737,3.2
4.343999863,-2.809858312,27.57894737,3.2
4.353000164,-2.909493273,27.57894737,3.2
4.361999989,-3.019754463,27.57894737,3.2
4.370999813,-3.141043336,27.57894737,3.2
4.380000114,-3.273698272,27.57894737,3.2
4.388999939,-3.417984296,27.57894737,3.2
4.397999763,-3.574081963,27.57894737,3.2
4.407000065,-3.742063663,27.57894737,3.2
4.415999889,-3.921869247,27.57894737,3.2
4.425000191,-4.113276366,27.57894737,3.2
4.434000015,-4.315856003,27.57894737,3.2
4.44299984,-4.528924007,27.57894737,3.2
4.452000141,-4.751480207,27.57894737,3.2
4.460999966,-4.982135956,27.57894737,3.2
4.46999979,-5.219028291,27.57894737,3.2
4.479000092,-5.459745224,27.57894737,3.2
4.487999916,-5.701226469,27.57894737,3.2
4.497000217,-5.939712506,27.57894737,3.2
4.506000042,-6.170696833,27.57894737,3.2
4.514999866,-6.388963671,27.57894737,3.2
4.524000168,-6.588707106,27.57894737,3.2
4.532999992,-6.763756793,27.57894737,3.2
4.541999817,-6.907946261,27.57894737,3.2
4.551000118,-7.015587795,27.57894737,3.2
4.559999943,-7.082015946,27.57894737,3.2
4.568999767,-7.104095374,27.57894737,3.2
4.578000069,-7.080616392,27.57894737,3.2
4.586999893,-7.012450109,27.57894737,3.2
4.596000195,-6.902456426,27.57894737,3.2
4.605000019,-6.755142723,27.57894737,3.2
4.613999844,-6.576161065,27.57894737,3.2
4.623000145,-6.371763351,27.57894737,3.2
4.631999969,-6.148280338,27.57894737,3.2
4.640999794,-5.911723192,27.57894737,3.2
4.650000095,-5.667499098,27.57894737,3.2
4.65899992,-5.420273656,27.57894737,3.2
4.668000221,-5.173901912,27.57894737,3.2
4.677000046,-4.931467272,27.57894737,3.2
4.68599987,-4.695330598,27.57894737,3.2
4.695000172,-4.467238719,27.57894737,3.2
4.703999996,-4.248402617,27.57894737,3.2
4.712999821,-4.039598273,27.57894737,3.2
4.722000122,-3.841258171,27.57894737,3.2
4.730999947,-3.653542791,27.57894737,3.2
4.739999771,-3.476405598,27.57894737,3.2
4.749000072,-3.309654459,27.57894737,3.2
4.757999897,-3.152993657,27.57894737,3.2
4.767000198,-3.006057366,27.57894737,3.2
4.776000023,-2.868442367,27.57894737,3.2
4.784999847,-2.739732091,27.57894737,3.2
4.794000149,-2.619508996,27.57894737,3.2
4.802999973,-2.507368081,27.57894737,3.2
4.811999798,-2.402927128,27.57894737,3.2
4.821000099,-2.305826101,27.57894737,3.2
4.829999924,-2.21573137,27.57894737,3.2
4.839000225,-2.132333642,27.57894737,3.2
4.84800005,-2.055343436,27.57894737,3.2
4.856999874,-1.984490137,27.57894737,3.2
4.866000175,-1.919516759,27.57894737,3.2
4.875,-1.860171257,27.57894737,3.2
4.883999825,-1.806203728,27.57894737,3.2
4.893000126,-1.757360784,27.57894737,3.2
4.90199995,-1.713382475,27.57894737,3.2
4.910999775,-1.67399638,27.57894737,3.2
4.920000076,-1.638914064,27.57894737,3.2
4.928999901,-1.607833431,27.57894737,3.2
4.938000202,-1.580433686,27.57894737,3.2
4.947000027,-1.556379881,27.57894737,3.2
4.955999851,-1.53532342,27.57894737,3.2
4.965000153,-1.516904188,27.57894737,3.2
4.973999977,-1.500758464,27.57894737,3.2
4.982999802,-1.486522507,27.57894737,3.2
4.992000103,-1.473837985,27.57894737,3.2
5.000999928,-1.462363413,27.57894737,3.2
5.010000229,-1.451780261,27.57894737,3.2
5.019000053,-1.441794677,27.57894737,3.2
5.027999878,-1.432153871,27.57894737,3.2
5.037000179,-1.422647389,27.57894737,3.2
5.046000004,-1.413111627,27.57894737,3.2
5.054999828,-1.403434456,27.57894737,3.2
5.06400013,-1.393557353,27.57894737,3.2
5.072999954,-1.383472962,27.57894737,3.2
5.081999779,-1.373224451,27.57894737,3.2
5.09100008,-1.3628981,27.57894737,3.2
5.099999905,-1.352620451,27.57894737,3.2
5.109000206,-1.342547178,27.57894737,3.2
5.118000031,-1.332853556,27.57894737,3.2
5.126999855,-1.32373044,27.57894737,3.2
5.136000156,-1.315366065,27.57894737,3.2
5.144999981,-1.307942879,27.57894737,3.2
5.153999805,-1.301624294,27.57894737,3.2
5.163000107,-1.296549317,27.57894737,3.2
5.171999931,-1.292823256,27.57894737,3.2
5.181000233,-1.290515294,27.57894737,3.2
5.190000057,-1.289652417,27.57894737,3.2
5.198999882,-1.290218137,27.57894737,3.2
5.208000183,-1.292152407,27.57894737,3.2
5.217000008,-1.295354897,27.57894737,3.2
5.225999832,-1.299685847,27.57894737,3.2
5.235000134,-1.304975721,27.57894737,3.2
5.243999958,-1.311028573,27.57894737,3.2
5.252999783,-1.317629354,27.57894737,3.2
5.262000084,-1.324559837,27.57894737,3.2
5.270999908,-1.331600564,27.57894737,3.2
5.28000021,-1.338547475,27.57894737,3.2
5.289000034,-1.345218211,27.57894737,3.2
5.297999859,-1.351463395,27.57894737,3.2
5.30700016,-1.357172336,27.57894737,3.2
5.315999985,-1.362279803,27.57894737,3.2
5.324999809,-1.366772245,27.57894737,3.2
5.334000111,-1.370687864,27.57894737,3.2
5.342999935,-1.374112072,27.57894737,3.2
5.352000237,-1.377177926,27.57894737,3.2
5.361000061,-1.380060337,27.57894737,3.2
5.369999886,-1.382967916,27.57894737,3.2
5.379000187,-1.386129145,27.57894737,3.2
5.388000011,-1.389788855,27.57894737,3.2
5.396999836,-1.394190159,27.57894737,3.2
5.406000137,-1.399568091,27.57894737,3.2
5.414999962,-1.406139189,27.57894737,3.2
5.423999786,-1.414084978,27.57894737,3.2
5.433000088,-1.423554303,27.57894737,3.2
5.441999912,-1.434644669,27.57894737,3.2
5.451000214,-1.447404902,27.57894737,3.2
5.460000038,-1.461829662,27.57894737,3.2
5.468999863,-1.477859389,27.57894737,3.2
5.478000164,-1.495382195,27.57894737,3.2
5.486999989,-1.514234698,27.57894737,3.2
5.495999813,-1.534213394,27.57894737,3.2
5.505000114,-1.555081036,27.57894737,3.2
5.513999939,-1.576580914,27.57894737,3.2
5.522999763,-1.598441678,27.57894737,3.2
5.532000065,-1.620402312,27.57894737,3.2
5.540999889,-1.642217916,27.57894737,3.2
5.550000191,-1.663680026,27.57894737,3.2
5.559000015,-1.684626005,27.57894737,3.2
5.56799984,-1.704953542,27.57894737,3.2
5.577000141,-1.724629394,27.57894737,3.2
5.585999966,-1.743690853,27.57894737,3.2
5.59499979,-1.762258382,27.57894737,3.2
5.604000092,-1.780523806,27.57894737,3.2
5.612999916,-1.79875239,27.57894737,3.2
5.622000217,-1.817269456,27.57894737,3.2
5.631000042,-1.83645349,27.57894737,3.2
5.639999866,-1.856720957,27.57894737,3.2
5.649000168,-1.878504496,27.57894737,3.2
5.657999992,-1.902251766,27.57894737,3.2
5.666999817,-1.928387434,27.57894737,3.2
5.676000118,-1.957318016,27.57894737,3.2
5.684999943,-1.989400748,27.57894737,3.2
5.693999767,-2.0249364,27.57894737,3.2
5.703000069,-2.064159642,27.57894737,3.2
5.711999893,-2.107221529,27.57894737,3.2
5.721000195,-2.154192565,27.57894737,3.2
5.730000019,-2.205053328,27.57894737,3.2
5.738999844,-2.259698442,27.57894737,3.2
5.748000145,-2.3179444,27.57894737,3.2
5.756999969,-2.379537277,27.57894737,3.2
5.765999794,-2.444170543,27.57894737,3.2
5.775000095,-2.511510635,27.57894737,3.2
5.78399992,-2.581214308,27.57894737,3.2
5.793000221,-2.652966702,27.57894737,3.2
5.802000046,-2.726514572,27.57894737,3.2
5.81099987,-2.801698548,27.57894737,3.2
5.820000172,-2.878489602,27.57894737,3.2
5.828999996,-2.957022076,27.57894737,3.2
5.837999821,-3.037626541,27.57894737,3.2
5.847000122,-3.120848017,27.57894737,3.2
5.855999947,-3.207470914,27.57894737,3.2
5.864999771,-3.298526148,27.57894737,3.2
5.874000072,-3.395298099,27.57894737,3.2
5.882999897,-3.499323095,27.57894737,3.2
5.892000198,-3.612387028,27.57894737,3.2
5.901000023,-3.736516051,27.57894737,3.2
5.909999847,-3.873960988,27.57894737,3.2
5.919000149,-4.027193808,27.57894737,3.2
5.927999973,-4.198895885,27.57894737,3.2
5.936999798,-4.391953854,27.57894737,3.2
5.946000099,-4.60944633,27.57894737,3.2
5.954999924,-4.854660871,27.57894737,3.2
5.964000225,-5.131081143,27.57894737,3.2
5.97300005,-5.442407898,27.57894737,3.2
5.981999874,-5.792572813,27.57894737,3.2
5.991000175,-6.185758388,27.57894737,3.2
6,-6.62641278,27.57894737,3.2
6.008999825,-7.119290136,27.57894737,3.2
6.018000126,-7.669435384,27.57894737,3.2
6.02699995,-8.282164264,27.57894737,3.2
6.035999775,-8.962918042,27.57894737,3.2
6.045000076,-9.716926502,27.57894737,3.2
6.053999901,-10.54840856,27.57894737,3.2
6.063000202,-11.45889192,27.57894737,3.2
6.072000027,-12.44375868,27.57894737,3.2
6.080999851,-13.48554887,27.57894737,3.2
6.090000153,-14.54213589,27.57894737,3.2
6.098999977,-15.53010874,27.57894737,3.2
6.107999802,-16.31432423,27.57894737,3.2
6.117000103,-16.73514299,27.57894737,3.2
6.125999928,-16.6944771,27.57894737,3.2
6.135000229,-16.23190254,27.57894737,3.2
6.144000053,-15.49126963,27.57894737,3.2
6.152999878,-14.62434386,27.57894737,3.2
6.162000179,-13.73634633,27.57894737,3.2
6.171000004,-12.88457585,27.57894737,3.2
6.179999828,-12.09479575,27.57894737,3.2
6.18900013,-11.375613,27.57894737,3.2
6.197999954,-10.72725959,27.57894737,3.2
6.206999779,-10.14627639,27.57894737,3.2
6.21600008,-9.627857334,27.57894737,3.2
6.224999905,-9.166953015,27.57894737,3.2
6.234000206,-8.758765491,27.57894737,3.2
6.243000031,-8.398948982,27.57894737,3.2
6.251999855,-8.083635994,27.57894737,3.2
6.261000156,-7.809428854,27.57894737,3.2
6.269999981,-7.573334857,27.57894737,3.2
6.278999805,-7.372706515,27.57894737,3.2
6.288000107,-7.205175025,27.57894737,3.2
6.296999931,-7.068581871,27.57894737,3.2
6.306000233,-6.960930125,27.57894737,3.2
6.315000057,-6.880325337,27.57894737,3.2
6.323999882,-6.824935913,27.57894737,3.2
6.333000183,-6.792958471,27.57894737,3.2
6.342000008,-6.782583607,27.57894737,3.2
6.350999832,-6.791993647,27.57894737,3.2
6.360000134,-6.819337664,27.57894737,3.2
6.368999958,-6.862735807,27.57894737,3.2
6.377999783,-6.920300997,27.57894737,3.2
6.387000084,-6.990146114,27.57894737,3.2
6.395999908,-7.070426579,27.57894737,3.2
6.40500021,-7.159351189,27.57894737,3.2
6.414000034,-7.255243643,27.57894737,3.2
6.422999859,-7.356573714,27.57894737,3.2
6.43200016,-7.461980851,27.57894737,3.2
6.440999985,-7.570336835,27.57894737,3.2
6.449999809,-7.680739545,27.57894737,3.2
6.459000111,-7.792555061,27.57894737,3.2
6.467999935,-7.905403929,27.57894737,3.2
6.477000237,-8.019169577,27.57894737,3.2
6.486000061,-8.13396639,27.57894737,3.2
6.494999886,-8.25011972,27.57894737,3.2
6.504000187,-8.36813596,27.57894737,3.2
6.513000011,-8.488637976,27.57894737,3.2
6.521999836,-8.612354232,27.57894737,3.2
6.531000137,-8.740040954,27.57894737,3.2
6.539999962,-8.872464701,27.57894737,3.2
6.548999786,-9.010346562,27.57894737,3.2
6.558000088,-9.154338644,27.57894737,3.2
6.566999912,-9.304987363,27.57894737,3.2
6.576000214,-9.462717526,27.57894737,3.2
6.585000038,-9.627810005,27.57894737,3.2
6.593999863,-9.80040011,27.57894737,3.2
6.603000164,-9.980463987,27.57894737,3.2
6.611999989,-10.16782855,27.57894737,3.2
6.620999813,-10.36216656,27.57894737,3.2
6.630000114,-10.56302228,27.57894737,3.2
6.638999939,-10.76980558,27.57894737,3.2
6.647999763,-10.98182617,27.57894737,3.2
6.657000065,-11.19830438,27.57894737,3.2
6.665999889,-11.4183982,27.57894737,3.2
6.675000191,-11.64122009,27.57894737,3.2
6.684000015,-11.86587105,27.57894737,3.2
6.69299984,-12.09146377,27.57894737,3.2
6.702000141,-12.3171498,27.57894737,3.2
6.710999966,-12.54214232,27.57894737,3.2
6.71999979,-12.76574938,27.57894737,3.2
6.729000092,-12.98739386,27.57894737,3.2
6.737999916,-13.20662362,27.57894737,3.2
6.747000217,-13.42313587,27.57894737,3.2
6.756000042,-13.63679422,27.57894737,3.2
6.764999866,-13.84761166,27.57894737,3.2
6.774000168,-14.05577419,27.57894737,3.2
6.782999992,-14.26161682,27.57894737,3.2
6.791999817,-14.46561075,27.57894737,3.2
6.801000118,-14.66836462,27.57894737,3.2
6.809999943,-14.87058185,27.57894737,3.2
6.818999767,-15.07305011,27.57894737,3.2
6.828000069,-15.27661347,27.57894737,3.2
6.836999893,-15.4821433,27.57894737,3.2
6.846000195,-15.69051489,27.57894737,3.2
6.855000019,-15.90257355,27.57894737,3.2
6.863999844,-16.11912091,27.57894737,3.2
6.873000145,-16.34087465,27.57894737,3.2
6.881999969,-16.5684416,27.57894737,3.2
6.890999794,-16.80229581,27.57894737,3.2
6.900000095,-17.04274192,27.57894737,3.2
6.90899992,-17.28988154,27.57894737,3.2
6.918000221,-17.54355942,27.57894737,3.2
6.927000046,-17.8033427,27.57894737,3.2
6.93599987,-18.06843686,27.57894737,3.2
6.945000172,-18.33764701,27.57894737,3.2
6.953999996,-18.6092981,27.57894737,3.2
6.962999821,-18.88116798,27.57894737,3.2
6.972000122,-19.15041602,27.57894737,3.2
6.980999947,-19.41352014,27.57894737,3.2
6.989999771,-19.66624182,27.57894737,3.2
6.999000072,-19.90362844,27.57894737,3.2
7.007999897,-20.1200708,27.57894737,3.2
7.017000198,-20.30947358,27.57894737,3.2
7.026000023,-20.46548584,27.57894737,3.2
7.034999847,-20.58188673,27.57894737,3.2
7.044000149,-20.6530217,27.57894737,3.2
7.052999973,-20.67428706,27.57894737,3.2
7.061999798,-20.64256752,27.57894737,3.2
7.071000099,-20.55658935,27.57894737,3.2
7.079999924,-20.41698747,27.57894737,3.2
7.089000225,-20.2262657,27.57894737,3.2
7.09800005,-19.9884858,27.57894737,3.2
7.106999874,-19.70883545,27.57894737,3.2
7.116000175,-19.39320648,27.57894737,3.2
7.125,-19.04772173,27.57894737,3.2
7.133999825,-18.6784078,27.57894737,3.2
7.143000126,-18.29094168,27.57894737,3.2
7.15199995,-17.89049086,27.57894737,3.2
7.160999775,-17.48163428,27.57894737,3.2
7.170000076,-17.06836913,27.57894737,3.2
7.178999901,-16.65411581,27.57894737,3.2
7.188000202,-16.24177527,27.57894737,3.2
7.197000027,-15.83377085,27.57894737,3.2
7.205999851,-15.43210153,27.57894737,3.2
7.215000153,-15.03840675,27.57894737,3.2
7.223999977,-14.65399705,27.57894737,3.2
7.232999802,-14.27989516,27.57894737,3.2
7.242000103,-13.9168702,27.57894737,3.2
7.250999928,-13.56546677,27.57894737,3.2
7.260000229,-13.22602737,27.57894737,3.2
7.269000053,-12.89871517,27.57894737,3.2
7.277999878,-12.5835272,27.57894737,3.2
7.287000179,-12.28032042,27.57894737,3.2
7.296000004,-11.98882768,27.57894737,3.2
7.304999828,-11.70866796,27.57894737,3.2
7.31400013,-11.43937727,27.57894737,3.2
7.322999954,-11.18041231,27.57894737,3.2
7.331999779,-10.93118318,27.57894737,3.2
7.34100008,-10.69106173,27.57894737,3.2
7.349999905,-10.45941594,27.57894737,3.2
7.359000206,-10.23560925,27.57894737,3.2
7.368000031,-10.0190341,27.57894737,3.2
7.376999855,-9.809130079,27.57894737,3.2
7.386000156,-9.605388043,27.57894737,3.2
7.394999981,-9.407368056,27.57894737,3.2
7.403999805,-9.214717681,27.57894737,3.2
7.413000107,-9.027161253,27.57894737,3.2
7.421999931,-8.84451378,27.57894737,3.2
7.431000233,-8.666676109,27.57894737,3.2
7.440000057,-8.493630645,27.57894737,3.2
7.448999882,-8.325430733,27.57894737,3.2
7.458000183,-8.162188653,27.57894737,3.2
7.467000008,-8.004065957,27.57894737,3.2
7.475999832,-7.851255364,27.57894737,3.2
7.485000134,-7.703964018,27.57894737,3.2
7.493999958,-7.562408528,27.57894737,3.2
7.502999783,-7.426784474,27.57894737,3.2
7.512000084,-7.297269686,27.57894737,3.2
7.520999908,-7.174000024,27.57894737,3.2
7.53000021,-7.057070499,27.57894737,3.2
7.539000034,-6.946527341,27.57894737,3.2
7.547999859,-6.842354651,27.57894737,3.2
7.55700016,-6.744485938,27.57894737,3.2
7.565999985,-6.652803719,27.57894737,3.2
7.574999809,-6.567128014,27.57894737,3.2
7.584000111,-6.487243262,27.57894737,3.2
7.592999935,-6.412886084,27.57894737,3.2
7.602000237,-6.343771405,27.57894737,3.2
7.611000061,-6.279585823,27.57894737,3.2
7.619999886,-6.220007853,27.57894737,3.2
7.629000187,-6.164718018,27.57894737,3.2
7.638000011,-6.113403718,27.57894737,3.2
7.646999836,-6.065778663,27.57894737,3.2
7.656000137,-6.021585729,27.57894737,3.2
7.664999962,-5.980603723,27.57894737,3.2
7.673999786,-5.942667611,27.57894737,3.2
7.683000088,-5.907654272,27.57894737,3.2
7.691999912,-5.87550298,27.57894737,3.2
7.701000214,-5.846207417,27.57894737,3.2
7.710000038,-5.819818808,27.57894737,3.2
7.718999863,-5.796443512,27.57894737,3.2
7.728000164,-5.776236718,27.57894737,3.2
7.736999989,-5.759397729,27.57894737,3.2
7.745999813,-5.74616485,27.57894737,3.2
7.755000114,-5.736810096,27.57894737,3.2
7.763999939,-5.731625089,27.57894737,3.2
7.772999763,-5.730921793,27.57894737,3.2
7.782000065,-5.735019138,27.57894737,3.2
7.790999889,-5.744243756,27.57894737,3.2
7.800000191,-5.758921934,27.57894737,3.2
7.809000015,-5.779374394,27.57894737,3.2
7.81799984,-5.805917596,27.57894737,3.2
7.827000141,-5.83886323,27.57894737,3.2
7.835999966,-5.878514381,27.57894737,3.2
7.84499979,-5.925172871,27.57894737,3.2
7.854000092,-5.97914057,27.57894737,3.2
7.862999916,-6.040724102,27.57894737,3.2
7.872000217,-6.110237475,27.57894737,3.2
7.881000042,-6.188011219,27.57894737,3.2
7.889999866,-6.274398043,27.57894737,3.2
7.899000168,-6.369784786,27.57894737,3.2
7.907999992,-6.47459166,27.57894737,3.2
7.916999817,-6.589288145,27.57894737,3.2
7.926000118,-6.714398332,27.57894737,3.2
7.934999943,-6.850511772,27.57894737,3.2
7.943999767,-6.998289799,27.57894737,3.2
7.953000069,-7.158478968,27.57894737,3.2
7.961999893,-7.331916124,27.57894737,3.2
7.971000195,-7.519537945,27.57894737,3.2
7.980000019,-7.722395213,27.57894737,3.2
7.988999844,-7.941659824,27.57894737,3.2
7.998000145,-8.178631477,27.57894737,3.2
8.006999969,-8.434751441,27.57894737,3.2
8.015999794,-8.71161154,27.57894737,3.2
8.024999619,-9.010962715,27.57894737,3.2
8.034000397,-9.334717392,27.57894737,3.2
8.043000221,-9.684951347,27.57894737,3.2
8.052000046,-10.06390372,27.57894737,3.2
8.06099987,-10.47394296,27.57894737,3.2
8.069999695,-10.91752886,27.57894737,3.2
8.079000473,-11.39711409,27.57894737,3.2
8.088000298,-11.91497611,27.57894737,3.2
8.097000122,-12.47292588,27.57894737,3.2
8.105999947,-13.07179731,27.57894737,3.2
8.114999771,-13.71059689,27.57894737,3.2
8.123999596,-14.38511337,27.57894737,3.2
8.133000374,-15.0857259,27.57894737,3.2
8.142000198,-15.7942072,27.57894737,3.2
8.151000023,-16.47972394,27.57894737,3.2
8.159999847,-17.09545352,27.57894737,3.2
8.168999672,-17.57956895,27.57894737,3.2
8.17800045,-17.86606471,27.57894737,3.2
8.187000275,-17.90678591,27.57894737,3.2
8.196000099,-17.69366513,27.57894737,3.2
8.204999924,-17.26289838,27.57894737,3.2
8.213999748,-16.67717165,27.57894737,3.2
8.222999573,-16.00159761,27.57894737,3.2
8.232000351,-15.28865761,27.57894737,3.2
8.241000175,-14.57441379,27.57894737,3.2
8.25,-13.88092943,27.57894737,3.2
8.258999825,-13.22032257,27.57894737,3.2
8.267999649,-12.5983033,27.57894737,3.2
8.277000427,-12.01669819,27.57894737,3.2
8.286000252,-11.47509701,27.57894737,3.2
8.295000076,-10.97185755,27.57894737,3.2
8.303999901,-10.50473269,27.57894737,3.2
8.312999725,-10.07122051,27.57894737,3.2
8.32199955,-9.668778001,27.57894737,3.2
8.331000328,-9.294941023,27.57894737,3.2
8.340000153,-8.947385932,27.57894737,3.2
8.348999977,-8.623967265,27.57894737,3.2
8.357999802,-8.322722585,27.57894737,3.2
8.366999626,-8.041885769,27.57894737,3.2
8.376000404,-7.7798729,27.57894737,3.2
8.385000229,-7.535276941,27.57894737,3.2
8.394000053,-7.306858294,27.57894737,3.2
8.402999878,-7.093526658,27.57894737,3.2
8.411999702,-6.894331032,27.57894737,3.2
8.420999527,-6.708442549,27.57894737,3.2
8.430000305,-6.535142804,27.57894737,3.2
8.43900013,-6.373804675,27.57894737,3.2
8.447999954,-6.223883368,27.57894737,3.2
8.456999779,-6.084899035,27.57894737,3.2
8.465999603,-5.956427212,27.57894737,3.2
8.475000381,-5.838085864,27.57894737,3.2
8.484000206,-5.729526698,27.57894737,3.2
8.493000031,-5.630425323,27.57894737,3.2
8.501999855,-5.540474857,27.57894737,3.2
8.51099968,-5.459381749,27.57894737,3.2
8.520000458,-5.386855467,27.57894737,3.2
8.529000282,-5.322612959,27.57894737,3.2
8.538000107,-5.266374059,27.57894737,3.2
8.546999931,-5.21785665,27.57894737,3.2
8.555999756,-5.176783512,27.57894737,3.2
8.56499958,-5.142878262,27.57894737,3.2
8.574000359,-5.115872006,27.57894737,3.2
8.583000183,-5.09550067,27.57894737,3.2
8.592000008,-5.081511723,27.57894737,3.2
8.600999832,-5.073663265,27.57894737,3.2
8.609999657,-5.071730445,27.57894737,3.2
8.619000435,-5.075503322,27.57894737,3.2
8.628000259,-5.084794663,27.57894737,3.2
8.637000084,-5.099432678,27.57894737,3.2
8.645999908,-5.119266948,27.57894737,3.2
8.654999733,-5.144167884,27.57894737,3.2
8.663999557,-5.174018218,27.57894737,3.2
8.673000336,-5.208712478,27.57894737,3.2
8.68200016,-5.248156227,27.57894737,3.2
8.690999985,-5.292248429,27.57894737,3.2
8.699999809,-5.340885019,27.57894737,3.2
8.708999634,-5.39394267,27.57894737,3.2
8.718000412,-5.451270365,27.57894737,3.2
8.727000237,-5.512683073,27.57894737,3.2
8.736000061,-5.577943592,27.57894737,3.2
8.744999886,-5.646760096,27.57894737,3.2
8.75399971,-5.718772247,27.57894737,3.2
8.762999535,-5.793544179,27.57894737,3.2
8.772000313,-5.870558795,27.57894737,3.2
8.781000137,-5.94922194,27.57894737,3.2
8.789999962,-6.028853241,27.57894737,3.2
8.798999786,-6.108700496,27.57894737,3.2
8.807999611,-6.18795043,27.57894737,3.2
8.817000389,-6.265745871,27.57894737,3.2
8.826000214,-6.34120733,27.57894737,3.2
8.835000038,-6.413465682,27.57894737,3.2
8.843999863,-6.481688751,27.57894737,3.2
8.852999687,-6.545125915,27.57894737,3.2
8.862000465,-6.603134105,27.57894737,3.2
8.87100029,-6.655216511,27.57894737,3.2
8.880000114,-6.701049824,27.57894737,3.2
8.888999939,-6.740503313,27.57894737,3.2
8.897999763,-6.773651,27.57894737,3.2
8.906999588,-6.80077067,27.57894737,3.2
8.916000366,-6.822334629,27.57894737,3.2
8.925000191,-6.83898825,27.57894737,3.2
8.934000015,-6.85151838,27.57894737,3.2
8.94299984,-6.860825061,27.57894737,3.2
8.951999664,-6.867875061,27.57894737,3.2
8.961000443,-6.873670013,27.57894737,3.2
8.970000267,-6.879203104,27.57894737,3.2
8.979000092,-6.885430798,27.57894737,3.2
8.987999916,-6.893240938,27.57894737,3.2
8.996999741,-6.903425921,27.57894737,3.2
9.005999565,-6.916670893,27.57894737,3.2
9.015000343,-6.933536794,27.57894737,3.2
9.024000168,-6.954451968,27.57894737,3.2
9.032999992,-6.979710617,27.57894737,3.2
9.041999817,-7.009478092,27.57894737,3.2
9.050999641,-7.043788162,27.57894737,3.2
9.06000042,-7.082559029,27.57894737,3.2
9.069000244,-7.125605456,27.57894737,3.2
9.078000069,-7.17265203,27.57894737,3.2
9.086999893,-7.223348106,27.57894737,3.2
9.095999718,-7.277297768,27.57894737,3.2
9.104999542,-7.334073418,27.57894737,3.2
9.11400032,-7.393240365,27.57894737,3.2
9.123000145,-7.454379739,27.57894737,3.2
9.131999969,-7.517109398,27.57894737,3.2
9.140999794,-7.581101012,27.57894737,3.2
9.149999619,-7.646097405,27.57894737,3.2
9.159000397,-7.711921525,27.57894737,3.2
9.168000221,-7.778476633,27.57894737,3.2
9.177000046,-7.845752181,27.57894737,3.2
9.18599987,-7.913811666,27.57894737,3.2
9.194999695,-7.982779532,27.57894737,3.2
9.204000473,-8.052823911,27.57894737,3.2
9.213000298,-8.124135204,27.57894737,3.2
9.222000122,-8.196898737,27.57894737,3.2
9.230999947,-8.271267789,27.57894737,3.2
9.239999771,-8.347339872,27.57894737,3.2
9.248999596,-8.425125956,27.57894737,3.2
9.258000374,-8.50453331,27.57894737,3.2
9.267000198,-8.585342017,27.57894737,3.2
9.276000023,-8.667196063,27.57894737,3.2
9.284999847,-8.74959361,27.57894737,3.2
9.293999672,-8.83189054,27.57894737,3.2
9.30300045,-8.913308853,27.57894737,3.2
9.312000275,-8.992957324,27.57894737,3.2
9.321000099,-9.069861695,27.57894737,3.2
9.329999924,-9.143005284,27.57894737,3.2
9.338999748,-9.211370429,27.57894737,3.2
9.347999573,-9.273991982,27.57894737,3.2
9.357000351,-9.330007827,27.57894737,3.2
9.366000175,-9.378715111,27.57894737,3.2
9.375,-9.419606054,27.57894737,3.2
9.383999825,-9.452408033,27.57894737,3.2
9.392999649,-9.477095079,27.57894737,3.2
9.402000427,-9.493894666,27.57894737,3.2
9.411000252,-9.503274469,27.57894737,3.2
9.420000076,-9.505907712,27.57894737,3.2
9.428999901,-9.502642989,27.57894737,3.2
9.437999725,-9.494450866,27.57894737,3.2
9.44699955,-9.482363507,27.57894737,3.2
9.456000328,-9.467442336,27.57894737,3.2
9.465000153,-9.450708619,27.57894737,3.2
9.473999977,-9.433120099,27.57894737,3.2
9.482999802,-9.415526053,27.57894737,3.2
9.491999626,-9.398652003,27.57894737,3.2
9.501000404,-9.383072512,27.57894737,3.2
9.510000229,-9.369215336,27.57894737,3.2
9.519000053,-9.357358963,27.57894737,3.2
9.527999878,-9.34764302,27.57894737,3.2
9.536999702,-9.340085924,27.57894737,3.2
9.545999527,-9.334599936,27.57894737,3.2
9.555000305,-9.33101842,27.57894737,3.2
9.56400013,-9.329134987,27.57894737,3.2
9.572999954,-9.328711375,27.57894737,3.2
9.581999779,-9.329531537,27.57894737,3.2
9.590999603,-9.331410911,27.57894737,3.2
9.600000381,-9.33423775,27.57894737,3.2
9.609000206,-9.337982896,27.57894737,3.2
9.618000031,-9.342720691,27.57894737,3.2
9.626999855,-9.348641786,27.57894737,3.2
9.63599968,-9.356048521,27.57894737,3.2
9.645000458,-9.36535887,27.57894737,3.2
9.654000282,-9.377089344,27.57894737,3.2
9.663000107,-9.391844504,27.57894737,3.2
9.671999931,-9.410301724,27.57894737,3.2
9.680999756,-9.433179118,27.57894737,3.2
9.68999958,-9.461219141,27.57894737,3.2
9.699000359,-9.495167755,27.57894737,3.2
9.708000183,-9.535739587,27.57894737,3.2
9.717000008,-9.583611598,27.57894737,3.2
9.725999832,-9.639396959,27.57894737,3.2
9.734999657,-9.703617642,27.57894737,3.2
9.744000435,-9.776713371,27.57894737,3.2
9.753000259,-9.859004949,27.57894737,3.2
9.762000084,-9.950710788,27.57894737,3.2
9.770999908,-10.05192065,27.57894737,3.2
9.779999733,-10.16261319,27.57894737,3.2
9.788999557,-10.28264091,27.57894737,3.2
9.798000336,-10.41176024,27.57894737,3.2
9.80700016,-10.54961722,27.57894737,3.2
9.815999985,-10.69578283,27.57894737,3.2
9.824999809,-10.84976683,27.57894737,3.2
9.833999634,-11.01103585,27.57894737,3.2
9.843000412,-11.17905339,27.57894737,3.2
9.852000237,-11.35330269,27.57894737,3.2
9.861000061,-11.53331391,27.57894737,3.2
9.869999886,-11.71870328,27.57894737,3.2
9.87899971,-11.90918623,27.57894737,3.2
9.887999535,-12.10462047,27.57894737,3.2
9.897000313,-12.30499883,27.57894737,3.2
9.906000137,-12.51047581,27.57894737,3.2
9.914999962,-12.72135658,27.57894737,3.2
9.923999786,-12.93807878,27.57894737,3.2
9.932999611,-13.16121695,27.57894737,3.2
9.942000389,-13.39141438,27.57894737,3.2
9.951000214,-13.62938065,27.57894737,3.2
9.960000038,-13.87582025,27.57894737,3.2
9.968999863,-14.1313825,27.57894737,3.2
9.977999687,-14.39661513,27.57894737,3.2
9.987000465,-14.67187232,27.57894737,3.2
9.99600029,-14.95727245,27.57894737,3.2
10.00500011,-15.25260762,27.57894737,3.2
10.01399994,-15.55725504,27.57894737,3.2
10.02299976,-15.87011351,27.57894737,3.2
10.03199959,-16.18949452,27.57894737,3.2
10.04100037,-16.51306538,27.57894737,3.2
10.05000019,-16.83776369,27.57894737,3.2
10.05900002,-17.1597373,27.57894737,3.2
10.06799984,-17.47436314,27.57894737,3.2
10.07699966,-17.7762589,27.57894737,3.2
10.08600044,-18.05943715,27.57894737,3.2
10.09500027,-18.31750146,27.57894737,3.2
10.10400009,-18.54397635,27.57894737,3.2
10.11299992,-18.73273941,27.57894737,3.2
10.12199974,-18.87844682,27.57894737,3.2
10.13099957,-18.97702506,27.57894737,3.2
10.14000034,-19.02598882,27.57894737,3.2
10.14900017,-19.02466361,27.57894737,3.2
10.15799999,-18.9741728,27.57894737,3.2
10.16699982,-18.87726216,27.57894737,3.2
10.17599964,-18.73793578,27.57894737,3.2
10.18500042,-18.56111218,27.57894737,3.2
10.19400024,-18.35217584,27.57894737,3.2
10.20300007,-18.11666698,27.57894737,3.2
10.21199989,-17.86000569,27.57894737,3.2
10.22099972,-17.58732884,27.57894737,3.2
10.22999954,-17.3033769,27.57894737,3.2
10.23900032,-17.01244631,27.57894737,3.2
10.24800014,-16.71838462,27.57894737,3.2
10.25699997,-16.42459564,27.57894737,3.2
10.26599979,-16.13405905,27.57894737,3.2
10.27499962,-15.84935648,27.57894737,3.2
10.2840004,-15.57269727,27.57894737,3.2
10.29300022,-15.30594676,27.57894737,3.2
10.30200005,-15.05062592,27.57894737,3.2
10.31099987,-14.80795896,27.57894737,3.2
10.31999969,-14.57887109,27.57894737,3.2
10.32900047,-14.36402419,27.57894737,3.2
10.3380003,-14.16380397,27.57894737,3.2
10.34700012,-13.97836844,27.57894737,3.2
10.35599995,-13.80764992,27.57894737,3.2
10.36499977,-13.65135254,27.57894737,3.2
10.3739996,-13.50900479,27.57894737,3.2
10.38300037,-13.3799446,27.57894737,3.2
10.3920002,-13.26335375,27.57894737,3.2
10.40100002,-13.15828024,27.57894737,3.2
10.40999985,-13.06364287,27.57894737,3.2
10.41899967,-12.97828907,27.57894737,3.2
10.42800045,-12.9010047,27.57894737,3.2
10.43700027,-12.83055847,27.57894737,3.2
10.4460001,-12.76574466,27.57894737,3.2
10.45499992,-12.70542062,27.57894737,3.2
10.46399975,-12.64855764,27.57894737,3.2
10.47299957,-12.59427801,27.57894737,3.2
10.48200035,-12.54189476,27.57894737,3.2
10.49100018,-12.49094234,27.57894737,3.2
10.5,-12.4411976,27.57894737,3.2
1.5,-1.135188484,30.84210526,0.8
1.508999944,-1.112252987,30.84210526,0.8
1.518000007,-1.101880593,30.84210526,0.8
1.52699995,-1.106186876,30.84210526,0.8
1.536000013,-1.12569784,30.84210526,0.8
1.544999957,-1.159276692,30.84210526,0.8
1.55400002,-1.204176683,30.84210526,0.8
1.562999964,-1.256272679,30.84210526,0.8
1.572000027,-1.310450786,30.84210526,0.8
1.58099997,-1.361132033,30.84210526,0.8
1.590000033,-1.402915763,30.84210526,0.8
1.598999977,-1.43124881,30.84210526,0.8
1.60800004,-1.443048322,30.84210526,0.8
1.616999984,-1.437135249,30.84210526,0.8
1.626000047,-1.414437648,30.84210526,0.8
1.63499999,-1.377874032,30.84210526,0.8
1.644000053,-1.331975113,30.84210526,0.8
1.652999997,-1.282292437,30.84210526,0.8
1.661999941,-1.234724645,30.84210526,0.8
1.671000004,-1.194827737,30.84210526,0.8
1.679999948,-1.167223475,30.84210526,0.8
1.68900001,-1.155136691,30.84210526,0.8
1.697999954,-1.160083624,30.84210526,0.8
1.707000017,-1.181725084,30.84210526,0.8
1.715999961,-1.217893932,30.84210526,0.8
1.725000024,-1.264763155,30.84210526,0.8
1.733999968,-1.317189051,30.84210526,0.8
1.743000031,-1.3691964,30.84210526,0.8
1.751999974,-1.414608304,30.84210526,0.8
1.761000037,-1.447758379,30.84210526,0.8
1.769999981,-1.464223755,30.84210526,0.8
1.779000044,-1.461450398,30.84210526,0.8
1.787999988,-1.439167313,30.84210526,0.8
1.797000051,-1.399464566,30.84210526,0.8
1.805999994,-1.346547795,30.84210526,0.8
1.815000057,-1.286169041,30.84210526,0.8
1.824000001,-1.224873813,30.84210526,0.8
1.832999945,-1.169191992,30.84210526,0.8
1.842000008,-1.124902047,30.84210526,0.8
1.850999951,-1.096429484,30.84210526,0.8
1.860000014,-1.086442382,30.84210526,0.8
1.868999958,-1.09564442,30.84210526,0.8
1.878000021,-1.122732741,30.84210526,0.8
1.886999965,-1.164510438,30.84210526,0.8
1.896000028,-1.216165401,30.84210526,0.8
1.904999971,-1.27165983,30.84210526,0.8
1.914000034,-1.32428136,30.84210526,0.8
1.922999978,-1.367353561,30.84210526,0.8
1.932000041,-1.395006102,30.84210526,0.8
1.940999985,-1.402990989,30.84210526,0.8
1.950000048,-1.389354965,30.84210526,0.8
1.958999991,-1.354836502,30.84210526,0.8
1.968000054,-1.302850989,30.84210526,0.8
1.976999998,-1.239062876,30.84210526,0.8
1.985999942,-1.170619038,30.84210526,0.8
1.995000005,-1.105198192,30.84210526,0.8
2.003999949,-1.050083336,30.84210526,0.8
2.013000011,-1.011371463,30.84210526,0.8
2.022000074,-0.993420983,30.84210526,0.8
2.030999899,-0.998527456,30.84210526,0.8
2.039999962,-1.026804117,30.84210526,0.8
2.049000025,-1.076213764,30.84210526,0.8
2.058000088,-1.142716475,30.84210526,0.8
2.066999912,-1.220516865,30.84210526,0.8
2.075999975,-1.302460026,30.84210526,0.8
2.085000038,-1.380573965,30.84210526,0.8
2.094000101,-1.446868777,30.84210526,0.8
2.102999926,-1.494330593,30.84210526,0.8
2.111999989,-1.51805133,30.84210526,0.8
2.121000051,-1.51625696,30.84210526,0.8
2.130000114,-1.490953844,30.84210526,0.8
2.138999939,-1.447969135,30.84210526,0.8
2.148000002,-1.396335936,30.84210526,0.8
2.157000065,-1.347178537,30.84210526,0.8
2.165999889,-1.312419457,30.84210526,0.8
2.174999952,-1.303649101,30.84210526,0.8
2.184000015,-1.331360832,30.84210526,0.8
2.193000078,-1.404637838,30.84210526,0.8
2.201999903,-1.53126978,30.84210526,0.8
2.210999966,-1.718169171,30.84210526,0.8
2.220000029,-1.972017871,30.84210526,0.8
2.229000092,-2.300038566,30.84210526,0.8
2.237999916,-2.710908232,30.84210526,0.8
2.246999979,-3.215795034,30.84210526,0.8
2.256000042,-3.829645883,30.84210526,0.8
2.265000105,-4.572865277,30.84210526,0.8
2.273999929,-5.473574379,30.84210526,0.8
2.282999992,-6.570651307,30.84210526,0.8
2.292000055,-7.917044369,30.84210526,0.8
2.301000118,-9.579161894,30.84210526,0.8
2.309999943,-11.60855325,30.84210526,0.8
2.319000006,-13.86922482,30.84210526,0.8
2.328000069,-15.42550769,30.84210526,0.8
2.336999893,-14.70526183,30.84210526,0.8
2.345999956,-12.41823042,30.84210526,0.8
2.355000019,-10.07228126,30.84210526,0.8
2.364000082,-8.106125635,30.84210526,0.8
2.372999907,-6.527687567,30.84210526,0.8
2.381999969,-5.273897187,30.84210526,0.8
2.391000032,-4.284300331,30.84210526,0.8
2.400000095,-3.510018544,30.84210526,0.8
2.40899992,-2.91190933,30.84210526,0.8
2.417999983,-2.457954777,30.84210526,0.8
2.427000046,-2.121336498,30.84210526,0.8
2.436000109,-1.879156257,30.84210526,0.8
2.444999933,-1.711545677,30.84210526,0.8
2.453999996,-1.60103915,30.84210526,0.8
2.463000059,-1.532149435,30.84210526,0.8
2.471999884,-1.491130714,30.84210526,0.8
2.480999947,-1.465923977,30.84210526,0.8
2.49000001,-1.446301059,30.84210526,0.8
2.499000072,-1.42412498,30.84210526,0.8
2.507999897,-1.393646939,30.84210526,0.8
2.51699996,-1.351701638,30.84210526,0.8
2.526000023,-1.297673958,30.84210526,0.8
2.535000086,-1.233201681,30.84210526,0.8
2.54399991,-1.161601373,30.84210526,0.8
2.552999973,-1.087152569,30.84210526,0.8
2.562000036,-1.014370649,30.84210526,0.8
2.571000099,-0.947375457,30.84210526,0.8
2.579999924,-0.88944351,30.84210526,0.8
2.588999987,-0.842748477,30.84210526,0.8
2.59800005,-0.808283935,30.84210526,0.8
2.607000113,-0.785901028,30.84210526,0.8
2.615999937,-0.774449964,30.84210526,0.8
2.625,-0.771969368,30.84210526,0.8
2.634000063,-0.775925904,30.84210526,0.8
2.642999887,-0.78347027,30.84210526,0.8
2.65199995,-0.791714044,30.84210526,0.8
2.661000013,-0.798009412,30.84210526,0.8
2.670000076,-0.800202974,30.84210526,0.8
2.678999901,-0.796838711,30.84210526,0.8
2.687999964,-0.7872748,30.84210526,0.8
2.697000027,-0.771709761,30.84210526,0.8
2.70600009,-0.751091215,30.84210526,0.8
2.714999914,-0.726937558,30.84210526,0.8
2.723999977,-0.701105477,30.84210526,0.8
2.73300004,-0.67554182,30.84210526,0.8
2.742000103,-0.652046384,30.84210526,0.8
2.750999928,-0.632082441,30.84210526,0.8
2.75999999,-0.616655074,30.84210526,0.8
2.769000053,-0.60624947,30.84210526,0.8
2.778000116,-0.600816792,30.84210526,0.8
2.786999941,-0.599827286,30.84210526,0.8
2.796000004,-0.602356842,30.84210526,0.8
2.805000067,-0.607199308,30.84210526,0.8
2.813999891,-0.613009828,30.84210526,0.8
2.822999954,-0.618452236,30.84210526,0.8
2.832000017,-0.622334539,30.84210526,0.8
2.84100008,-0.623740563,30.84210526,0.8
2.849999905,-0.622113797,30.84210526,0.8
2.858999968,-0.61730233,30.84210526,0.8
2.868000031,-0.609549121,30.84210526,0.8
2.877000093,-0.599440664,30.84210526,0.8
2.885999918,-0.587813927,30.84210526,0.8
2.894999981,-0.575639493,30.84210526,0.8
2.904000044,-0.563904043,30.84210526,0.8
2.913000107,-0.553498311,30.84210526,0.8
2.921999931,-0.545122116,30.84210526,0.8
2.930999994,-0.539232825,30.84210526,0.8
2.940000057,-0.536006201,30.84210526,0.8
2.948999882,-0.535344506,30.84210526,0.8
2.957999945,-0.536898507,30.84210526,0.8
2.967000008,-0.540126957,30.84210526,0.8
2.976000071,-0.544359527,30.84210526,0.8
2.984999895,-0.548876652,30.84210526,0.8
2.993999958,-0.552992455,30.84210526,0.8
3.003000021,-0.556124211,30.84210526,0.8
3.012000084,-0.557853537,30.84210526,0.8
3.020999908,-0.557962545,30.84210526,0.8
3.029999971,-0.556444273,30.84210526,0.8
3.039000034,-0.553489563,30.84210526,0.8
3.048000097,-0.549456305,30.84210526,0.8
3.056999922,-0.544809432,30.84210526,0.8
3.065999985,-0.540066096,30.84210526,0.8
3.075000048,-0.535735384,30.84210526,0.8
3.084000111,-0.532260778,30.84210526,0.8
3.092999935,-0.529982209,30.84210526,0.8
3.101999998,-0.529104541,30.84210526,0.8
3.111000061,-0.529692347,30.84210526,0.8
3.119999886,-0.531673174,30.84210526,0.8
3.128999949,-0.53485481,30.84210526,0.8
3.138000011,-0.538961172,30.84210526,0.8
3.147000074,-0.543664571,30.84210526,0.8
3.155999899,-0.54862912,30.84210526,0.8
3.164999962,-0.553543118,30.84210526,0.8
3.174000025,-0.558151542,30.84210526,0.8
3.183000088,-0.56228295,30.84210526,0.8
3.191999912,-0.565853286,30.84210526,0.8
3.200999975,-0.568868878,30.84210526,0.8
3.210000038,-0.571415941,30.84210526,0.8
3.219000101,-0.573645945,30.84210526,0.8
3.227999926,-0.575746915,30.84210526,0.8
3.236999989,-0.577927558,30.84210526,0.8
3.246000051,-0.580392098,30.84210526,0.8
3.255000114,-0.583325375,30.84210526,0.8
3.263999939,-0.586883575,30.84210526,0.8
3.273000002,-0.591187354,30.84210526,0.8
3.282000065,-0.596320357,30.84210526,0.8
3.290999889,-0.602339046,30.84210526,0.8
3.299999952,-0.609277038,30.84210526,0.8
3.309000015,-0.617151204,30.84210526,0.8
3.318000078,-0.625969078,30.84210526,0.8
3.326999903,-0.635731142,30.84210526,0.8
3.335999966,-0.646429817,30.84210526,0.8
3.345000029,-0.658049857,30.84210526,0.8
3.354000092,-0.670565367,30.84210526,0.8
3.362999916,-0.683929215,30.84210526,0.8
3.371999979,-0.698077592,30.84210526,0.8
3.381000042,-0.712926843,30.84210526,0.8
3.390000105,-0.728386433,30.84210526,0.8
3.398999929,-0.744365759,30.84210526,0.8
3.407999992,-0.760799955,30.84210526,0.8
3.417000055,-0.777665819,30.84210526,0.8
3.426000118,-0.795015232,30.84210526,0.8
3.434999943,-0.812987145,30.84210526,0.8
3.444000006,-0.831837927,30.84210526,0.8
3.453000069,-0.851942031,30.84210526,0.8
3.461999893,-0.873788953,30.84210526,0.8
3.470999956,-0.897975344,30.84210526,0.8
3.480000019,-0.925172719,30.84210526,0.8
3.489000082,-0.956088835,30.84210526,0.8
3.497999907,-0.991429901,30.84210526,0.8
3.506999969,-1.031847354,30.84210526,0.8
3.516000032,-1.077894877,30.84210526,0.8
3.525000095,-1.130003493,30.84210526,0.8
3.53399992,-1.188458061,30.84210526,0.8
3.542999983,-1.253405159,30.84210526,0.8
3.552000046,-1.324896826,30.84210526,0.8
3.561000109,-1.402952925,30.84210526,0.8
3.569999933,-1.487671567,30.84210526,0.8
3.578999996,-1.57936472,30.84210526,0.8
3.588000059,-1.678716526,30.84210526,0.8
3.596999884,-1.786963294,30.84210526,0.8
3.605999947,-1.906071451,30.84210526,0.8
3.61500001,-2.0389004,30.84210526,0.8
3.624000072,-2.189366898,30.84210526,0.8
3.632999897,-2.362576549,30.84210526,0.8
3.64199996,-2.564949867,30.84210526,0.8
3.651000023,-2.804358024,30.84210526,0.8
3.660000086,-3.090277002,30.84210526,0.8
3.66899991,-3.433990544,30.84210526,0.8
3.677999973,-3.848887154,30.84210526,0.8
3.687000036,-4.350885467,30.84210526,0.8
3.696000099,-4.959069372,30.84210526,0.8
3.704999924,-5.696638995,30.84210526,0.8
3.713999987,-6.592360578,30.84210526,0.8
3.72300005,-7.68263929,30.84210526,0.8
3.732000113,-9.014102717,30.84210526,0.8
3.740999937,-10.64455606,30.84210526,0.8
3.75,-12.63021694,30.84210526,0.8
3.759000063,-14.93932529,30.84210526,0.8
3.767999887,-17.07451137,30.84210526,0.8
3.77699995,-17.56992696,30.84210526,0.8
3.786000013,-15.9517423,30.84210526,0.8
3.795000076,-13.71927195,30.84210526,0.8
3.803999901,-11.70851489,30.84210526,0.8
3.812999964,-10.04567594,30.84210526,0.8
3.822000027,-8.685710407,30.84210526,0.8
3.83100009,-7.5673429,30.84210526,0.8
3.839999914,-6.64024803,30.84210526,0.8
3.848999977,-5.866345235,30.84210526,0.8
3.85800004,-5.217082748,30.84210526,0.8
3.867000103,-4.670799682,30.84210526,0.8
3.875999928,-4.210763165,30.84210526,0.8
3.88499999,-3.823754777,30.84210526,0.8
3.894000053,-3.49906065,30.84210526,0.8
3.903000116,-3.227753618,30.84210526,0.8
3.911999941,-3.002157991,30.84210526,0.8
3.921000004,-2.8154764,30.84210526,0.8
3.930000067,-2.661540455,30.84210526,0.8
3.938999891,-2.534661706,30.84210526,0.8
3.947999954,-2.429578218,30.84210526,0.8
3.957000017,-2.341477787,30.84210526,0.8
3.96600008,-2.266084178,30.84210526,0.8
3.974999905,-2.199768883,30.84210526,0.8
3.983999968,-2.13965429,30.84210526,0.8
3.993000031,-2.08369296,30.84210526,0.8
4.001999855,-2.030676759,30.84210526,0.8
4.011000156,-1.980196581,30.84210526,0.8
4.019999981,-1.932514822,30.84210526,0.8
4.028999805,-1.888402457,30.84210526,0.8
4.038000107,-1.84893966,30.84210526,0.8
4.046999931,-1.815319097,30.84210526,0.8
4.056000233,-1.788651815,30.84210526,0.8
4.065000057,-1.769817395,30.84210526,0.8
4.073999882,-1.759342769,30.84210526,0.8
4.083000183,-1.757335074,30.84210526,0.8
4.092000008,-1.763453303,30.84210526,0.8
4.100999832,-1.776951138,30.84210526,0.8
4.110000134,-1.796747403,30.84210526,0.8
4.118999958,-1.821550878,30.84210526,0.8
4.127999783,-1.85001401,30.84210526,0.8
4.137000084,-1.880891639,30.84210526,0.8
4.145999908,-1.91320166,30.84210526,0.8
4.15500021,-1.946351222,30.84210526,0.8
4.164000034,-1.980213244,30.84210526,0.8
4.172999859,-2.015142447,30.84210526,0.8
4.18200016,-2.051953131,30.84210526,0.8
4.190999985,-2.091816789,30.84210526,0.8
4.199999809,-2.13614012,30.84210526,0.8
4.209000111,-2.186425413,30.84210526,0.8
4.217999935,-2.244129065,30.84210526,0.8
4.227000237,-2.310560968,30.84210526,0.8
4.236000061,-2.386788807,30.84210526,0.8
4.244999886,-2.47364012,30.84210526,0.8
4.254000187,-2.571730118,30.84210526,0.8
4.263000011,-2.68156704,30.84210526,0.8
4.271999836,-2.803705554,30.84210526,0.8
4.281000137,-2.938952505,30.84210526,0.8
4.289999962,-3.088583648,30.84210526,0.8
4.298999786,-3.254555892,30.84210526,0.8
4.308000088,-3.439698744,30.84210526,0.8
4.316999912,-3.647847975,30.84210526,0.8
4.326000214,-3.883908811,30.84210526,0.8
4.335000038,-4.153854819,30.84210526,0.8
4.343999863,-4.46465307,30.84210526,0.8
4.353000164,-4.824167683,30.84210526,0.8
4.361999989,-5.241005669,30.84210526,0.8
4.370999813,-5.724404877,30.84210526,0.8
4.380000114,-6.284109857,30.84210526,0.8
4.388999939,-6.930295091,30.84210526,0.8
4.397999763,-7.673407702,30.84210526,0.8
4.407000065,-8.523815541,30.84210526,0.8
4.415999889,-9.490750803,30.84210526,0.8
4.425000191,-10.57953,30.84210526,0.8
4.434000015,-11.78459412,30.84210526,0.8
4.44299984,-13.07362941,30.84210526,0.8
4.452000141,-14.35609514,30.84210526,0.8
4.460999966,-15.44179933,30.84210526,0.8
4.46999979,-16.05324804,30.84210526,0.8
4.479000092,-15.99801712,30.84210526,0.8
4.487999916,-15.36472881,30.84210526,0.8
4.497000217,-14.42794884,30.84210526,0.8
4.506000042,-13.42579224,30.84210526,0.8
4.514999866,-12.48931251,30.84210526,0.8
4.524000168,-11.67475778,30.84210526,0.8
4.532999992,-11.00206184,30.84210526,0.8
4.541999817,-10.47673367,30.84210526,0.8
4.551000118,-10.09994963,30.84210526,0.8
4.559999943,-9.872798733,30.84210526,0.8
4.568999767,-9.798007968,30.84210526,0.8
4.578000069,-9.880706791,30.84210526,0.8
4.586999893,-10.12903882,30.84210526,0.8
4.596000195,-10.55509737,30.84210526,0.8
4.605000019,-11.17670859,30.84210526,0.8
4.613999844,-12.02076589,30.84210526,0.8
4.623000145,-13.12951131,30.84210526,0.8
4.631999969,-14.57300433,30.84210526,0.8
4.640999794,-16.47654401,30.84210526,0.8
4.650000095,-19.09127877,30.84210526,0.8
4.65899992,-23.02834738,30.84210526,0.8
4.668000221,-30.47070009,30.84210526,0.8
4.677000046,-34.81379873,30.84210526,0.8
4.68599987,-24.72728373,30.84210526,0.8
4.695000172,-20.01398409,30.84210526,0.8
4.703999996,-16.99251822,30.84210526,0.8
4.712999821,-14.78899785,30.84210526,0.8
4.722000122,-13.07119881,30.84210526,0.8
4.730999947,-11.67761508,30.84210526,0.8
4.739999771,-10.5176712,30.84210526,0.8
4.749000072,-9.535562492,30.84210526,0.8
4.757999897,-8.694513763,30.84210526,0.8
4.767000198,-7.968977038,30.84210526,0.8
4.776000023,-7.340378701,30.84210526,0.8
4.784999847,-6.794612517,30.84210526,0.8
4.794000149,-6.320512759,30.84210526,0.8
4.802999973,-5.908831884,30.84210526,0.8
4.811999798,-5.551621649,30.84210526,0.8
4.821000099,-5.241813853,30.84210526,0.8
4.829999924,-4.972980329,30.84210526,0.8
4.839000225,-4.739223624,30.84210526,0.8
4.84800005,-4.535133725,30.84210526,0.8
4.856999874,-4.355814646,30.84210526,0.8
4.866000175,-4.196918702,30.84210526,0.8
4.875,-4.05469744,30.84210526,0.8
4.883999825,-3.926020802,30.84210526,0.8
4.893000126,-3.808372476,30.84210526,0.8
4.90199995,-3.69981097,30.84210526,0.8
4.910999775,-3.598896195,30.84210526,0.8
4.920000076,-3.504601814,30.84210526,0.8
4.928999901,-3.416206417,30.84210526,0.8
4.938000202,-3.333202069,30.84210526,0.8
4.947000027,-3.255192105,30.84210526,0.8
4.955999851,-3.181835458,30.84210526,0.8
4.965000153,-3.112798154,30.84210526,0.8
4.973999977,-3.047734054,30.84210526,0.8
4.982999802,-2.986288331,30.84210526,0.8
4.992000103,-2.928107713,30.84210526,0.8
5.000999928,-2.872878958,30.84210526,0.8
5.010000229,-2.820333667,30.84210526,0.8
5.019000053,-2.770281944,30.84210526,0.8
5.027999878,-2.722610067,30.84210526,0.8
5.037000179,-2.677271358,30.84210526,0.8
5.046000004,-2.634274766,30.84210526,0.8
5.054999828,-2.593648816,30.84210526,0.8
5.06400013,-2.55540554,30.84210526,0.8
5.072999954,-2.519506459,30.84210526,0.8
5.081999779,-2.485837543,30.84210526,0.8
5.09100008,-2.454191297,30.84210526,0.8
5.099999905,-2.424261221,30.84210526,0.8
5.109000206,-2.395659403,30.84210526,0.8
5.118000031,-2.367938711,30.84210526,0.8
5.126999855,-2.340641803,30.84210526,0.8
5.136000156,-2.313338865,30.84210526,0.8
5.144999981,-2.285683519,30.84210526,0.8
5.153999805,-2.257446635,30.84210526,0.8
5.163000107,-2.228546438,30.84210526,0.8
5.171999931,-2.199071807,30.84210526,0.8
5.181000233,-2.16925878,30.84210526,0.8
5.190000057,-2.139478565,30.84210526,0.8
5.198999882,-2.110179318,30.84210526,0.8
5.208000183,-2.081852091,30.84210526,0.8
5.217000008,-2.054948875,30.84210526,0.8
5.225999832,-2.029843579,30.84210526,0.8
5.235000134,-2.006773902,30.84210526,0.8
5.243999958,-1.985814145,30.84210526,0.8
5.252999783,-1.96685932,30.84210526,0.8
5.262000084,-1.949630584,30.84210526,0.8
5.270999908,-1.93370609,30.84210526,0.8
5.28000021,-1.918559082,30.84210526,0.8
5.289000034,-1.903618523,30.84210526,0.8
5.297999859,-1.888334168,30.84210526,0.8
5.30700016,-1.872234178,30.84210526,0.8
5.315999985,-1.854988856,30.84210526,0.8
5.324999809,-1.836442071,30.84210526,0.8
5.334000111,-1.816639126,30.84210526,0.8
5.342999935,-1.795816329,30.84210526,0.8
5.352000237,-1.774382314,30.84210526,0.8
5.361000061,-1.752863298,30.84210526,0.8
5.369999886,-1.731845041,30.84210526,0.8
5.379000187,-1.711906142,30.84210526,0.8
5.388000011,-1.693544368,30.84210526,0.8
5.396999836,-1.677128997,30.84210526,0.8
5.406000137,-1.662846413,30.84210526,0.8
5.414999962,-1.650685048,30.84210526,0.8
5.423999786,-1.640436001,30.84210526,0.8
5.433000088,-1.631709595,30.84210526,0.8
5.441999912,-1.623977234,30.84210526,0.8
5.451000214,-1.616634389,30.84210526,0.8
5.460000038,-1.609063476,30.84210526,0.8
5.468999863,-1.600707239,30.84210526,0.8
5.478000164,-1.591132547,30.84210526,0.8
5.486999989,-1.580085224,30.84210526,0.8
5.495999813,-1.567521522,30.84210526,0.8
5.505000114,-1.553617869,30.84210526,0.8
5.513999939,-1.538750857,30.84210526,0.8
5.522999763,-1.523456686,30.84210526,0.8
5.532000065,-1.508370964,30.84210526,0.8
5.540999889,-1.494151832,30.84210526,0.8
5.550000191,-1.481408329,30.84210526,0.8
5.559000015,-1.470629535,30.84210526,0.8
5.56799984,-1.462125907,30.84210526,0.8
5.577000141,-1.45599859,30.84210526,0.8
5.585999966,-1.452122354,30.84210526,0.8
5.59499979,-1.450159535,30.84210526,0.8
5.604000092,-1.449590018,30.84210526,0.8
5.612999916,-1.449774296,30.84210526,0.8
5.622000217,-1.450017009,30.84210526,0.8
5.631000042,-1.449650579,30.84210526,0.8
5.639999866,-1.448118214,30.84210526,0.8
5.649000168,-1.445045476,30.84210526,0.8
5.657999992,-1.440286844,30.84210526,0.8
5.666999817,-1.433961891,30.84210526,0.8
5.676000118,-1.426451568,30.84210526,0.8
5.684999943,-1.41835782,30.84210526,0.8
5.693999767,-1.410449417,30.84210526,0.8
5.703000069,-1.403574227,30.84210526,0.8
5.711999893,-1.398575868,30.84210526,0.8
5.721000195,-1.396194857,30.84210526,0.8
5.730000019,-1.396998052,30.84210526,0.8
5.738999844,-1.40131019,30.84210526,0.8
5.748000145,-1.409184472,30.84210526,0.8
5.756999969,-1.420393886,30.84210526,0.8
5.765999794,-1.434451401,30.84210526,0.8
5.775000095,-1.450671327,30.84210526,0.8
5.78399992,-1.468241682,30.84210526,0.8
5.793000221,-1.48634357,30.84210526,0.8
5.802000046,-1.50425552,30.84210526,0.8
5.81099987,-1.521495067,30.84210526,0.8
5.820000172,-1.537915022,30.84210526,0.8
5.828999996,-1.553798792,30.84210526,0.8
5.837999821,-1.569904283,30.84210526,0.8
5.847000122,-1.587462179,30.84210526,0.8
5.855999947,-1.608127304,30.84210526,0.8
5.864999771,-1.633891104,30.84210526,0.8
5.874000072,-1.666959921,30.84210526,0.8
5.882999897,-1.709614442,30.84210526,0.8
5.892000198,-1.764066197,30.84210526,0.8
5.901000023,-1.832307943,30.84210526,0.8
5.909999847,-1.915971557,30.84210526,0.8
5.919000149,-2.016172633,30.84210526,0.8
5.927999973,-2.133348732,30.84210526,0.8
5.936999798,-2.267081362,30.84210526,0.8
5.946000099,-2.415893137,30.84210526,0.8
5.954999924,-2.577039486,30.84210526,0.8
5.964000225,-2.746310364,30.84210526,0.8
5.97300005,-2.917916238,30.84210526,0.8
5.981999874,-3.084511673,30.84210526,0.8
5.991000175,-3.237488596,30.84210526,0.8
6,-3.367602428,30.84210526,0.8
6.008999825,-3.465962231,30.84210526,0.8
6.018000126,-3.525261976,30.84210526,0.8
6.02699995,-3.540996539,30.84210526,0.8
6.035999775,-3.51229792,30.84210526,0.8
6.045000076,-3.442110128,30.84210526,0.8
6.053999901,-3.336642297,30.84210526,0.8
6.063000202,-3.204283155,30.84210526,0.8
6.072000027,-3.0543152,30.84210526,0.8
6.080999851,-2.895770427,30.84210526,0.8
6.090000153,-2.736609682,30.84210526,0.8
6.098999977,-2.583280178,30.84210526,0.8
6.107999802,-2.440574237,30.84210526,0.8
6.117000103,-2.311706392,30.84210526,0.8
6.125999928,-2.198502144,30.84210526,0.8
6.135000229,-2.101628735,30.84210526,0.8
6.144000053,-2.020825559,30.84210526,0.8
6.152999878,-1.955127654,30.84210526,0.8
6.162000179,-1.903049966,30.84210526,0.8
6.171000004,-1.862765876,30.84210526,0.8
6.179999828,-1.832258128,30.84210526,0.8
6.18900013,-1.809473151,30.84210526,0.8
6.197999954,-1.792444886,30.84210526,0.8
6.206999779,-1.779421723,30.84210526,0.8
6.21600008,-1.768956346,30.84210526,0.8
6.224999905,-1.759980183,30.84210526,0.8
6.234000206,-1.751826082,30.84210526,0.8
6.243000031,-1.744234647,30.84210526,0.8
6.251999855,-1.737295659,30.84210526,0.8
6.261000156,-1.73138926,30.84210526,0.8
6.269999981,-1.72709131,30.84210526,0.8
6.278999805,-1.725069337,30.84210526,0.8
6.288000107,-1.725997193,30.84210526,0.8
6.296999931,-1.730463557,30.84210526,0.8
6.306000233,-1.738916746,30.84210526,0.8
6.315000057,-1.751621872,30.84210526,0.8
6.323999882,-1.768642725,30.84210526,0.8
6.333000183,-1.789848715,30.84210526,0.8
6.342000008,-1.814946386,30.84210526,0.8
6.350999832,-1.843516319,30.84210526,0.8
6.360000134,-1.875076468,30.84210526,0.8
6.368999958,-1.909145108,30.84210526,0.8
6.377999783,-1.945307189,30.84210526,0.8
6.387000084,-1.983267125,30.84210526,0.8
6.395999908,-2.022906812,30.84210526,0.8
6.40500021,-2.064303777,30.84210526,0.8
6.414000034,-2.107749714,30.84210526,0.8
6.422999859,-2.153737493,30.84210526,0.8
6.43200016,-2.202931792,30.84210526,0.8
6.440999985,-2.25613129,30.84210526,0.8
6.449999809,-2.314220663,30.84210526,0.8
6.459000111,-2.378121914,30.84210526,0.8
6.467999935,-2.448742181,30.84210526,0.8
6.477000237,-2.526948077,30.84210526,0.8
6.486000061,-2.613532781,30.84210526,0.8
6.494999886,-2.709207696,30.84210526,0.8
6.504000187,-2.814616074,30.84210526,0.8
6.513000011,-2.9303484,30.84210526,0.8
6.521999836,-3.056989261,30.84210526,0.8
6.531000137,-3.195166199,30.84210526,0.8
6.539999962,-3.345617415,30.84210526,0.8
6.548999786,-3.509263966,30.84210526,0.8
6.558000088,-3.687279111,30.84210526,0.8
6.566999912,-3.881170044,30.84210526,0.8
6.576000214,-4.092838801,30.84210526,0.8
6.585000038,-4.324644606,30.84210526,0.8
6.593999863,-4.579451605,30.84210526,0.8
6.603000164,-4.860671565,30.84210526,0.8
6.611999989,-5.172299658,30.84210526,0.8
6.620999813,-5.518940431,30.84210526,0.8
6.630000114,-5.905839653,30.84210526,0.8
6.638999939,-6.338925738,30.84210526,0.8
6.647999763,-6.824831728,30.84210526,0.8
6.657000065,-7.370936458,30.84210526,0.8
6.665999889,-7.985348343,30.84210526,0.8
6.675000191,-8.67680448,30.84210526,0.8
6.684000015,-9.454299389,30.84210526,0.8
6.69299984,-10.32612368,30.84210526,0.8
6.702000141,-11.29750261,30.84210526,0.8
6.710999966,-12.36520627,30.84210526,0.8
6.71999979,-13.50588209,30.84210526,0.8
6.729000092,-14.65355795,30.84210526,0.8
6.737999916,-15.66762886,30.84210526,0.8
6.747000217,-16.32515661,30.84210526,0.8
6.756000042,-16.41678333,30.84210526,0.8
6.764999866,-15.92290758,30.84210526,0.8
6.774000168,-15.03291693,30.84210526,0.8
6.782999992,-13.97602464,30.84210526,0.8
6.791999817,-12.90533421,30.84210526,0.8
6.801000118,-11.89518179,30.84210526,0.8
6.809999943,-10.97299677,30.84210526,0.8
6.818999767,-10.14375108,30.84210526,0.8
6.828000069,-9.40300744,30.84210526,0.8
6.836999893,-8.743001729,30.84210526,0.8
6.846000195,-8.15530212,30.84210526,0.8
6.855000019,-7.63187701,30.84210526,0.8
6.863999844,-7.165472622,30.84210526,0.8
6.873000145,-6.749680742,30.84210526,0.8
6.881999969,-6.378892721,30.84210526,0.8
6.890999794,-6.048196237,30.84210526,0.8
6.900000095,-5.753284995,30.84210526,0.8
6.90899992,-5.49035363,30.84210526,0.8
6.918000221,-5.256024179,30.84210526,0.8
6.927000046,-5.047277151,30.84210526,0.8
6.93599987,-4.861392634,30.84210526,0.8
6.945000172,-4.695918796,30.84210526,0.8
6.953999996,-4.548640631,30.84210526,0.8
6.962999821,-4.417562657,30.84210526,0.8
6.972000122,-4.300895146,30.84210526,0.8
6.980999947,-4.197058341,30.84210526,0.8
6.989999771,-4.10466923,30.84210526,0.8
6.999000072,-4.022549493,30.84210526,0.8
7.007999897,-3.949719347,30.84210526,0.8
7.017000198,-3.885390305,30.84210526,0.8
7.026000023,-3.828948008,30.84210526,0.8
7.034999847,-3.779941633,30.84210526,0.8
7.044000149,-3.738051159,30.84210526,0.8
7.052999973,-3.703060646,30.84210526,0.8
7.061999798,-3.674833451,30.84210526,0.8
7.071000099,-3.653266086,30.84210526,0.8
7.079999924,-3.63826857,30.84210526,0.8
7.089000225,-3.629733284,30.84210526,0.8
7.09800005,-3.627516327,30.84210526,0.8
7.106999874,-3.631422122,30.84210526,0.8
7.116000175,-3.641201786,30.84210526,0.8
7.125,-3.656564768,30.84210526,0.8
7.133999825,-3.677180804,30.84210526,0.8
7.143000126,-3.702717789,30.84210526,0.8
7.15199995,-3.732862691,30.84210526,0.8
7.160999775,-3.767351477,30.84210526,0.8
7.170000076,-3.806004034,30.84210526,0.8
7.178999901,-3.848739487,30.84210526,0.8
7.188000202,-3.895610315,30.84210526,0.8
7.197000027,-3.946787808,30.84210526,0.8
7.205999851,-4.002572143,30.84210526,0.8
7.215000153,-4.063371523,30.84210526,0.8
7.223999977,-4.129673749,30.84210526,0.8
7.232999802,-4.202017893,30.84210526,0.8
7.242000103,-4.280950301,30.84210526,0.8
7.250999928,-4.366990153,30.84210526,0.8
7.260000229,-4.460600965,30.84210526,0.8
7.269000053,-4.56216063,30.84210526,0.8
7.277999878,-4.671955887,30.84210526,0.8
7.287000179,-4.790181965,30.84210526,0.8
7.296000004,-4.916959473,30.84210526,0.8
7.304999828,-5.052378516,30.84210526,0.8
7.31400013,-5.196530158,30.84210526,0.8
7.322999954,-5.349577294,30.84210526,0.8
7.331999779,-5.511806415,30.84210526,0.8
7.34100008,-5.683685487,30.84210526,0.8
7.349999905,-5.86590484,30.84210526,0.8
7.359000206,-6.059405962,30.84210526,0.8
7.368000031,-6.265386335,30.84210526,0.8
7.376999855,-6.485269985,30.84210526,0.8
7.386000156,-6.720661608,30.84210526,0.8
7.394999981,-6.97326288,30.84210526,0.8
7.403999805,-7.244768448,30.84210526,0.8
7.413000107,-7.536727957,30.84210526,0.8
7.421999931,-7.85041189,30.84210526,0.8
7.431000233,-8.186629199,30.84210526,0.8
7.440000057,-8.545545622,30.84210526,0.8
7.448999882,-8.926484371,30.84210526,0.8
7.458000183,-9.327701358,30.84210526,0.8
7.467000008,-9.746143483,30.84210526,0.8
7.475999832,-10.17721635,30.84210526,0.8
7.485000134,-10.614551,30.84210526,0.8
7.493999958,-11.04986161,30.84210526,0.8
7.502999783,-11.47295127,30.84210526,0.8
7.512000084,-11.87197904,30.84210526,0.8
7.520999908,-12.23411798,30.84210526,0.8
7.53000021,-12.54667253,30.84210526,0.8
7.539000034,-12.79854871,30.84210526,0.8
7.547999859,-12.98185899,30.84210526,0.8
7.55700016,-13.09318224,30.84210526,0.8
7.565999985,-13.13411166,30.84210526,0.8
7.574999809,-13.11084391,30.84210526,0.8
7.584000111,-13.03300976,30.84210526,0.8
7.592999935,-12.91209043,30.84210526,0.8
7.602000237,-12.75991126,30.84210526,0.8
7.611000061,-12.58747437,30.84210526,0.8
7.619999886,-12.40424924,30.84210526,0.8
7.629000187,-12.2178661,30.84210526,0.8
7.638000011,-12.03410189,30.84210526,0.8
7.646999836,-11.85703449,30.84210526,0.8
7.656000137,-11.68927801,30.84210526,0.8
7.664999962,-11.53225635,30.84210526,0.8
7.673999786,-11.38645037,30.84210526,0.8
7.683000088,-11.25164251,30.84210526,0.8
7.691999912,-11.12712128,30.84210526,0.8
7.701000214,-11.01186339,30.84210526,0.8
7.710000038,-10.90469354,30.84210526,0.8
7.718999863,-10.80440741,30.84210526,0.8
7.728000164,-10.70987302,30.84210526,0.8
7.736999989,-10.62011638,30.84210526,0.8
7.745999813,-10.53436869,30.84210526,0.8
7.755000114,-10.45210086,30.84210526,0.8
7.763999939,-10.37303626,30.84210526,0.8
7.772999763,-10.29714029,30.84210526,0.8
7.782000065,-10.22460597,30.84210526,0.8
7.790999889,-10.15581134,30.84210526,0.8
7.800000191,-10.09128818,30.84210526,0.8
7.809000015,-10.03167356,30.84210526,0.8
7.81799984,-9.977669727,30.84210526,0.8
7.827000141,-9.929999635,30.84210526,0.8
7.835999966,-9.889376925,30.84210526,0.8
7.84499979,-9.856469424,30.84210526,0.8
7.854000092,-9.831885659,30.84210526,0.8
7.862999916,-9.816151058,30.84210526,0.8
7.872000217,-9.809698619,30.84210526,0.8
7.881000042,-9.812869168,30.84210526,0.8
7.889999866,-9.82590076,30.84210526,0.8
7.899000168,-9.848938228,30.84210526,0.8
7.907999992,-9.882027965,30.84210526,0.8
7.916999817,-9.92513247,30.84210526,0.8
7.926000118,-9.978130607,30.84210526,0.8
7.934999943,-10.04082956,30.84210526,0.8
7.943999767,-10.11297981,30.84210526,0.8
7.953000069,-10.19427978,30.84210526,0.8
7.961999893,-10.28440724,30.84210526,0.8
7.971000195,-10.38302384,30.84210526,0.8
7.980000019,-10.48980999,30.84210526,0.8
7.988999844,-10.60448137,30.84210526,0.8
7.998000145,-10.72681489,30.84210526,0.8
8.006999969,-10.85667426,30.84210526,0.8
8.015999794,-10.9940282,30.84210526,0.8
8.024999619,-11.13897706,30.84210526,0.8
8.034000397,-11.29175295,30.84210526,0.8
8.043000221,-11.45273769,30.84210526,0.8
8.052000046,-11.62245813,30.84210526,0.8
8.06099987,-11.80157706,30.84210526,0.8
8.069999695,-11.99087664,30.84210526,0.8
8.079000473,-12.19122429,30.84210526,0.8
8.088000298,-12.40354175,30.84210526,0.8
8.097000122,-12.62872816,30.84210526,0.8
8.105999947,-12.86760099,30.84210526,0.8
8.114999771,-13.12077473,30.84210526,0.8
8.123999596,-13.38852524,30.84210526,0.8
8.133000374,-13.67058717,30.84210526,0.8
8.142000198,-13.96590246,30.84210526,0.8
8.151000023,-14.27226423,30.84210526,0.8
8.159999847,-14.5858841,30.84210526,0.8
8.168999672,-14.90085031,30.84210526,0.8
8.17800045,-15.20851942,30.84210526,0.8
8.187000275,-15.49699136,30.84210526,0.8
8.196000099,-15.75084843,30.84210526,0.8
8.204999924,-15.95154823,30.84210526,0.8
8.213999748,-16.07888393,30.84210526,0.8
8.222999573,-16.11372345,30.84210526,0.8
8.232000351,-16.04169984,30.84210526,0.8
8.241000175,-15.85668638,30.84210526,0.8
8.25,-15.56261062,30.84210526,0.8
8.258999825,-15.17269501,30.84210526,0.8
8.267999649,-14.7064748,30.84210526,0.8
8.277000427,-14.18601541,30.84210526,0.8
8.286000252,-13.63263727,30.84210526,0.8
8.295000076,-13.06488208,30.84210526,0.8
8.303999901,-12.49766174,30.84210526,0.8
8.312999725,-11.94226533,30.84210526,0.8
8.32199955,-11.40676354,30.84210526,0.8
8.331000328,-10.89658361,30.84210526,0.8
8.340000153,-10.41504619,30.84210526,0.8
8.348999977,-9.963829434,30.84210526,0.8
8.357999802,-9.54336068,30.84210526,0.8
8.366999626,-9.153115174,30.84210526,0.8
8.376000404,-8.791844499,30.84210526,0.8
8.385000229,-8.457798072,30.84210526,0.8
8.394000053,-8.148870406,30.84210526,0.8
8.402999878,-7.862764096,30.84210526,0.8
8.411999702,-7.597116215,30.84210526,0.8
8.420999527,-7.34961205,30.84210526,0.8
8.430000305,-7.118080949,30.84210526,0.8
8.43900013,-6.900577029,30.84210526,0.8
8.447999954,-6.695436641,30.84210526,0.8
8.456999779,-6.501299372,30.84210526,0.8
8.465999603,-6.317123727,30.84210526,0.8
8.475000381,-6.142158518,30.84210526,0.8
8.484000206,-5.975914595,30.84210526,0.8
8.493000031,-5.818107676,30.84210526,0.8
8.501999855,-5.66859352,30.84210526,0.8
8.51099968,-5.527304377,30.84210526,0.8
8.520000458,-5.394192203,30.84210526,0.8
8.529000282,-5.269174015,30.84210526,0.8
8.538000107,-5.152093552,30.84210526,0.8
8.546999931,-5.042695895,30.84210526,0.8
8.555999756,-4.940617289,30.84210526,0.8
8.56499958,-4.845402542,30.84210526,0.8
8.574000359,-4.756507779,30.84210526,0.8
8.583000183,-4.673336013,30.84210526,0.8
8.592000008,-4.595275909,30.84210526,0.8
8.600999832,-4.521729764,30.84210526,0.8
8.609999657,-4.452156093,30.84210526,0.8
8.619000435,-4.386093992,30.84210526,0.8
8.628000259,-4.323199046,30.84210526,0.8
8.637000084,-4.263233933,30.84210526,0.8
8.645999908,-4.20609154,30.84210526,0.8
8.654999733,-4.151776585,30.84210526,0.8
8.663999557,-4.10038074,30.84210526,0.8
8.673000336,-4.052070251,30.84210526,0.8
8.68200016,-4.007046123,30.84210526,0.8
8.690999985,-3.965517645,30.84210526,0.8
8.699999809,-3.927664846,30.84210526,0.8
8.708999634,-3.893633256,30.84210526,0.8
8.718000412,-3.863496401,30.84210526,0.8
8.727000237,-3.837260432,30.84210526,0.8
8.736000061,-3.814863391,30.84210526,0.8
8.744999886,-3.796176526,30.84210526,0.8
8.75399971,-3.781031064,30.84210526,0.8
8.762999535,-3.769227717,30.84210526,0.8
8.772000313,-3.760571119,30.84210526,0.8
8.781000137,-3.754885636,30.84210526,0.8
8.789999962,-3.752049632,30.84210526,0.8
8.798999786,-3.752004195,30.84210526,0.8
8.807999611,-3.75477169,30.84210526,0.8
8.817000389,-3.760463262,30.84210526,0.8
8.826000214,-3.769277154,30.84210526,0.8
8.835000038,-3.781491317,30.84210526,0.8
8.843999863,-3.797450354,30.84210526,0.8
8.852999687,-3.817544612,30.84210526,0.8
8.862000465,-3.842195574,30.84210526,0.8
8.87100029,-3.871832697,30.84210526,0.8
8.880000114,-3.90687622,30.84210526,0.8
8.888999939,-3.947723498,30.84210526,0.8
8.897999763,-3.994742835,30.84210526,0.8
8.906999588,-4.04826886,30.84210526,0.8
8.916000366,-4.108608156,30.84210526,0.8
8.925000191,-4.176047087,30.84210526,0.8
8.934000015,-4.250873033,30.84210526,0.8
8.94299984,-4.33338598,30.84210526,0.8
8.951999664,-4.42392114,30.84210526,0.8
8.961000443,-4.52286758,30.84210526,0.8
8.970000267,-4.630689915,30.84210526,0.8
8.979000092,-4.747934701,30.84210526,0.8
8.987999916,-4.87523765,30.84210526,0.8
8.996999741,-5.013316609,30.84210526,0.8
9.005999565,-5.162958609,30.84210526,0.8
9.015000343,-5.324982941,30.84210526,0.8
9.024000168,-5.500202804,30.84210526,0.8
9.032999992,-5.689355568,30.84210526,0.8
9.041999817,-5.893020323,30.84210526,0.8
9.050999641,-6.111515237,30.84210526,0.8
9.06000042,-6.344761497,30.84210526,0.8
9.069000244,-6.592123032,30.84210526,0.8
9.078000069,-6.852218279,30.84210526,0.8
9.086999893,-7.122700879,30.84210526,0.8
9.095999718,-7.400032385,30.84210526,0.8
9.104999542,-7.679264293,30.84210526,0.8
9.11400032,-7.953877936,30.84210526,0.8
9.123000145,-8.215762409,30.84210526,0.8
9.131999969,-8.455408287,30.84210526,0.8
9.140999794,-8.662421143,30.84210526,0.8
9.149999619,-8.826399915,30.84210526,0.8
9.159000397,-8.938108963,30.84210526,0.8
9.168000221,-8.990768811,30.84210526,0.8
9.177000046,-8.981111307,30.84210526,0.8
9.18599987,-8.909909612,30.84210526,0.8
9.194999695,-8.781770647,30.84210526,0.8
9.204000473,-8.604312206,30.84210526,0.8
9.213000298,-8.386945436,30.84210526,0.8
9.222000122,-8.139652721,30.84210526,0.8
9.230999947,-7.871990195,30.84210526,0.8
9.239999771,-7.592440152,30.84210526,0.8
9.248999596,-7.30810518,30.84210526,0.8
9.258000374,-7.024649135,30.84210526,0.8
9.267000198,-6.746411555,30.84210526,0.8
9.276000023,-6.476586103,30.84210526,0.8
9.284999847,-6.21744084,30.84210526,0.8
9.293999672,-5.970502142,30.84210526,0.8
9.30300045,-5.736733666,30.84210526,0.8
9.312000275,-5.516668636,30.84210526,0.8
9.321000099,-5.310513302,30.84210526,0.8
9.329999924,-5.118223124,30.84210526,0.8
9.338999748,-4.939569082,30.84210526,0.8
9.347999573,-4.774166295,30.84210526,0.8
9.357000351,-4.621514021,30.84210526,0.8
9.366000175,-4.481010598,30.84210526,0.8
9.375,-4.35198378,30.84210526,0.8
9.383999825,-4.233704975,30.84210526,0.8
9.392999649,-4.125405724,30.84210526,0.8
9.402000427,-4.026303771,30.84210526,0.8
9.411000252,-3.935620944,30.84210526,0.8
9.420000076,-3.852605476,30.84210526,0.8
9.428999901,-3.77655358,30.84210526,0.8
9.437999725,-3.706827685,30.84210526,0.8
9.44699955,-3.642871874,30.84210526,0.8
9.456000328,-3.584222134,30.84210526,0.8
9.465000153,-3.530510313,30.84210526,0.8
9.473999977,-3.481466723,30.84210526,0.8
9.482999802,-3.436908931,30.84210526,0.8
9.491999626,-3.39672732,30.84210526,0.8
9.501000404,-3.360871916,30.84210526,0.8
9.510000229,-3.329324622,30.84210526,0.8
9.519000053,-3.3020881,30.84210526,0.8
9.527999878,-3.27915289,30.84210526,0.8
9.536999702,-3.260490976,30.84210526,0.8
9.545999527,-3.246038141,30.84210526,0.8
9.555000305,-3.235684902,30.84210526,0.8
9.56400013,-3.229277702,30.84210526,0.8
9.572999954,-3.22662319,30.84210526,0.8
9.581999779,-3.227501722,30.84210526,0.8
9.590999603,-3.231677259,30.84210526,0.8
9.600000381,-3.238922543,30.84210526,0.8
9.609000206,-3.24904048,30.84210526,0.8
9.618000031,-3.26187739,30.84210526,0.8
9.626999855,-3.277344449,30.84210526,0.8
9.63599968,-3.295429546,30.84210526,0.8
9.645000458,-3.316206622,30.84210526,0.8
9.654000282,-3.339828399,30.84210526,0.8
9.663000107,-3.366525459,30.84210526,0.8
9.671999931,-3.396583693,30.84210526,0.8
9.680999756,-3.430341128,30.84210526,0.8
9.68999958,-3.468148212,30.84210526,0.8
9.699000359,-3.510359545,30.84210526,0.8
9.708000183,-3.557305042,30.84210526,0.8
9.717000008,-3.609283149,30.84210526,0.8
9.725999832,-3.666536548,30.84210526,0.8
9.734999657,-3.729257299,30.84210526,0.8
9.744000435,-3.797589664,30.84210526,0.8
9.753000259,-3.871636569,30.84210526,0.8
9.762000084,-3.951480419,30.84210526,0.8
9.770999908,-4.037208614,30.84210526,0.8
9.779999733,-4.128934901,30.84210526,0.8
9.788999557,-4.226840804,30.84210526,0.8
9.798000336,-4.331189207,30.84210526,0.8
9.80700016,-4.442365755,30.84210526,0.8
9.815999985,-4.560882372,30.84210526,0.8
9.824999809,-4.687399225,30.84210526,0.8
9.833999634,-4.822721867,30.84210526,0.8
9.843000412,-4.967794105,30.84210526,0.8
9.852000237,-5.123683401,30.84210526,0.8
9.861000061,-5.291555893,30.84210526,0.8
9.869999886,-5.472644258,30.84210526,0.8
9.87899971,-5.668222061,30.84210526,0.8
9.887999535,-5.879558328,30.84210526,0.8
9.897000313,-6.107885498,30.84210526,0.8
9.906000137,-6.354364499,30.84210526,0.8
9.914999962,-6.620041008,30.84210526,0.8
9.923999786,-6.905809145,30.84210526,0.8
9.932999611,-7.212367284,30.84210526,0.8
9.942000389,-7.540180352,30.84210526,0.8
9.951000214,-7.889406019,30.84210526,0.8
9.960000038,-8.259839548,30.84210526,0.8
9.968999863,-8.650816876,30.84210526,0.8
9.977999687,-9.061114821,30.84210526,0.8
9.987000465,-9.488805065,30.84210526,0.8
9.99600029,-9.931122114,30.84210526,0.8
10.00500011,-10.38429218,30.84210526,0.8
10.01399994,-10.84340486,30.84210526,0.8
10.02299976,-11.30236067,30.84210526,0.8
10.03199959,-11.75392494,30.84210526,0.8
10.04100037,-12.19001847,30.84210526,0.8
10.05000019,-12.60226609,30.84210526,0.8
10.05900002,-12.98284706,30.84210526,0.8
10.06799984,-13.32558342,30.84210526,0.8
10.07699966,-13.62701635,30.84210526,0.8
10.08600044,-13.88727479,30.84210526,0.8
10.09500027,-14.11047534,30.84210526,0.8
10.10400009,-14.30451892,30.84210526,0.8
10.11299992,-14.48037812,30.84210526,0.8
10.12199974,-14.65112475,30.84210526,0.8
10.13099957,-14.83101398,30.84210526,0.8
10.14000034,-15.034725,30.84210526,0.8
10.14900017,-15.27698737,30.84210526,0.8
10.15799999,-15.57254084,30.84210526,0.8
10.16699982,-15.93640442,30.84210526,0.8
10.17599964,-16.38444897,30.84210526,0.8
10.18500042,-16.9342473,30.84210526,0.8
10.19400024,-17.60629575,30.84210526,0.8
10.20300007,-18.42569733,30.84210526,0.8
10.21199989,-19.42444275,30.84210526,0.8
10.22099972,-20.64417275,30.84210526,0.8
10.22999954,-22.1377025,30.84210526,0.8
10.23900032,-23.9594688,30.84210526,0.8
10.24800014,-26.09701143,30.84210526,0.8
10.25699997,-28.15910849,30.84210526,0.8
10.26599979,-28.81675734,30.84210526,0.8
10.27499962,-27.2825985,30.84210526,0.8
10.2840004,-24.90634141,30.84210526,0.8
10.29300022,-22.66707378,30.84210526,0.8
10.30200005,-20.75478308,30.84210526,0.8
10.31099987,-19.138863,30.84210526,0.8
10.31999969,-17.76039582,30.84210526,0.8
10.32900047,-16.5690236,30.84210526,0.8
10.3380003,-15.52638426,30.84210526,0.8
10.34700012,-14.6038556,30.84210526,0.8
10.35599995,-13.78001396,30.84210526,0.8
10.36499977,-13.03869135,30.84210526,0.8
10.3739996,-12.36757664,30.84210526,0.8
10.38300037,-11.75722028,30.84210526,0.8
10.3920002,-11.2002995,30.84210526,0.8
10.40100002,-10.69107729,30.84210526,0.8
10.40999985,-10.22498482,30.84210526,0.8
10.41899967,-9.798295705,30.84210526,0.8
10.42800045,-9.40788631,30.84210526,0.8
10.43700027,-9.051036619,30.84210526,0.8
10.4460001,-8.725290387,30.84210526,0.8
10.45499992,-8.428355113,30.84210526,0.8
10.46399975,-8.158024334,30.84210526,0.8
10.47299957,-7.912138111,30.84210526,0.8
10.48200035,-7.688558938,30.84210526,0.8
10.49100018,-7.485170622,30.84210526,0.8
10.5,-7.299894633,30.84210526,0.8
1.5,-0.573913659,30.84210526,2
1.508999944,-0.555074084,30.84210526,2
1.518000007,-0.531069566,30.84210526,2
1.52699995,-0.504625539,30.84210526,2
1.536000013,-0.478631092,30.84210526,2
1.544999957,-0.455859015,30.84210526,2
1.55400002,-0.438731312,30.84210526,2
1.562999964,-0.429123651,30.84210526,2
1.572000027,-0.428232506,30.84210526,2
1.58099997,-0.436503405,30.84210526,2
1.590000033,-0.453599582,30.84210526,2
1.598999977,-0.478430846,30.84210526,2
1.60800004,-0.509224954,30.84210526,2
1.616999984,-0.543659766,30.84210526,2
1.626000047,-0.579040484,30.84210526,2
1.63499999,-0.612526445,30.84210526,2
1.644000053,-0.641400562,30.84210526,2
1.652999997,-0.663340595,30.84210526,2
1.661999941,-0.676676457,30.84210526,2
1.671000004,-0.680583772,30.84210526,2
1.679999948,-0.675178068,30.84210526,2
1.68900001,-0.661514086,30.84210526,2
1.697999954,-0.641456255,30.84210526,2
1.707000017,-0.617474995,30.84210526,2
1.715999961,-0.592383097,30.84210526,2
1.725000024,-0.569062859,30.84210526,2
1.733999968,-0.55020238,30.84210526,2
1.743000031,-0.53807827,30.84210526,2
1.751999974,-0.534387207,30.84210526,2
1.761000037,-0.540123026,30.84210526,2
1.769999981,-0.555506076,30.84210526,2
1.779000044,-0.579972633,30.84210526,2
1.787999988,-0.612190684,30.84210526,2
1.797000051,-0.650151147,30.84210526,2
1.805999994,-0.691295355,30.84210526,2
1.815000057,-0.732715979,30.84210526,2
1.824000001,-0.771403739,30.84210526,2
1.832999945,-0.804537197,30.84210526,2
1.842000008,-0.829780405,30.84210526,2
1.850999951,-0.845554493,30.84210526,2
1.860000014,-0.851234464,30.84210526,2
1.868999958,-0.847240824,30.84210526,2
1.878000021,-0.835006935,30.84210526,2
1.886999965,-0.816836559,30.84210526,2
1.896000028,-0.795660702,30.84210526,2
1.904999971,-0.774756738,30.84210526,2
1.914000034,-0.757457098,30.84210526,2
1.922999978,-0.746871962,30.84210526,2
1.932000041,-0.745666005,30.84210526,2
1.940999985,-0.755874357,30.84210526,2
1.950000048,-0.77877274,30.84210526,2
1.958999991,-0.814790194,30.84210526,2
1.968000054,-0.863462094,30.84210526,2
1.976999998,-0.9234343,30.84210526,2
1.985999942,-0.992522785,30.84210526,2
1.995000005,-1.067834323,30.84210526,2
2.003999949,-1.145977813,30.84210526,2
2.013000011,-1.223356316,30.84210526,2
2.022000074,-1.296538987,30.84210526,2
2.030999899,-1.362677963,30.84210526,2
2.039999962,-1.419919768,30.84210526,2
2.049000025,-1.467761558,30.84210526,2
2.058000088,-1.507261734,30.84210526,2
2.066999912,-1.54110839,30.84210526,2
2.075999975,-1.573524289,30.84210526,2
2.085000038,-1.610041601,30.84210526,2
2.094000101,-1.657238924,30.84210526,2
2.102999926,-1.722457373,30.84210526,2
2.111999989,-1.81359111,30.84210526,2
2.121000051,-1.938969863,30.84210526,2
2.130000114,-2.107333518,30.84210526,2
2.138999939,-2.327933071,30.84210526,2
2.148000002,-2.610745233,30.84210526,2
2.157000065,-2.966811205,30.84210526,2
2.165999889,-3.408751474,30.84210526,2
2.174999952,-3.951516848,30.84210526,2
2.184000015,-4.613537837,30.84210526,2
2.193000078,-5.418554746,30.84210526,2
2.201999903,-6.398676823,30.84210526,2
2.210999966,-7.599858425,30.84210526,2
2.220000029,-9.092465978,30.84210526,2
2.229000092,-10.99382793,30.84210526,2
2.237999916,-13.52355864,30.84210526,2
2.246999979,-17.1694875,30.84210526,2
2.256000042,-23.3355813,30.84210526,2
2.265000105,-29.78146416,30.84210526,2
2.273999929,-20.87180815,30.84210526,2
2.282999992,-15.96584679,30.84210526,2
2.292000055,-12.89332083,30.84210526,2
2.301000118,-10.70855639,30.84210526,2
2.309999943,-9.04824094,30.84210526,2
2.319000006,-7.736789694,30.84210526,2
2.328000069,-6.675958798,30.84210526,2
2.336999893,-5.805028524,30.84210526,2
2.345999956,-5.083650267,30.84210526,2
2.355000019,-4.483467033,30.84210526,2
2.364000082,-3.983608757,30.84210526,2
2.372999907,-3.568086766,30.84210526,2
2.381999969,-3.224188532,30.84210526,2
2.391000032,-2.941438927,30.84210526,2
2.400000095,-2.710912396,30.84210526,2
2.40899992,-2.524760677,30.84210526,2
2.417999983,-2.375894535,30.84210526,2
2.427000046,-2.257785156,30.84210526,2
2.436000109,-2.164361637,30.84210526,2
2.444999933,-2.089978721,30.84210526,2
2.453999996,-2.029452694,30.84210526,2
2.463000059,-1.978143893,30.84210526,2
2.471999884,-1.932056935,30.84210526,2
2.480999947,-1.887949,30.84210526,2
2.49000001,-1.843403924,30.84210526,2
2.499000072,-1.796870026,30.84210526,2
2.507999897,-1.7476355,30.84210526,2
2.51699996,-1.695749455,30.84210526,2
2.526000023,-1.641886035,30.84210526,2
2.535000086,-1.58718153,30.84210526,2
2.54399991,-1.533054078,30.84210526,2
2.552999973,-1.481027613,30.84210526,2
2.562000036,-1.432575324,30.84210526,2
2.571000099,-1.388988138,30.84210526,2
2.579999924,-1.351279929,30.84210526,2
2.588999987,-1.320115264,30.84210526,2
2.59800005,-1.295784815,30.84210526,2
2.607000113,-1.278185439,30.84210526,2
2.615999937,-1.266848545,30.84210526,2
2.625,-1.260974448,30.84210526,2
2.634000063,-1.259496118,30.84210526,2
2.642999887,-1.261151173,30.84210526,2
2.65199995,-1.26457655,30.84210526,2
2.661000013,-1.268405602,30.84210526,2
2.670000076,-1.271363686,30.84210526,2
2.678999901,-1.272363448,30.84210526,2
2.687999964,-1.27057692,30.84210526,2
2.697000027,-1.26549409,30.84210526,2
2.70600009,-1.256949577,30.84210526,2
2.714999914,-1.245116053,30.84210526,2
2.723999977,-1.230472995,30.84210526,2
2.73300004,-1.213758139,30.84210526,2
2.742000103,-1.195879822,30.84210526,2
2.750999928,-1.177849629,30.84210526,2
2.75999999,-1.160680502,30.84210526,2
2.769000053,-1.145318089,30.84210526,2
2.778000116,-1.132563415,30.84210526,2
2.786999941,-1.123013617,30.84210526,2
2.796000004,-1.117029466,30.84210526,2
2.805000067,-1.114705879,30.84210526,2
2.813999891,-1.115872702,30.84210526,2
2.822999954,-1.120105585,30.84210526,2
2.832000017,-1.126766091,30.84210526,2
2.84100008,-1.135048587,30.84210526,2
2.849999905,-1.144035522,30.84210526,2
2.858999968,-1.152784337,30.84210526,2
2.868000031,-1.160387539,30.84210526,2
2.877000093,-1.166059012,30.84210526,2
2.885999918,-1.169196497,30.84210526,2
2.894999981,-1.169426634,30.84210526,2
2.904000044,-1.16664472,30.84210526,2
2.913000107,-1.161013431,30.84210526,2
2.921999931,-1.152952089,30.84210526,2
2.930999994,-1.143095362,30.84210526,2
2.940000057,-1.132235281,30.84210526,2
2.948999882,-1.121258963,30.84210526,2
2.957999945,-1.11106147,30.84210526,2
2.967000008,-1.102486503,30.84210526,2
2.976000071,-1.096245839,30.84210526,2
2.984999895,-1.092874098,30.84210526,2
2.993999958,-1.092675766,30.84210526,2
3.003000021,-1.095711734,30.84210526,2
3.012000084,-1.101783096,30.84210526,2
3.020999908,-1.110455666,30.84210526,2
3.029999971,-1.121087998,30.84210526,2
3.039000034,-1.132877278,30.84210526,2
3.048000097,-1.144938257,30.84210526,2
3.056999922,-1.156366665,30.84210526,2
3.065999985,-1.166326386,30.84210526,2
3.075000048,-1.174116482,30.84210526,2
3.084000111,-1.179246298,30.84210526,2
3.092999935,-1.181479799,30.84210526,2
3.101999998,-1.180860869,30.84210526,2
3.111000061,-1.177711082,30.84210526,2
3.119999886,-1.172608549,30.84210526,2
3.128999949,-1.166337042,30.84210526,2
3.138000011,-1.159813505,30.84210526,2
3.147000074,-1.1540165,30.84210526,2
3.155999899,-1.149900367,30.84210526,2
3.164999962,-1.14831465,30.84210526,2
3.174000025,-1.149935051,30.84210526,2
3.183000088,-1.155208467,30.84210526,2
3.191999912,-1.164315899,30.84210526,2
3.200999975,-1.177158697,30.84210526,2
3.210000038,-1.1933622,30.84210526,2
3.219000101,-1.212308754,30.84210526,2
3.227999926,-1.233187715,30.84210526,2
3.236999989,-1.255068737,30.84210526,2
3.246000051,-1.276982895,30.84210526,2
3.255000114,-1.298017166,30.84210526,2
3.263999939,-1.317407167,30.84210526,2
3.273000002,-1.33461334,30.84210526,2
3.282000065,-1.3493944,30.84210526,2
3.290999889,-1.36183633,30.84210526,2
3.299999952,-1.372368061,30.84210526,2
3.309000015,-1.381732109,30.84210526,2
3.318000078,-1.390936072,30.84210526,2
3.326999903,-1.401175611,30.84210526,2
3.335999966,-1.413741402,30.84210526,2
3.345000029,-1.429921446,30.84210526,2
3.354000092,-1.450908023,30.84210526,2
3.362999916,-1.47770982,30.84210526,2
3.371999979,-1.511086598,30.84210526,2
3.381000042,-1.551505092,30.84210526,2
3.390000105,-1.599116334,30.84210526,2
3.398999929,-1.653767614,30.84210526,2
3.407999992,-1.715035886,30.84210526,2
3.417000055,-1.782299821,30.84210526,2
3.426000118,-1.854823453,30.84210526,2
3.434999943,-1.93187583,30.84210526,2
3.444000006,-2.012851815,30.84210526,2
3.453000069,-2.097412703,30.84210526,2
3.461999893,-2.185606227,30.84210526,2
3.470999956,-2.277981448,30.84210526,2
3.480000019,-2.375665573,30.84210526,2
3.489000082,-2.480412356,30.84210526,2
3.497999907,-2.594607747,30.84210526,2
3.506999969,-2.721244436,30.84210526,2
3.516000032,-2.863859166,30.84210526,2
3.525000095,-3.026475819,30.84210526,2
3.53399992,-3.213523322,30.84210526,2
3.542999983,-3.429786043,30.84210526,2
3.552000046,-3.680369364,30.84210526,2
3.561000109,-3.970706181,30.84210526,2
3.569999933,-4.30660442,30.84210526,2
3.578999996,-4.69435461,30.84210526,2
3.588000059,-5.140871647,30.84210526,2
3.596999884,-5.653922108,30.84210526,2
3.605999947,-6.242389299,30.84210526,2
3.61500001,-6.916583722,30.84210526,2
3.624000072,-7.688539546,30.84210526,2
3.632999897,-8.572122167,30.84210526,2
3.64199996,-9.582449011,30.84210526,2
3.651000023,-10.73331533,30.84210526,2
3.660000086,-12.02897159,30.84210526,2
3.66899991,-13.44120521,30.84210526,2
3.677999973,-14.85396985,30.84210526,2
3.687000036,-15.97434502,30.84210526,2
3.696000099,-16.35697412,30.84210526,2
3.704999924,-15.79554529,30.84210526,2
3.713999987,-14.59538182,30.84210526,2
3.72300005,-13.18821699,30.84210526,2
3.732000113,-11.82098816,30.84210526,2
3.740999937,-10.58308435,30.84210526,2
3.75,-9.492109662,30.84210526,2
3.759000063,-8.540218491,30.84210526,2
3.767999887,-7.712492375,30.84210526,2
3.77699995,-6.993370762,30.84210526,2
3.786000013,-6.368613705,30.84210526,2
3.795000076,-5.825688746,30.84210526,2
3.803999901,-5.353656015,30.84210526,2
3.812999964,-4.942934692,30.84210526,2
3.822000027,-4.585069526,30.84210526,2
3.83100009,-4.27255939,30.84210526,2
3.839999914,-3.998736892,30.84210526,2
3.848999977,-3.757692426,30.84210526,2
3.85800004,-3.544229438,30.84210526,2
3.867000103,-3.353854143,30.84210526,2
3.875999928,-3.182750856,30.84210526,2
3.88499999,-3.02778139,30.84210526,2
3.894000053,-2.886441352,30.84210526,2
3.903000116,-2.756829016,30.84210526,2
3.911999941,-2.637582167,30.84210526,2
3.921000004,-2.527777251,30.84210526,2
3.930000067,-2.42685919,30.84210526,2
3.938999891,-2.334517891,30.84210526,2
3.947999954,-2.25059633,30.84210526,2
3.957000017,-2.174992,30.84210526,2
3.96600008,-2.107580729,30.84210526,2
3.974999905,-2.048148195,30.84210526,2
3.983999968,-1.996356586,30.84210526,2
3.993000031,-1.951719808,30.84210526,2
4.001999855,-1.913614927,30.84210526,2
4.011000156,-1.881293885,30.84210526,2
4.019999981,-1.853933862,30.84210526,2
4.028999805,-1.83068284,30.84210526,2
4.038000107,-1.810726401,30.84210526,2
4.046999931,-1.793343074,30.84210526,2
4.056000233,-1.77797053,30.84210526,2
4.065000057,-1.764242426,30.84210526,2
4.073999882,-1.752039498,30.84210526,2
4.083000183,-1.741490262,30.84210526,2
4.092000008,-1.732976764,30.84210526,2
4.100999832,-1.72711192,30.84210526,2
4.110000134,-1.724693976,30.84210526,2
4.118999958,-1.726664919,30.84210526,2
4.127999783,-1.734046867,30.84210526,2
4.137000084,-1.747878381,30.84210526,2
4.145999908,-1.76916495,30.84210526,2
4.15500021,-1.798819737,30.84210526,2
4.164000034,-1.837620471,30.84210526,2
4.172999859,-1.88617564,30.84210526,2
4.18200016,-1.944897664,30.84210526,2
4.190999985,-2.013980586,30.84210526,2
4.199999809,-2.093388544,30.84210526,2
4.209000111,-2.18284758,30.84210526,2
4.217999935,-2.281836859,30.84210526,2
4.227000237,-2.38958764,30.84210526,2
4.236000061,-2.505076386,30.84210526,2
4.244999886,-2.627013631,30.84210526,2
4.254000187,-2.753851623,30.84210526,2
4.263000011,-2.883767858,30.84210526,2
4.271999836,-3.014681242,30.84210526,2
4.281000137,-3.144257228,30.84210526,2
4.289999962,-3.269941851,30.84210526,2
4.298999786,-3.389015093,30.84210526,2
4.308000088,-3.498676676,30.84210526,2
4.316999912,-3.596168559,30.84210526,2
4.326000214,-3.678921822,30.84210526,2
4.335000038,-3.744757488,30.84210526,2
4.343999863,-3.792064253,30.84210526,2
4.353000164,-3.820002171,30.84210526,2
4.361999989,-3.828646681,30.84210526,2
4.370999813,-3.819089042,30.84210526,2
4.380000114,-3.793436667,30.84210526,2
4.388999939,-3.754759624,30.84210526,2
4.397999763,-3.706942243,30.84210526,2
4.407000065,-3.654488025,30.84210526,2
4.415999889,-3.602323539,30.84210526,2
4.425000191,-3.555576055,30.84210526,2
4.434000015,-3.519415712,30.84210526,2
4.44299984,-3.498912647,30.84210526,2
4.452000141,-3.498953414,30.84210526,2
4.460999966,-3.524206745,30.84210526,2
4.46999979,-3.579114387,30.84210526,2
4.479000092,-3.667930442,30.84210526,2
4.487999916,-3.794764623,30.84210526,2
4.497000217,-3.963632509,30.84210526,2
4.506000042,-4.178522838,30.84210526,2
4.514999866,-4.443408741,30.84210526,2
4.524000168,-4.76223672,30.84210526,2
4.532999992,-5.138820598,30.84210526,2
4.541999817,-5.576572151,30.84210526,2
4.551000118,-6.07795969,30.84210526,2
4.559999943,-6.643485939,30.84210526,2
4.568999767,-7.269840637,30.84210526,2
4.578000069,-7.946750924,30.84210526,2
4.586999893,-8.651994205,30.84210526,2
4.596000195,-9.344670998,30.84210526,2
4.605000019,-9.959235029,30.84210526,2
4.613999844,-10.40793107,30.84210526,2
4.623000145,-10.60266736,30.84210526,2
4.631999969,-10.4951437,30.84210526,2
4.640999794,-10.10569195,30.84210526,2
4.650000095,-9.510713037,30.84210526,2
4.65899992,-8.802442905,30.84210526,2
4.668000221,-8.057395111,30.84210526,2
4.677000046,-7.326644555,30.84210526,2
4.68599987,-6.639426367,30.84210526,2
4.695000172,-6.010067785,30.84210526,2
4.703999996,-5.443835466,30.84210526,2
4.712999821,-4.940840018,30.84210526,2
4.722000122,-4.498399466,30.84210526,2
4.730999947,-4.11240104,30.84210526,2
4.739999771,-3.778071529,30.84210526,2
4.749000072,-3.490388401,30.84210526,2
4.757999897,-3.244306959,30.84210526,2
4.767000198,-3.034888103,30.84210526,2
4.776000023,-2.857363295,30.84210526,2
4.784999847,-2.707185998,30.84210526,2
4.794000149,-2.580064123,30.84210526,2
4.802999973,-2.472004108,30.84210526,2
4.811999798,-2.379353238,30.84210526,2
4.821000099,-2.298838109,30.84210526,2
4.829999924,-2.227618627,30.84210526,2
4.839000225,-2.163313379,30.84210526,2
4.84800005,-2.10402616,30.84210526,2
4.856999874,-2.048346698,30.84210526,2
4.866000175,-1.995330705,30.84210526,2
4.875,-1.944454654,30.84210526,2
4.883999825,-1.895551564,30.84210526,2
4.893000126,-1.848738178,30.84210526,2
4.90199995,-1.80432067,30.84210526,2
4.910999775,-1.76271455,30.84210526,2
4.920000076,-1.724360907,30.84210526,2
4.928999901,-1.689662652,30.84210526,2
4.938000202,-1.658922471,30.84210526,2
4.947000027,-1.632313275,30.84210526,2
4.955999851,-1.609853294,30.84210526,2
4.965000153,-1.591402233,30.84210526,2
4.973999977,-1.576671592,30.84210526,2
4.982999802,-1.565244051,30.84210526,2
4.992000103,-1.556606613,30.84210526,2
5.000999928,-1.550182653,30.84210526,2
5.010000229,-1.545375121,30.84210526,2
5.019000053,-1.541605477,30.84210526,2
5.027999878,-1.538348635,30.84210526,2
5.037000179,-1.535166573,30.84210526,2
5.046000004,-1.531726394,30.84210526,2
5.054999828,-1.527818678,30.84210526,2
5.06400013,-1.523353713,30.84210526,2
5.072999954,-1.518360723,30.84210526,2
5.081999779,-1.512970203,30.84210526,2
5.09100008,-1.507388914,30.84210526,2
5.099999905,-1.50187876,30.84210526,2
5.109000206,-1.496727508,30.84210526,2
5.118000031,-1.492222684,30.84210526,2
5.126999855,-1.48862667,30.84210526,2
5.136000156,-1.486160137,30.84210526,2
5.144999981,-1.48498515,30.84210526,2
5.153999805,-1.485199919,30.84210526,2
5.163000107,-1.486833607,30.84210526,2
5.171999931,-1.489849207,30.84210526,2
5.181000233,-1.494149232,30.84210526,2
5.190000057,-1.499587786,30.84210526,2
5.198999882,-1.505977324,30.84210526,2
5.208000183,-1.513107291,30.84210526,2
5.217000008,-1.520755747,30.84210526,2
5.225999832,-1.52870426,30.84210526,2
5.235000134,-1.536742873,30.84210526,2
5.243999958,-1.544693671,30.84210526,2
5.252999783,-1.552407195,30.84210526,2
5.262000084,-1.559777806,30.84210526,2
5.270999908,-1.566743141,30.84210526,2
5.28000021,-1.573288996,30.84210526,2
5.289000034,-1.579447862,30.84210526,2
5.297999859,-1.585299109,30.84210526,2
5.30700016,-1.590962619,30.84210526,2
5.315999985,-1.596594519,30.84210526,2
5.324999809,-1.60238235,30.84210526,2
5.334000111,-1.608529548,30.84210526,2
5.342999935,-1.615249512,30.84210526,2
5.352000237,-1.62274955,30.84210526,2
5.361000061,-1.631226259,30.84210526,2
5.369999886,-1.640843455,30.84210526,2
5.379000187,-1.651722184,30.84210526,2
5.388000011,-1.663936345,30.84210526,2
5.396999836,-1.677493337,30.84210526,2
5.406000137,-1.69233426,30.84210526,2
5.414999962,-1.708333764,30.84210526,2
5.423999786,-1.725300364,30.84210526,2
5.433000088,-1.742984804,30.84210526,2
5.441999912,-1.761099792,30.84210526,2
5.451000214,-1.779334529,30.84210526,2
5.460000038,-1.797377788,30.84210526,2
5.468999863,-1.81495643,30.84210526,2
5.478000164,-1.831847192,30.84210526,2
5.486999989,-1.847913647,30.84210526,2
5.495999813,-1.863128051,30.84210526,2
5.505000114,-1.877578929,30.84210526,2
5.513999939,-1.891486711,30.84210526,2
5.522999763,-1.905193552,30.84210526,2
5.532000065,-1.919151452,30.84210526,2
5.540999889,-1.933897243,30.84210526,2
5.550000191,-1.950014081,30.84210526,2
5.559000015,-1.968098985,30.84210526,2
5.56799984,-1.988712888,30.84210526,2
5.577000141,-2.012337673,30.84210526,2
5.585999966,-2.039333487,30.84210526,2
5.59499979,-2.069910461,30.84210526,2
5.604000092,-2.104093859,30.84210526,2
5.612999916,-2.141719873,30.84210526,2
5.622000217,-2.182438553,30.84210526,2
5.631000042,-2.22573446,30.84210526,2
5.639999866,-2.270973085,30.84210526,2
5.649000168,-2.317456207,30.84210526,2
5.657999992,-2.364504339,30.84210526,2
5.666999817,-2.411543596,30.84210526,2
5.676000118,-2.45820404,30.84210526,2
5.684999943,-2.504408694,30.84210526,2
5.693999767,-2.550453653,30.84210526,2
5.703000069,-2.597069673,30.84210526,2
5.711999893,-2.645451402,30.84210526,2
5.721000195,-2.697262787,30.84210526,2
5.730000019,-2.754606353,30.84210526,2
5.738999844,-2.819957507,30.84210526,2
5.748000145,-2.896096949,30.84210526,2
5.756999969,-2.986004263,30.84210526,2
5.765999794,-3.092752592,30.84210526,2
5.775000095,-3.219386961,30.84210526,2
5.78399992,-3.368806188,30.84210526,2
5.793000221,-3.543616355,30.84210526,2
5.802000046,-3.745990756,30.84210526,2
5.81099987,-3.977484969,30.84210526,2
5.820000172,-4.238816868,30.84210526,2
5.828999996,-4.529608773,30.84210526,2
5.837999821,-4.8480345,30.84210526,2
5.847000122,-5.190419924,30.84210526,2
5.855999947,-5.550742507,30.84210526,2
5.864999771,-5.920156493,30.84210526,2
5.874000072,-6.286583433,30.84210526,2
5.882999897,-6.634663075,30.84210526,2
5.892000198,-6.94631406,30.84210526,2
5.901000023,-7.202285629,30.84210526,2
5.909999847,-7.38475587,30.84210526,2
5.919000149,-7.480578315,30.84210526,2
5.927999973,-7.484154727,30.84210526,2
5.936999798,-7.398785455,30.84210526,2
5.946000099,-7.235817112,30.84210526,2
5.954999924,-7.012040115,30.84210526,2
5.964000225,-6.746443658,30.84210526,2
5.97300005,-6.457449923,30.84210526,2
5.981999874,-6.161138754,30.84210526,2
5.991000175,-5.870502793,30.84210526,2
6,-5.59538464,30.84210526,2
6.008999825,-5.342817951,30.84210526,2
6.018000126,-5.117489339,30.84210526,2
6.02699995,-4.922196253,30.84210526,2
6.035999775,-4.758244827,30.84210526,2
6.045000076,-4.625753932,30.84210526,2
6.053999901,-4.523912069,30.84210526,2
6.063000202,-4.451144349,30.84210526,2
6.072000027,-4.405273981,30.84210526,2
6.080999851,-4.383644665,30.84210526,2
6.090000153,-4.38325094,30.84210526,2
6.098999977,-4.400868041,30.84210526,2
6.107999802,-4.433184852,30.84210526,2
6.117000103,-4.476962888,30.84210526,2
6.125999928,-4.529182986,30.84210526,2
6.135000229,-4.587203583,30.84210526,2
6.144000053,-4.64889898,30.84210526,2
6.152999878,-4.712764816,30.84210526,2
6.162000179,-4.777979214,30.84210526,2
6.171000004,-4.844422411,30.84210526,2
6.179999828,-4.912639084,30.84210526,2
6.18900013,-4.983746755,30.84210526,2
6.197999954,-5.059321139,30.84210526,2
6.206999779,-5.141251031,30.84210526,2
6.21600008,-5.231595626,30.84210526,2
6.224999905,-5.332437102,30.84210526,2
6.234000206,-5.445768509,30.84210526,2
6.243000031,-5.57339496,30.84210526,2
6.251999855,-5.716870515,30.84210526,2
6.261000156,-5.877463115,30.84210526,2
6.269999981,-6.056137755,30.84210526,2
6.278999805,-6.253588823,30.84210526,2
6.288000107,-6.470257552,30.84210526,2
6.296999931,-6.706407081,30.84210526,2
6.306000233,-6.962187561,30.84210526,2
6.315000057,-7.237730779,30.84210526,2
6.323999882,-7.533247158,30.84210526,2
6.333000183,-7.849130418,30.84210526,2
6.342000008,-8.186089725,30.84210526,2
6.350999832,-8.545245782,30.84210526,2
6.360000134,-8.92826711,30.84210526,2
6.368999958,-9.337479054,30.84210526,2
6.377999783,-9.775981594,30.84210526,2
6.387000084,-10.24778024,30.84210526,2
6.395999908,-10.75791657,30.84210526,2
6.40500021,-11.31264821,30.84210526,2
6.414000034,-11.91966859,30.84210526,2
6.422999859,-12.58842728,30.84210526,2
6.43200016,-13.33058368,30.84210526,2
6.440999985,-14.16066299,30.84210526,2
6.449999809,-15.0969838,30.84210526,2
6.459000111,-16.16294743,30.84210526,2
6.467999935,-17.38858664,30.84210526,2
6.477000237,-18.81163681,30.84210526,2
6.486000061,-20.47448352,30.84210526,2
6.494999886,-22.40139609,30.84210526,2
6.504000187,-24.49583782,30.84210526,2
6.513000011,-26.21900464,30.84210526,2
6.521999836,-26.43505612,30.84210526,2
6.531000137,-24.95432884,30.84210526,2
6.539999962,-22.89631843,30.84210526,2
6.548999786,-20.94555652,30.84210526,2
6.558000088,-19.25423372,30.84210526,2
6.566999912,-17.80966224,30.84210526,2
6.576000214,-16.56986191,30.84210526,2
6.585000038,-15.49540881,30.84210526,2
6.593999863,-14.55455752,30.84210526,2
6.603000164,-13.72257287,30.84210526,2
6.611999989,-12.98016255,30.84210526,2
6.620999813,-12.31214661,30.84210526,2
6.630000114,-11.70644818,30.84210526,2
6.638999939,-11.15339705,30.84210526,2
6.647999763,-10.64520938,30.84210526,2
6.657000065,-10.17563782,30.84210526,2
6.665999889,-9.739702282,30.84210526,2
6.675000191,-9.333467558,30.84210526,2
6.684000015,-8.953875465,30.84210526,2
6.69299984,-8.598586563,30.84210526,2
6.702000141,-8.265834678,30.84210526,2
6.710999966,-7.954296695,30.84210526,2
6.71999979,-7.66297351,30.84210526,2
6.729000092,-7.391074259,30.84210526,2
6.737999916,-7.137920428,30.84210526,2
6.747000217,-6.902861216,30.84210526,2
6.756000042,-6.685203476,30.84210526,2
6.764999866,-6.484172469,30.84210526,2
6.774000168,-6.298858669,30.84210526,2
6.782999992,-6.12822585,30.84210526,2
6.791999817,-5.971091781,30.84210526,2
6.801000118,-5.826166216,30.84210526,2
6.809999943,-5.692068827,30.84210526,2
6.818999767,-5.567381776,30.84210526,2
6.828000069,-5.450712056,30.84210526,2
6.836999893,-5.34073044,30.84210526,2
6.846000195,-5.236254715,30.84210526,2
6.855000019,-5.136279309,30.84210526,2
6.863999844,-5.040039897,30.84210526,2
6.873000145,-4.947015405,30.84210526,2
6.881999969,-4.856961455,30.84210526,2
6.890999794,-4.769880852,30.84210526,2
6.900000095,-4.685995491,30.84210526,2
6.90899992,-4.605713754,30.84210526,2
6.918000221,-4.529553344,30.84210526,2
6.927000046,-4.458090999,30.84210526,2
6.93599987,-4.391897239,30.84210526,2
6.945000172,-4.331472182,30.84210526,2
6.953999996,-4.277197198,30.84210526,2
6.962999821,-4.229299795,30.84210526,2
6.972000122,-4.187824498,30.84210526,2
6.980999947,-4.15263062,30.84210526,2
6.989999771,-4.123394371,30.84210526,2
6.999000072,-4.099636833,30.84210526,2
7.007999897,-4.080751929,30.84210526,2
7.017000198,-4.06605731,30.84210526,2
7.026000023,-4.054854986,30.84210526,2
7.034999847,-4.04647773,30.84210526,2
7.044000149,-4.040351065,30.84210526,2
7.052999973,-4.036043377,30.84210526,2
7.061999798,-4.033309388,30.84210526,2
7.071000099,-4.032109581,30.84210526,2
7.079999924,-4.032623335,30.84210526,2
7.089000225,-4.035229892,30.84210526,2
7.09800005,-4.04049161,30.84210526,2
7.106999874,-4.049102185,30.84210526,2
7.116000175,-4.061828937,30.84210526,2
7.125,-4.079460078,30.84210526,2
7.133999825,-4.102728302,30.84210526,2
7.143000126,-4.13225842,30.84210526,2
7.15199995,-4.168504846,30.84210526,2
7.160999775,-4.211702893,30.84210526,2
7.170000076,-4.261833279,30.84210526,2
7.178999901,-4.318594733,30.84210526,2
7.188000202,-4.381396095,30.84210526,2
7.197000027,-4.44935811,30.84210526,2
7.205999851,-4.521334289,30.84210526,2
7.215000153,-4.595944561,30.84210526,2
7.223999977,-4.671636913,30.84210526,2
7.232999802,-4.74675199,30.84210526,2
7.242000103,-4.819608564,30.84210526,2
7.250999928,-4.888599832,30.84210526,2
7.260000229,-4.952285627,30.84210526,2
7.269000053,-5.009484422,30.84210526,2
7.277999878,-5.059354823,30.84210526,2
7.287000179,-5.101435131,30.84210526,2
7.296000004,-5.135678317,30.84210526,2
7.304999828,-5.162432191,30.84210526,2
7.31400013,-5.182412777,30.84210526,2
7.322999954,-5.196629335,30.84210526,2
7.331999779,-5.206312853,30.84210526,2
7.34100008,-5.2128301,30.84210526,2
7.349999905,-5.217600164,30.84210526,2
7.359000206,-5.222023695,30.84210526,2
7.368000031,-5.227432455,30.84210526,2
7.376999855,-5.235046813,30.84210526,2
7.386000156,-5.245961697,30.84210526,2
7.394999981,-5.261146896,30.84210526,2
7.403999805,-5.281456387,30.84210526,2
7.413000107,-5.307659052,30.84210526,2
7.421999931,-5.340463857,30.84210526,2
7.431000233,-5.38055408,30.84210526,2
7.440000057,-5.4286303,30.84210526,2
7.448999882,-5.485433496,30.84210526,2
7.458000183,-5.55177501,30.84210526,2
7.467000008,-5.628561251,30.84210526,2
7.475999832,-5.716804775,30.84210526,2
7.485000134,-5.817635358,30.84210526,2
7.493999958,-5.932306229,30.84210526,2
7.502999783,-6.062196075,30.84210526,2
7.512000084,-6.208803371,30.84210526,2
7.520999908,-6.373757013,30.84210526,2
7.53000021,-6.558810741,30.84210526,2
7.539000034,-6.765861354,30.84210526,2
7.547999859,-6.996960371,30.84210526,2
7.55700016,-7.25434709,30.84210526,2
7.565999985,-7.540486111,30.84210526,2
7.574999809,-7.858130982,30.84210526,2
7.584000111,-8.210401985,30.84210526,2
7.592999935,-8.600895632,30.84210526,2
7.602000237,-9.033837915,30.84210526,2
7.611000061,-9.514281174,30.84210526,2
7.619999886,-10.0483798,30.84210526,2
7.629000187,-10.64378097,30.84210526,2
7.638000011,-11.31018092,30.84210526,2
7.646999836,-12.06014257,30.84210526,2
7.656000137,-12.91036052,30.84210526,2
7.664999962,-13.88368149,30.84210526,2
7.673999786,-15.01253461,30.84210526,2
7.683000088,-16.34512257,30.84210526,2
7.691999912,-17.95764098,30.84210526,2
7.701000214,-19.98121734,30.84210526,2
7.710000038,-22.67197485,30.84210526,2
7.718999863,-26.64695609,30.84210526,2
7.728000164,-34.20366257,30.84210526,2
7.736999989,-40.32785753,30.84210526,2
7.745999813,-28.78584319,30.84210526,2
7.755000114,-23.9086437,30.84210526,2
7.763999939,-20.81278569,30.84210526,2
7.772999763,-18.55437186,30.84210526,2
7.782000065,-16.78748654,30.84210526,2
7.790999889,-15.34662257,30.84210526,2
7.800000191,-14.13963945,30.84210526,2
7.809000015,-13.10986168,30.84210526,2
7.81799984,-12.21981301,30.84210526,2
7.827000141,-11.44328871,30.84210526,2
7.835999966,-10.76109674,30.84210526,2
7.84499979,-10.15862819,30.84210526,2
7.854000092,-9.624367383,30.84210526,2
7.862999916,-9.148958139,30.84210526,2
7.872000217,-8.724600548,30.84210526,2
7.881000042,-8.344635706,30.84210526,2
7.889999866,-8.003290932,30.84210526,2
7.899000168,-7.695483789,30.84210526,2
7.907999992,-7.41671468,30.84210526,2
7.916999817,-7.162995214,30.84210526,2
7.926000118,-6.93080351,30.84210526,2
7.934999943,-6.717058179,30.84210526,2
7.943999767,-6.519108317,30.84210526,2
7.953000069,-6.3347306,30.84210526,2
7.961999893,-6.162111267,30.84210526,2
7.971000195,-5.999829027,30.84210526,2
7.980000019,-5.846826643,30.84210526,2
7.988999844,-5.70237751,30.84210526,2
7.998000145,-5.566025443,30.84210526,2
8.006999969,-5.437536212,30.84210526,2
8.015999794,-5.316835468,30.84210526,2
8.024999619,-5.203945085,30.84210526,2
8.034000397,-5.098925043,30.84210526,2
8.043000221,-5.001822776,30.84210526,2
8.052000046,-4.91263462,30.84210526,2
8.06099987,-4.83126765,30.84210526,2
8.069999695,-4.757530592,30.84210526,2
8.079000473,-4.691116474,30.84210526,2
8.088000298,-4.631615818,30.84210526,2
8.097000122,-4.578529061,30.84210526,2
8.105999947,-4.531288783,30.84210526,2
8.114999771,-4.489291298,30.84210526,2
8.123999596,-4.451934711,30.84210526,2
8.133000374,-4.418651071,30.84210526,2
8.142000198,-4.388943256,30.84210526,2
8.151000023,-4.362411649,30.84210526,2
8.159999847,-4.338780642,30.84210526,2
8.168999672,-4.317906148,30.84210526,2
8.17800045,-4.29977819,30.84210526,2
8.187000275,-4.284512433,30.84210526,2
8.196000099,-4.272329305,30.84210526,2
8.204999924,-4.263524837,30.84210526,2
8.213999748,-4.258440628,30.84210526,2
8.222999573,-4.25742333,30.84210526,2
8.232000351,-4.26079145,30.84210526,2
8.241000175,-4.268803362,30.84210526,2
8.25,-4.281625855,30.84210526,2
8.258999825,-4.299322854,30.84210526,2
8.267999649,-4.321842211,30.84210526,2
8.277000427,-4.349012523,30.84210526,2
8.286000252,-4.380562028,30.84210526,2
8.295000076,-4.416133769,30.84210526,2
8.303999901,-4.455314853,30.84210526,2
8.312999725,-4.497673434,30.84210526,2
8.32199955,-4.542797019,30.84210526,2
8.331000328,-4.590331842,30.84210526,2
8.340000153,-4.64002372,30.84210526,2
8.348999977,-4.691744319,30.84210526,2
8.357999802,-4.745512542,30.84210526,2
8.366999626,-4.801510762,30.84210526,2
8.376000404,-4.860074162,30.84210526,2
8.385000229,-4.921677453,30.84210526,2
8.394000053,-4.986913021,30.84210526,2
8.402999878,-5.05644611,30.84210526,2
8.411999702,-5.130982384,30.84210526,2
8.420999527,-5.21122141,30.84210526,2
8.430000305,-5.297815102,30.84210526,2
8.43900013,-5.391330236,30.84210526,2
8.447999954,-5.492217875,30.84210526,2
8.456999779,-5.600798397,30.84210526,2
8.465999603,-5.717245979,30.84210526,2
8.475000381,-5.841599086,30.84210526,2
8.484000206,-5.973769751,30.84210526,2
8.493000031,-6.113580217,30.84210526,2
8.501999855,-6.260795747,30.84210526,2
8.51099968,-6.415179386,30.84210526,2
8.520000458,-6.576540599,30.84210526,2
8.529000282,-6.744797537,30.84210526,2
8.538000107,-6.920023922,30.84210526,2
8.546999931,-7.102502995,30.84210526,2
8.555999756,-7.292750946,30.84210526,2
8.56499958,-7.491541557,30.84210526,2
8.574000359,-7.699904962,30.84210526,2
8.583000183,-7.919110015,30.84210526,2
8.592000008,-8.150632998,30.84210526,2
8.600999832,-8.396105625,30.84210526,2
8.609999657,-8.657267843,30.84210526,2
8.619000435,-8.935896424,30.84210526,2
8.628000259,-9.233745988,30.84210526,2
8.637000084,-9.552486608,30.84210526,2
8.645999908,-9.893643381,30.84210526,2
8.654999733,-10.25854716,30.84210526,2
8.663999557,-10.64829284,30.84210526,2
8.673000336,-11.06369347,30.84210526,2
8.68200016,-11.50526806,30.84210526,2
8.690999985,-11.97320892,30.84210526,2
8.699999809,-12.46737673,30.84210526,2
8.708999634,-12.98727078,30.84210526,2
8.718000412,-13.53199451,30.84210526,2
8.727000237,-14.10017589,30.84210526,2
8.736000061,-14.68979172,30.84210526,2
8.744999886,-15.29785705,30.84210526,2
8.75399971,-15.91986545,30.84210526,2
8.762999535,-16.54888556,30.84210526,2
8.772000313,-17.17419985,30.84210526,2
8.781000137,-17.77947621,30.84210526,2
8.789999962,-18.34079565,30.84210526,2
8.798999786,-18.82542173,30.84210526,2
8.807999611,-19.19318103,30.84210526,2
8.817000389,-19.40255477,30.84210526,2
8.826000214,-19.421787,30.84210526,2
8.835000038,-19.24068712,30.84210526,2
8.843999863,-18.87564032,30.84210526,2
8.852999687,-18.3639561,30.84210526,2
8.862000465,-17.75171768,30.84210526,2
8.87100029,-17.08262247,30.84210526,2
8.880000114,-16.39194374,30.84210526,2
8.888999939,-15.70519782,30.84210526,2
8.897999763,-15.03939654,30.84210526,2
8.906999588,-14.40506036,30.84210526,2
8.916000366,-13.80811035,30.84210526,2
8.925000191,-13.25134729,30.84210526,2
8.934000015,-12.73549083,30.84210526,2
8.94299984,-12.25989741,30.84210526,2
8.951999664,-11.82302959,30.84210526,2
8.961000443,-11.42277289,30.84210526,2
8.970000267,-11.05663865,30.84210526,2
8.979000092,-10.72191481,30.84210526,2
8.987999916,-10.41577207,30.84210526,2
8.996999741,-10.13534572,30.84210526,2
9.005999565,-9.877816133,30.84210526,2
9.015000343,-9.640469886,30.84210526,2
9.024000168,-9.420771313,30.84210526,2
9.032999992,-9.216418569,30.84210526,2
9.041999817,-9.025400874,30.84210526,2
9.050999641,-8.846035473,30.84210526,2
9.06000042,-8.676997441,30.84210526,2
9.069000244,-8.517323811,30.84210526,2
9.078000069,-8.366402339,30.84210526,2
9.086999893,-8.223933605,30.84210526,2
9.095999718,-8.089893613,30.84210526,2
9.104999542,-7.964454175,30.84210526,2
9.11400032,-7.847925013,30.84210526,2
9.123000145,-7.740667845,30.84210526,2
9.131999969,-7.643029762,30.84210526,2
9.140999794,-7.555279192,30.84210526,2
9.149999619,-7.477548277,30.84210526,2
9.159000397,-7.409790321,30.84210526,2
9.168000221,-7.351750068,30.84210526,2
9.177000046,-7.302959591,30.84210526,2
9.18599987,-7.262737574,30.84210526,2
9.194999695,-7.230213147,30.84210526,2
9.204000473,-7.204363829,30.84210526,2
9.213000298,-7.184068012,30.84210526,2
9.222000122,-7.168172789,30.84210526,2
9.230999947,-7.155565412,30.84210526,2
9.239999771,-7.14524078,30.84210526,2
9.248999596,-7.13637756,30.84210526,2
9.258000374,-7.128391163,30.84210526,2
9.267000198,-7.120976306,30.84210526,2
9.276000023,-7.114125219,30.84210526,2
9.284999847,-7.108114313,30.84210526,2
9.293999672,-7.103483088,30.84210526,2
9.30300045,-7.100975874,30.84210526,2
9.312000275,-7.101481067,30.84210526,2
9.321000099,-7.105946467,30.84210526,2
9.329999924,-7.115308665,30.84210526,2
9.338999748,-7.130415394,30.84210526,2
9.347999573,-7.151954023,30.84210526,2
9.357000351,-7.180399354,30.84210526,2
9.366000175,-7.215977678,30.84210526,2
9.375,-7.258647648,30.84210526,2
9.383999825,-7.308086496,30.84210526,2
9.392999649,-7.363731222,30.84210526,2
9.402000427,-7.424792988,30.84210526,2
9.411000252,-7.490331578,30.84210526,2
9.420000076,-7.559321655,30.84210526,2
9.428999901,-7.630738185,30.84210526,2
9.437999725,-7.703638288,30.84210526,2
9.44699955,-7.777263569,30.84210526,2
9.456000328,-7.851100547,30.84210526,2
9.465000153,-7.924951499,30.84210526,2
9.473999977,-7.998966136,30.84210526,2
9.482999802,-8.073646849,30.84210526,2
9.491999626,-8.149831964,30.84210526,2
9.501000404,-8.228639573,30.84210526,2
9.510000229,-8.311413792,30.84210526,2
9.519000053,-8.399623993,30.84210526,2
9.527999878,-8.494790691,30.84210526,2
9.536999702,-8.598387709,30.84210526,2
9.545999527,-8.711768624,30.84210526,2
9.555000305,-8.836093757,30.84210526,2
9.56400013,-8.972282465,30.84210526,2
9.572999954,-9.120974916,30.84210526,2
9.581999779,-9.282510457,30.84210526,2
9.590999603,-9.456940841,30.84210526,2
9.600000381,-9.64404105,30.84210526,2
9.609000206,-9.843356266,30.84210526,2
9.618000031,-10.05425079,30.84210526,2
9.626999855,-10.27599305,30.84210526,2
9.63599968,-10.5078321,30.84210526,2
9.645000458,-10.74910832,30.84210526,2
9.654000282,-10.99934259,30.84210526,2
9.663000107,-11.2583444,30.84210526,2
9.671999931,-11.52630512,30.84210526,2
9.680999756,-11.80384363,30.84210526,2
9.68999958,-12.09207886,30.84210526,2
9.699000359,-12.39260582,30.84210526,2
9.708000183,-12.70748372,30.84210526,2
9.717000008,-13.03916649,30.84210526,2
9.725999832,-13.39039487,30.84210526,2
9.734999657,-13.76405684,30.84210526,2
9.744000435,-14.1630076,30.84210526,2
9.753000259,-14.58982254,30.84210526,2
9.762000084,-15.04648657,30.84210526,2
9.770999908,-15.53396735,30.84210526,2
9.779999733,-16.05161114,30.84210526,2
9.788999557,-16.59633575,30.84210526,2
9.798000336,-17.16152628,30.84210526,2
9.80700016,-17.73568783,30.84210526,2
9.815999985,-18.30102602,30.84210526,2
9.824999809,-18.83253322,30.84210526,2
9.833999634,-19.29866984,30.84210526,2
9.843000412,-19.66493458,30.84210526,2
9.852000237,-19.90098027,30.84210526,2
9.861000061,-19.98943644,30.84210526,2
9.869999886,-19.93206467,30.84210526,2
9.87899971,-19.74934027,30.84210526,2
9.887999535,-19.47373119,30.84210526,2
9.897000313,-19.14086428,30.84210526,2
9.906000137,-18.78279062,30.84210526,2
9.914999962,-18.42475627,30.84210526,2
9.923999786,-18.08479437,30.84210526,2
9.932999611,-17.77471417,30.84210526,2
9.942000389,-17.50153535,30.84210526,2
9.951000214,-17.26881951,30.84210526,2
9.960000038,-17.0777062,30.84210526,2
9.968999863,-16.92770444,30.84210526,2
9.977999687,-16.81724458,30.84210526,2
9.987000465,-16.74406492,30.84210526,2
9.99600029,-16.70550533,30.84210526,2
10.00500011,-16.69869619,30.84210526,2
10.01399994,-16.72071439,30.84210526,2
10.02299976,-16.76870828,30.84210526,2
10.03199959,-16.83997303,30.84210526,2
10.04100037,-16.93199204,30.84210526,2
10.05000019,-17.04246494,30.84210526,2
10.05900002,-17.16925434,30.84210526,2
10.06799984,-17.31031531,30.84210526,2
10.07699966,-17.46356015,30.84210526,2
10.08600044,-17.62667031,30.84210526,2
10.09500027,-17.79688058,30.84210526,2
10.10400009,-17.97072991,30.84210526,2
10.11299992,-18.14383558,30.84210526,2
10.12199974,-18.31071275,30.84210526,2
10.13099957,-18.46471995,30.84210526,2
10.14000034,-18.59819275,30.84210526,2
10.14900017,-18.70283509,30.84210526,2
10.15799999,-18.77039312,30.84210526,2
10.16699982,-18.79355766,30.84210526,2
10.17599964,-18.76695413,30.84210526,2
10.18500042,-18.6879559,30.84210526,2
10.19400024,-18.557103,30.84210526,2
10.20300007,-18.37798463,30.84210526,2
10.21199989,-18.15659102,30.84210526,2
10.22099972,-17.90034511,30.84210526,2
10.22999954,-17.61707999,30.84210526,2
10.23900032,-17.31412927,30.84210526,2
10.24800014,-16.99773921,30.84210526,2
10.25699997,-16.67274175,30.84210526,2
10.26599979,-16.34251099,30.84210526,2
10.27499962,-16.00912269,30.84210526,2
10.2840004,-15.67363241,30.84210526,2
10.29300022,-15.33641553,30.84210526,2
10.30200005,-14.99754135,30.84210526,2
10.31099987,-14.65709632,30.84210526,2
10.31999969,-14.31546277,30.84210526,2
10.32900047,-13.97349053,30.84210526,2
10.3380003,-13.63258881,30.84210526,2
10.34700012,-13.29470858,30.84210526,2
10.35599995,-12.96224573,30.84210526,2
10.36499977,-12.63788932,30.84210526,2
10.3739996,-12.32443607,30.84210526,2
10.38300037,-12.02460226,30.84210526,2
10.3920002,-11.74084796,30.84210526,2
10.40100002,-11.47523212,30.84210526,2
10.40999985,-11.22928342,30.84210526,2
10.41899967,-11.00392219,30.84210526,2
10.42800045,-10.79939773,30.84210526,2
10.43700027,-10.61526813,30.84210526,2
10.4460001,-10.45039183,30.84210526,2
10.45499992,-10.30297102,30.84210526,2
10.46399975,-10.17061777,30.84210526,2
10.47299957,-10.05045593,30.84210526,2
10.48200035,-9.939279477,30.84210526,2
10.49100018,-9.833734869,30.84210526,2
10.5,-9.730562903,30.84210526,2
1.5,-0.464998183,30.84210526,3.2
1.508999944,-0.466800716,30.84210526,3.2
1.518000007,-0.470401628,30.84210526,3.2
1.52699995,-0.47586151,30.84210526,3.2
1.536000013,-0.483092728,30.84210526,3.2
1.544999957,-0.491869582,30.84210526,3.2
1.55400002,-0.501846129,30.84210526,3.2
1.562999964,-0.512592208,30.84210526,3.2
1.572000027,-0.523622382,30.84210526,3.2
1.58099997,-0.534444673,30.84210526,3.2
1.590000033,-0.544600141,30.84210526,3.2
1.598999977,-0.553704133,30.84210526,3.2
1.60800004,-0.561479112,30.84210526,3.2
1.616999984,-0.567781182,30.84210526,3.2
1.626000047,-0.572614182,30.84210526,3.2
1.63499999,-0.57612418,30.84210526,3.2
1.644000053,-0.578592291,30.84210526,3.2
1.652999997,-0.580405019,30.84210526,3.2
1.661999941,-0.582021461,30.84210526,3.2
1.671000004,-0.583931855,30.84210526,3.2
1.679999948,-0.586617897,30.84210526,3.2
1.68900001,-0.590509907,30.84210526,3.2
1.697999954,-0.595950711,30.84210526,3.2
1.707000017,-0.603170453,30.84210526,3.2
1.715999961,-0.612268952,30.84210526,3.2
1.725000024,-0.623204343,30.84210526,3.2
1.733999968,-0.635800187,30.84210526,3.2
1.743000031,-0.649760743,30.84210526,3.2
1.751999974,-0.664694772,30.84210526,3.2
1.761000037,-0.680155101,30.84210526,3.2
1.769999981,-0.695675141,30.84210526,3.2
1.779000044,-0.710817428,30.84210526,3.2
1.787999988,-0.725218496,30.84210526,3.2
1.797000051,-0.73862867,30.84210526,3.2
1.805999994,-0.750945597,30.84210526,3.2
1.815000057,-0.762233142,30.84210526,3.2
1.824000001,-0.772726425,30.84210526,3.2
1.832999945,-0.782825036,30.84210526,3.2
1.842000008,-0.793066815,30.84210526,3.2
1.850999951,-0.804092491,30.84210526,3.2
1.860000014,-0.816603503,30.84210526,3.2
1.868999958,-0.831310647,30.84210526,3.2
1.878000021,-0.848884568,30.84210526,3.2
1.886999965,-0.869912334,30.84210526,3.2
1.896000028,-0.894853999,30.84210526,3.2
1.904999971,-0.92401667,30.84210526,3.2
1.914000034,-0.957533731,30.84210526,3.2
1.922999978,-0.995365359,30.84210526,3.2
1.932000041,-1.037307659,30.84210526,3.2
1.940999985,-1.083024853,30.84210526,3.2
1.950000048,-1.13209993,30.84210526,3.2
1.958999991,-1.184094432,30.84210526,3.2
1.968000054,-1.238636961,30.84210526,3.2
1.976999998,-1.295507121,30.84210526,3.2
1.985999942,-1.354736148,30.84210526,3.2
1.995000005,-1.416697438,30.84210526,3.2
2.003999949,-1.482190181,30.84210526,3.2
2.013000011,-1.552511663,30.84210526,3.2
2.022000074,-1.629506682,30.84210526,3.2
2.030999899,-1.715603109,30.84210526,3.2
2.039999962,-1.81384,30.84210526,3.2
2.049000025,-1.927876631,30.84210526,3.2
2.058000088,-2.062024794,30.84210526,3.2
2.066999912,-2.221277964,30.84210526,3.2
2.075999975,-2.411378817,30.84210526,3.2
2.085000038,-2.638920451,30.84210526,3.2
2.094000101,-2.911497583,30.84210526,3.2
2.102999926,-3.237929627,30.84210526,3.2
2.111999989,-3.628580871,30.84210526,3.2
2.121000051,-4.095822379,30.84210526,3.2
2.130000114,-4.654720475,30.84210526,3.2
2.138999939,-5.32408079,30.84210526,3.2
2.148000002,-6.128122801,30.84210526,3.2
2.157000065,-7.099303414,30.84210526,3.2
2.165999889,-8.283291108,30.84210526,3.2
2.174999952,-9.748499791,30.84210526,3.2
2.184000015,-11.60576974,30.84210526,3.2
2.193000078,-14.05390564,30.84210526,3.2
2.201999903,-17.49807713,30.84210526,3.2
2.210999966,-22.80436001,30.84210526,3.2
2.220000029,-27.08950361,30.84210526,3.2
2.229000092,-21.11266528,30.84210526,3.2
2.237999916,-16.57758016,30.84210526,3.2
2.246999979,-13.58949193,30.84210526,3.2
2.256000042,-11.4358836,30.84210526,3.2
2.265000105,-9.790863131,30.84210526,3.2
2.273999929,-8.48788279,30.84210526,3.2
2.282999992,-7.431201007,30.84210526,3.2
2.292000055,-6.560662123,30.84210526,3.2
2.301000118,-5.835862203,30.84210526,3.2
2.309999943,-5.228236547,30.84210526,3.2
2.319000006,-4.716739698,30.84210526,3.2
2.328000069,-4.285334244,30.84210526,3.2
2.336999893,-3.921427077,30.84210526,3.2
2.345999956,-3.614858451,30.84210526,3.2
2.355000019,-3.357209701,30.84210526,3.2
2.364000082,-3.141324028,30.84210526,3.2
2.372999907,-2.960965611,30.84210526,3.2
2.381999969,-2.810580781,30.84210526,3.2
2.391000032,-2.685135717,30.84210526,3.2
2.400000095,-2.580016329,30.84210526,3.2
2.40899992,-2.490988918,30.84210526,3.2
2.417999983,-2.414196709,30.84210526,3.2
2.427000046,-2.34619834,30.84210526,3.2
2.436000109,-2.284017798,30.84210526,3.2
2.444999933,-2.225213213,30.84210526,3.2
2.453999996,-2.167915342,30.84210526,3.2
2.463000059,-2.110861438,30.84210526,3.2
2.471999884,-2.053393547,30.84210526,3.2
2.480999947,-1.995396706,30.84210526,3.2
2.49000001,-1.937237065,30.84210526,3.2
2.499000072,-1.879649622,30.84210526,3.2
2.507999897,-1.823623063,30.84210526,3.2
2.51699996,-1.770269557,30.84210526,3.2
2.526000023,-1.720720933,30.84210526,3.2
2.535000086,-1.676017761,30.84210526,3.2
2.54399991,-1.637023325,30.84210526,3.2
2.552999973,-1.604367277,30.84210526,3.2
2.562000036,-1.578390395,30.84210526,3.2
2.571000099,-1.559123827,30.84210526,3.2
2.579999924,-1.546278777,30.84210526,3.2
2.588999987,-1.539257641,30.84210526,3.2
2.59800005,-1.537183589,30.84210526,3.2
2.607000113,-1.538950934,30.84210526,3.2
2.615999937,-1.543288572,30.84210526,3.2
2.625,-1.548841867,30.84210526,3.2
2.634000063,-1.554263834,30.84210526,3.2
2.642999887,-1.558311203,30.84210526,3.2
2.65199995,-1.559937465,30.84210526,3.2
2.661000013,-1.558364778,30.84210526,3.2
2.670000076,-1.553143482,30.84210526,3.2
2.678999901,-1.544179608,30.84210526,3.2
2.687999964,-1.531729548,30.84210526,3.2
2.697000027,-1.51636897,30.84210526,3.2
2.70600009,-1.49893724,30.84210526,3.2
2.714999914,-1.480461253,30.84210526,3.2
2.723999977,-1.462068015,30.84210526,3.2
2.73300004,-1.444904443,30.84210526,3.2
2.742000103,-1.430044707,30.84210526,3.2
2.750999928,-1.418422849,30.84210526,3.2
2.75999999,-1.410767436,30.84210526,3.2
2.769000053,-1.407553936,30.84210526,3.2
2.778000116,-1.408973215,30.84210526,3.2
2.786999941,-1.414922221,30.84210526,3.2
2.796000004,-1.425003066,30.84210526,3.2
2.805000067,-1.438550881,30.84210526,3.2
2.813999891,-1.454671083,30.84210526,3.2
2.822999954,-1.472306633,30.84210526,3.2
2.832000017,-1.490307212,30.84210526,3.2
2.84100008,-1.507516441,30.84210526,3.2
2.849999905,-1.522858936,30.84210526,3.2
2.858999968,-1.535425511,30.84210526,3.2
2.868000031,-1.544546211,30.84210526,3.2
2.877000093,-1.549845594,30.84210526,3.2
2.885999918,-1.551269884,30.84210526,3.2
2.894999981,-1.549092476,30.84210526,3.2
2.904000044,-1.54388527,30.84210526,3.2
2.913000107,-1.536475658,30.84210526,3.2
2.921999931,-1.527878563,30.84210526,3.2
2.930999994,-1.519215772,30.84210526,3.2
2.940000057,-1.511641041,30.84210526,3.2
2.948999882,-1.506250466,30.84210526,3.2
2.957999945,-1.504010285,30.84210526,3.2
2.967000008,-1.505697994,30.84210526,3.2
2.976000071,-1.511841347,30.84210526,3.2
2.984999895,-1.522688393,30.84210526,3.2
2.993999958,-1.538195696,30.84210526,3.2
3.003000021,-1.558013161,30.84210526,3.2
3.012000084,-1.581520443,30.84210526,3.2
3.020999908,-1.607862282,30.84210526,3.2
3.029999971,-1.636006437,30.84210526,3.2
3.039000034,-1.664811275,30.84210526,3.2
3.048000097,-1.693126156,30.84210526,3.2
3.056999922,-1.719861171,30.84210526,3.2
3.065999985,-1.744093588,30.84210526,3.2
3.075000048,-1.765132996,30.84210526,3.2
3.084000111,-1.782586331,30.84210526,3.2
3.092999935,-1.796394052,30.84210526,3.2
3.101999998,-1.806837242,30.84210526,3.2
3.111000061,-1.814524984,30.84210526,3.2
3.119999886,-1.820354767,30.84210526,3.2
3.128999949,-1.825447245,30.84210526,3.2
3.138000011,-1.831062475,30.84210526,3.2
3.147000074,-1.838530404,30.84210526,3.2
3.155999899,-1.849151305,30.84210526,3.2
3.164999962,-1.864127093,30.84210526,3.2
3.174000025,-1.884474219,30.84210526,3.2
3.183000088,-1.910980255,30.84210526,3.2
3.191999912,-1.944150867,30.84210526,3.2
3.200999975,-1.984190759,30.84210526,3.2
3.210000038,-2.030992782,30.84210526,3.2
3.219000101,-2.084165753,30.84210526,3.2
3.227999926,-2.143049164,30.84210526,3.2
3.236999989,-2.2067887,30.84210526,3.2
3.246000051,-2.274396023,30.84210526,3.2
3.255000114,-2.344840048,30.84210526,3.2
3.263999939,-2.417137546,30.84210526,3.2
3.273000002,-2.490448613,30.84210526,3.2
3.282000065,-2.564176857,30.84210526,3.2
3.290999889,-2.638040785,30.84210526,3.2
3.299999952,-2.712149957,30.84210526,3.2
3.309000015,-2.787028857,30.84210526,3.2
3.318000078,-2.863641788,30.84210526,3.2
3.326999903,-2.943372772,30.84210526,3.2
3.335999966,-3.02798694,30.84210526,3.2
3.345000029,-3.119576253,30.84210526,3.2
3.354000092,-3.220475987,30.84210526,3.2
3.362999916,-3.33320293,30.84210526,3.2
3.371999979,-3.460360793,30.84210526,3.2
3.381000042,-3.60458391,30.84210526,3.2
3.390000105,-3.768462188,30.84210526,3.2
3.398999929,-3.954517561,30.84210526,3.2
3.407999992,-4.165168941,30.84210526,3.2
3.417000055,-4.402716562,30.84210526,3.2
3.426000118,-4.669364157,30.84210526,3.2
3.434999943,-4.96723573,30.84210526,3.2
3.444000006,-5.298412968,30.84210526,3.2
3.453000069,-5.664969777,30.84210526,3.2
3.461999893,-6.069022556,30.84210526,3.2
3.470999956,-6.512760826,30.84210526,3.2
3.480000019,-6.998457201,30.84210526,3.2
3.489000082,-7.528438879,30.84210526,3.2
3.497999907,-8.104969217,30.84210526,3.2
3.506999969,-8.729987928,30.84210526,3.2
3.516000032,-9.404580023,30.84210526,3.2
3.525000095,-10.12800254,30.84210526,3.2
3.53399992,-10.89590738,30.84210526,3.2
3.542999983,-11.69733133,30.84210526,3.2
3.552000046,-12.50990483,30.84210526,3.2
3.561000109,-13.29332041,30.84210526,3.2
3.569999933,-13.98335926,30.84210526,3.2
3.578999996,-14.49358508,30.84210526,3.2
3.588000059,-14.73556819,30.84210526,3.2
3.596999884,-14.65776662,30.84210526,3.2
3.605999947,-14.27576222,30.84210526,3.2
3.61500001,-13.66277323,30.84210526,3.2
3.624000072,-12.91086405,30.84210526,3.2
3.632999897,-12.0985132,30.84210526,3.2
3.64199996,-11.27954682,30.84210526,3.2
3.651000023,-10.48602237,30.84210526,3.2
3.660000086,-9.73496034,30.84210526,3.2
3.66899991,-9.034195133,30.84210526,3.2
3.677999973,-8.386331399,30.84210526,3.2
3.687000036,-7.791145379,30.84210526,3.2
3.696000099,-7.246934021,30.84210526,3.2
3.704999924,-6.751289584,30.84210526,3.2
3.713999987,-6.301472413,30.84210526,3.2
3.72300005,-5.894612966,30.84210526,3.2
3.732000113,-5.52779444,30.84210526,3.2
3.740999937,-5.198092312,30.84210526,3.2
3.75,-4.902566213,30.84210526,3.2
3.759000063,-4.638277284,30.84210526,3.2
3.767999887,-4.402271797,30.84210526,3.2
3.77699995,-4.191598781,30.84210526,3.2
3.786000013,-4.003317863,30.84210526,3.2
3.795000076,-3.834535434,30.84210526,3.2
3.803999901,-3.682435067,30.84210526,3.2
3.812999964,-3.544332578,30.84210526,3.2
3.822000027,-3.417709528,30.84210526,3.2
3.83100009,-3.300295556,30.84210526,3.2
3.839999914,-3.190091795,30.84210526,3.2
3.848999977,-3.085438575,30.84210526,3.2
3.85800004,-2.98503892,30.84210526,3.2
3.867000103,-2.887987129,30.84210526,3.2
3.875999928,-2.793762111,30.84210526,3.2
3.88499999,-2.702207787,30.84210526,3.2
3.894000053,-2.613505777,30.84210526,3.2
3.903000116,-2.528116072,30.84210526,3.2
3.911999941,-2.446694315,30.84210526,3.2
3.921000004,-2.370047078,30.84210526,3.2
3.930000067,-2.299030452,30.84210526,3.2
3.938999891,-2.234480177,30.84210526,3.2
3.947999954,-2.177151976,30.84210526,3.2
3.957000017,-2.127669698,30.84210526,3.2
3.96600008,-2.086466663,30.84210526,3.2
3.974999905,-2.053779297,30.84210526,3.2
3.983999968,-2.029609331,30.84210526,3.2
3.993000031,-2.013746871,30.84210526,3.2
4.001999855,-2.005767375,30.84210526,3.2
4.011000156,-2.005050889,30.84210526,3.2
4.019999981,-2.01082127,30.84210526,3.2
4.028999805,-2.022181102,30.84210526,3.2
4.038000107,-2.03815247,30.84210526,3.2
4.046999931,-2.057722656,30.84210526,3.2
4.056000233,-2.079898316,30.84210526,3.2
4.065000057,-2.103745028,30.84210526,3.2
4.073999882,-2.128434203,30.84210526,3.2
4.083000183,-2.153276975,30.84210526,3.2
4.092000008,-2.177747628,30.84210526,3.2
4.100999832,-2.2014994,30.84210526,3.2
4.110000134,-2.224354203,30.84210526,3.2
4.118999958,-2.246294437,30.84210526,3.2
4.127999783,-2.267431403,30.84210526,3.2
4.137000084,-2.287955776,30.84210526,3.2
4.145999908,-2.308101411,30.84210526,3.2
4.15500021,-2.328083348,30.84210526,3.2
4.164000034,-2.348053494,30.84210526,3.2
4.172999859,-2.368055776,30.84210526,3.2
4.18200016,-2.387991396,30.84210526,3.2
4.190999985,-2.407598239,30.84210526,3.2
4.199999809,-2.42644971,30.84210526,3.2
4.209000111,-2.443969497,30.84210526,3.2
4.217999935,-2.459469312,30.84210526,3.2
4.227000237,-2.472201305,30.84210526,3.2
4.236000061,-2.481431047,30.84210526,3.2
4.244999886,-2.486518129,30.84210526,3.2
4.254000187,-2.487011486,30.84210526,3.2
4.263000011,-2.482727192,30.84210526,3.2
4.271999836,-2.473833615,30.84210526,3.2
4.281000137,-2.460897662,30.84210526,3.2
4.289999962,-2.444909222,30.84210526,3.2
4.298999786,-2.427281868,30.84210526,3.2
4.308000088,-2.409811594,30.84210526,3.2
4.316999912,-2.394613134,30.84210526,3.2
4.326000214,-2.384041134,30.84210526,3.2
4.335000038,-2.380598575,30.84210526,3.2
4.343999863,-2.386854759,30.84210526,3.2
4.353000164,-2.405361595,30.84210526,3.2
4.361999989,-2.438589087,30.84210526,3.2
4.370999813,-2.488880206,30.84210526,3.2
4.380000114,-2.558415185,30.84210526,3.2
4.388999939,-2.64918226,30.84210526,3.2
4.397999763,-2.762964012,30.84210526,3.2
4.407000065,-2.901314137,30.84210526,3.2
4.415999889,-3.065510586,30.84210526,3.2
4.425000191,-3.256497407,30.84210526,3.2
4.434000015,-3.474780004,30.84210526,3.2
4.44299984,-3.720253972,30.84210526,3.2
4.452000141,-3.991973991,30.84210526,3.2
4.460999966,-4.287802969,30.84210526,3.2
4.46999979,-4.603968586,30.84210526,3.2
4.479000092,-4.934500714,30.84210526,3.2
4.487999916,-5.270612263,30.84210526,3.2
4.497000217,-5.60015709,30.84210526,3.2
4.506000042,-5.907424678,30.84210526,3.2
4.514999866,-6.173654754,30.84210526,3.2
4.524000168,-6.37869607,30.84210526,3.2
4.532999992,-6.503960443,30.84210526,3.2
4.541999817,-6.536172152,30.84210526,3.2
4.551000118,-6.470658285,30.84210526,3.2
4.559999943,-6.312691043,30.84210526,3.2
4.568999767,-6.076188879,30.84210526,3.2
4.578000069,-5.780422256,30.84210526,3.2
4.586999893,-5.446192528,30.84210526,3.2
4.596000195,-5.092787356,30.84210526,3.2
4.605000019,-4.736225777,30.84210526,3.2
4.613999844,-4.388703395,30.84210526,3.2
4.623000145,-4.058777729,30.84210526,3.2
4.631999969,-3.751930997,30.84210526,3.2
4.640999794,-3.47122708,30.84210526,3.2
4.650000095,-3.217912294,30.84210526,3.2
4.65899992,-2.991923838,30.84210526,3.2
4.668000221,-2.792293951,30.84210526,3.2
4.677000046,-2.617438061,30.84210526,3.2
4.68599987,-2.465386269,30.84210526,3.2
4.695000172,-2.333938339,30.84210526,3.2
4.703999996,-2.220792982,30.84210526,3.2
4.712999821,-2.123627365,30.84210526,3.2
4.722000122,-2.040178001,30.84210526,3.2
4.730999947,-1.968283819,30.84210526,3.2
4.739999771,-1.905941255,30.84210526,3.2
4.749000072,-1.851336097,30.84210526,3.2
4.757999897,-1.802871478,30.84210526,3.2
4.767000198,-1.759187938,30.84210526,3.2
4.776000023,-1.719179438,30.84210526,3.2
4.784999847,-1.681985516,30.84210526,3.2
4.794000149,-1.646985571,30.84210526,3.2
4.802999973,-1.613779539,30.84210526,3.2
4.811999798,-1.582155993,30.84210526,3.2
4.821000099,-1.552059865,30.84210526,3.2
4.829999924,-1.523546997,30.84210526,3.2
4.839000225,-1.496755386,30.84210526,3.2
4.84800005,-1.471855227,30.84210526,3.2
4.856999874,-1.449023905,30.84210526,3.2
4.866000175,-1.428411978,30.84210526,3.2
4.875,-1.41012587,30.84210526,3.2
4.883999825,-1.394213968,30.84210526,3.2
4.893000126,-1.380659814,30.84210526,3.2
4.90199995,-1.369382004,30.84210526,3.2
4.910999775,-1.360239407,30.84210526,3.2
4.920000076,-1.353043172,30.84210526,3.2
4.928999901,-1.347570313,30.84210526,3.2
4.938000202,-1.343579385,30.84210526,3.2
4.947000027,-1.340821707,30.84210526,3.2
4.955999851,-1.339066182,30.84210526,3.2
4.965000153,-1.338101552,30.84210526,3.2
4.973999977,-1.337754202,30.84210526,3.2
4.982999802,-1.337891796,30.84210526,3.2
4.992000103,-1.338428625,30.84210526,3.2
5.000999928,-1.339319973,30.84210526,3.2
5.010000229,-1.340559218,30.84210526,3.2
5.019000053,-1.342172977,30.84210526,3.2
5.027999878,-1.344209095,30.84210526,3.2
5.037000179,-1.346728458,30.84210526,3.2
5.046000004,-1.349792204,30.84210526,3.2
5.054999828,-1.353455281,30.84210526,3.2
5.06400013,-1.357757644,30.84210526,3.2
5.072999954,-1.36272367,30.84210526,3.2
5.081999779,-1.368355352,30.84210526,3.2
5.09100008,-1.374636692,30.84210526,3.2
5.099999905,-1.381536388,30.84210526,3.2
5.109000206,-1.389013567,30.84210526,3.2
5.118000031,-1.397025187,30.84210526,3.2
5.126999855,-1.405532214,30.84210526,3.2
5.136000156,-1.414511378,30.84210526,3.2
5.144999981,-1.423954548,30.84210526,3.2
5.153999805,-1.433881383,30.84210526,3.2
5.163000107,-1.444331897,30.84210526,3.2
5.171999931,-1.455375694,30.84210526,3.2
5.181000233,-1.467097295,30.84210526,3.2
5.190000057,-1.479601691,30.84210526,3.2
5.198999882,-1.492996328,30.84210526,3.2
5.208000183,-1.50738395,30.84210526,3.2
5.217000008,-1.522857684,30.84210526,3.2
5.225999832,-1.539481341,30.84210526,3.2
5.235000134,-1.557289239,30.84210526,3.2
5.243999958,-1.576277725,30.84210526,3.2
5.252999783,-1.596398631,30.84210526,3.2
5.262000084,-1.61756776,30.84210526,3.2
5.270999908,-1.639660868,30.84210526,3.2
5.28000021,-1.662527277,30.84210526,3.2
5.289000034,-1.686002809,30.84210526,3.2
5.297999859,-1.709925587,30.84210526,3.2
5.30700016,-1.734149613,30.84210526,3.2
5.315999985,-1.758566217,30.84210526,3.2
5.324999809,-1.783117816,30.84210526,3.2
5.334000111,-1.807818903,30.84210526,3.2
5.342999935,-1.832758834,30.84210526,3.2
5.352000237,-1.858109373,30.84210526,3.2
5.361000061,-1.884124938,30.84210526,3.2
5.369999886,-1.911132877,30.84210526,3.2
5.379000187,-1.939522758,30.84210526,3.2
5.388000011,-1.969724185,30.84210526,3.2
5.396999836,-2.002187255,30.84210526,3.2
5.406000137,-2.037352555,30.84210526,3.2
5.414999962,-2.075627868,30.84210526,3.2
5.423999786,-2.117358954,30.84210526,3.2
5.433000088,-2.16280528,30.84210526,3.2
5.441999912,-2.212127803,30.84210526,3.2
5.451000214,-2.265366402,30.84210526,3.2
5.460000038,-2.322443811,30.84210526,3.2
5.468999863,-2.38316667,30.84210526,3.2
5.478000164,-2.447244323,30.84210526,3.2
5.486999989,-2.514315496,30.84210526,3.2
5.495999813,-2.583988642,30.84210526,3.2
5.505000114,-2.655896549,30.84210526,3.2
5.513999939,-2.729744512,30.84210526,3.2
5.522999763,-2.805378179,30.84210526,3.2
5.532000065,-2.882846966,30.84210526,3.2
5.540999889,-2.962454443,30.84210526,3.2
5.550000191,-3.044812798,30.84210526,3.2
5.559000015,-3.130871585,30.84210526,3.2
5.56799984,-3.22193938,30.84210526,3.2
5.577000141,-3.319688874,30.84210526,3.2
5.585999966,-3.426133142,30.84210526,3.2
5.59499979,-3.543609186,30.84210526,3.2
5.604000092,-3.674725192,30.84210526,3.2
5.612999916,-3.822316537,30.84210526,3.2
5.622000217,-3.989381774,30.84210526,3.2
5.631000042,-4.179012972,30.84210526,3.2
5.639999866,-4.394323714,30.84210526,3.2
5.649000168,-4.638356082,30.84210526,3.2
5.657999992,-4.913980614,30.84210526,3.2
5.666999817,-5.223772606,30.84210526,3.2
5.676000118,-5.569851847,30.84210526,3.2
5.684999943,-5.953684317,30.84210526,3.2
5.693999767,-6.375821873,30.84210526,3.2
5.703000069,-6.835540753,30.84210526,3.2
5.711999893,-7.330377731,30.84210526,3.2
5.721000195,-7.855503673,30.84210526,3.2
5.730000019,-8.402960335,30.84210526,3.2
5.738999844,-8.960802174,30.84210526,3.2
5.748000145,-9.512345368,30.84210526,3.2
5.756999969,-10.03590432,30.84210526,3.2
5.765999794,-10.50570195,30.84210526,3.2
5.775000095,-10.89458335,30.84210526,3.2
5.78399992,-11.17870959,30.84210526,3.2
5.793000221,-11.34312476,30.84210526,3.2
5.802000046,-11.38588303,30.84210526,3.2
5.81099987,-11.3185179,30.84210526,3.2
5.820000172,-11.16262919,30.84210526,3.2
5.828999996,-10.94447568,30.84210526,3.2
5.837999821,-10.68999727,30.84210526,3.2
5.847000122,-10.42171308,30.84210526,3.2
5.855999947,-10.15751434,30.84210526,3.2
5.864999771,-9.910772584,30.84210526,3.2
5.874000072,-9.691030975,30.84210526,3.2
5.882999897,-9.50487876,30.84210526,3.2
5.892000198,-9.356710539,30.84210526,3.2
5.901000023,-9.249349231,30.84210526,3.2
5.909999847,-9.184486223,30.84210526,3.2
5.919000149,-9.163001004,30.84210526,3.2
5.927999973,-9.185157975,30.84210526,3.2
5.936999798,-9.250737092,30.84210526,3.2
5.946000099,-9.359118568,30.84210526,3.2
5.954999924,-9.509326243,30.84210526,3.2
5.964000225,-9.700081723,30.84210526,3.2
5.97300005,-9.929811701,30.84210526,3.2
5.981999874,-10.19670471,30.84210526,3.2
5.991000175,-10.49874305,30.84210526,3.2
6,-10.83375832,30.84210526,3.2
6.008999825,-11.19949177,30.84210526,3.2
6.018000126,-11.59367224,30.84210526,3.2
6.02699995,-12.01410648,30.84210526,3.2
6.035999775,-12.45875064,30.84210526,3.2
6.045000076,-12.92579424,30.84210526,3.2
6.053999901,-13.41373718,30.84210526,3.2
6.063000202,-13.92140593,30.84210526,3.2
6.072000027,-14.44794495,30.84210526,3.2
6.080999851,-14.99272287,30.84210526,3.2
6.090000153,-15.55513675,30.84210526,3.2
6.098999977,-16.1342894,30.84210526,3.2
6.107999802,-16.72846828,30.84210526,3.2
6.117000103,-17.33441313,30.84210526,3.2
6.125999928,-17.94632541,30.84210526,3.2
6.135000229,-18.55458624,30.84210526,3.2
6.144000053,-19.1443966,30.84210526,3.2
6.152999878,-19.69462979,30.84210526,3.2
6.162000179,-20.17776971,30.84210526,3.2
6.171000004,-20.56207797,30.84210526,3.2
6.179999828,-20.81684327,30.84210526,3.2
6.18900013,-20.92011823,30.84210526,3.2
6.197999954,-20.86572291,30.84210526,3.2
6.206999779,-20.66560162,30.84210526,3.2
6.21600008,-20.34594958,30.84210526,3.2
6.224999905,-19.9395571,30.84210526,3.2
6.234000206,-19.47852638,30.84210526,3.2
6.243000031,-18.98981626,30.84210526,3.2
6.251999855,-18.49372597,30.84210526,3.2
6.261000156,-18.00426922,30.84210526,3.2
6.269999981,-17.5303527,30.84210526,3.2
6.278999805,-17.07706666,30.84210526,3.2
6.288000107,-16.64679847,30.84210526,3.2
6.296999931,-16.24009785,30.84210526,3.2
6.306000233,-15.85630105,30.84210526,3.2
6.315000057,-15.4939891,30.84210526,3.2
6.323999882,-15.15129603,30.84210526,3.2
6.333000183,-14.82613788,30.84210526,3.2
6.342000008,-14.51638864,30.84210526,3.2
6.350999832,-14.21998627,30.84210526,3.2
6.360000134,-13.9350345,30.84210526,3.2
6.368999958,-13.65986705,30.84210526,3.2
6.377999783,-13.39308362,30.84210526,3.2
6.387000084,-13.13357433,30.84210526,3.2
6.395999908,-12.88053573,30.84210526,3.2
6.40500021,-12.63344532,30.84210526,3.2
6.414000034,-12.39204096,30.84210526,3.2
6.422999859,-12.15628717,30.84210526,3.2
6.43200016,-11.92632852,30.84210526,3.2
6.440999985,-11.70243506,30.84210526,3.2
6.449999809,-11.48495452,30.84210526,3.2
6.459000111,-11.27426976,30.84210526,3.2
6.467999935,-11.07073896,30.84210526,3.2
6.477000237,-10.87466433,30.84210526,3.2
6.486000061,-10.68624857,30.84210526,3.2
6.494999886,-10.50557045,30.84210526,3.2
6.504000187,-10.33257179,30.84210526,3.2
6.513000011,-10.16703045,30.84210526,3.2
6.521999836,-10.00856048,30.84210526,3.2
6.531000137,-9.856623678,30.84210526,3.2
6.539999962,-9.710542777,30.84210526,3.2
6.548999786,-9.569511192,30.84210526,3.2
6.558000088,-9.432645099,30.84210526,3.2
6.566999912,-9.299000641,30.84210526,3.2
6.576000214,-9.167640279,30.84210526,3.2
6.585000038,-9.037661274,30.84210526,3.2
6.593999863,-8.908251857,30.84210526,3.2
6.603000164,-8.778735739,30.84210526,3.2
6.611999989,-8.648602635,30.84210526,3.2
6.620999813,-8.517546262,30.84210526,3.2
6.630000114,-8.385464305,30.84210526,3.2
6.638999939,-8.252473072,30.84210526,3.2
6.647999763,-8.118888052,30.84210526,3.2
6.657000065,-7.985197207,30.84210526,3.2
6.665999889,-7.85203312,30.84210526,3.2
6.675000191,-7.72011921,30.84210526,3.2
6.684000015,-7.590225629,30.84210526,3.2
6.69299984,-7.463125479,30.84210526,3.2
6.702000141,-7.339540342,30.84210526,3.2
6.710999966,-7.220107454,30.84210526,3.2
6.71999979,-7.105336091,30.84210526,3.2
6.729000092,-6.995587704,30.84210526,3.2
6.737999916,-6.891071276,30.84210526,3.2
6.747000217,-6.791817828,30.84210526,3.2
6.756000042,-6.697700419,30.84210526,3.2
6.764999866,-6.60844762,30.84210526,3.2
6.774000168,-6.523659741,30.84210526,3.2
6.782999992,-6.442852511,30.84210526,3.2
6.791999817,-6.365477616,30.84210526,3.2
6.801000118,-6.29097269,30.84210526,3.2
6.809999943,-6.218801468,30.84210526,3.2
6.818999767,-6.148475753,30.84210526,3.2
6.828000069,-6.079609324,30.84210526,3.2
6.836999893,-6.011927826,30.84210526,3.2
6.846000195,-5.945292435,30.84210526,3.2
6.855000019,-5.879699749,30.84210526,3.2
6.863999844,-5.815288199,30.84210526,3.2
6.873000145,-5.752315835,30.84210526,3.2
6.881999969,-5.691137606,30.84210526,3.2
6.890999794,-5.632175399,30.84210526,3.2
6.900000095,-5.575883065,30.84210526,3.2
6.90899992,-5.522714575,30.84210526,3.2
6.918000221,-5.473080699,30.84210526,3.2
6.927000046,-5.427318335,30.84210526,3.2
6.93599987,-5.385667349,30.84210526,3.2
6.945000172,-5.348243337,30.84210526,3.2
6.953999996,-5.315026635,30.84210526,3.2
6.962999821,-5.285865078,30.84210526,3.2
6.972000122,-5.260464408,30.84210526,3.2
6.980999947,-5.23840911,30.84210526,3.2
6.989999771,-5.219178361,30.84210526,3.2
6.999000072,-5.202176859,30.84210526,3.2
7.007999897,-5.186759187,30.84210526,3.2
7.017000198,-5.172275432,30.84210526,3.2
7.026000023,-5.158093764,30.84210526,3.2
7.034999847,-5.143656616,30.84210526,3.2
7.044000149,-5.128501817,30.84210526,3.2
7.052999973,-5.112293954,30.84210526,3.2
7.061999798,-5.094854056,30.84210526,3.2
7.071000099,-5.076159588,30.84210526,3.2
7.079999924,-5.0563601,30.84210526,3.2
7.089000225,-5.035757767,30.84210526,3.2
7.09800005,-5.014798548,30.84210526,3.2
7.106999874,-4.994039636,30.84210526,3.2
7.116000175,-4.974121048,30.84210526,3.2
7.125,-4.955735234,30.84210526,3.2
7.133999825,-4.939586783,30.84210526,3.2
7.143000126,-4.926363848,30.84210526,3.2
7.15199995,-4.916707859,30.84210526,3.2
7.160999775,-4.911197708,30.84210526,3.2
7.170000076,-4.910333431,30.84210526,3.2
7.178999901,-4.914522692,30.84210526,3.2
7.188000202,-4.924088162,30.84210526,3.2
7.197000027,-4.939269076,30.84210526,3.2
7.205999851,-4.96023708,30.84210526,3.2
7.215000153,-4.987107848,30.84210526,3.2
7.223999977,-5.019964332,30.84210526,3.2
7.232999802,-5.058882798,30.84210526,3.2
7.242000103,-5.103948946,30.84210526,3.2
7.250999928,-5.155285193,30.84210526,3.2
7.260000229,-5.213080716,30.84210526,3.2
7.269000053,-5.277599487,30.84210526,3.2
7.277999878,-5.349207791,30.84210526,3.2
7.287000179,-5.428382992,30.84210526,3.2
7.296000004,-5.515723941,30.84210526,3.2
7.304999828,-5.611957401,30.84210526,3.2
7.31400013,-5.717936117,30.84210526,3.2
7.322999954,-5.834641484,30.84210526,3.2
7.331999779,-5.96317624,30.84210526,3.2
7.34100008,-6.104755841,30.84210526,3.2
7.349999905,-6.260706357,30.84210526,3.2
7.359000206,-6.432452758,30.84210526,3.2
7.368000031,-6.621514045,30.84210526,3.2
7.376999855,-6.829499688,30.84210526,3.2
7.386000156,-7.058101494,30.84210526,3.2
7.394999981,-7.309091228,30.84210526,3.2
7.403999805,-7.584320069,30.84210526,3.2
7.413000107,-7.885704422,30.84210526,3.2
7.421999931,-8.215220756,30.84210526,3.2
7.431000233,-8.574880369,30.84210526,3.2
7.440000057,-8.966692693,30.84210526,3.2
7.448999882,-9.392593674,30.84210526,3.2
7.458000183,-9.854332811,30.84210526,3.2
7.467000008,-10.35327637,30.84210526,3.2
7.475999832,-10.89008924,30.84210526,3.2
7.485000134,-11.46421832,30.84210526,3.2
7.493999958,-12.07307215,30.84210526,3.2
7.502999783,-12.7107624,30.84210526,3.2
7.512000084,-13.36626063,30.84210526,3.2
7.520999908,-14.02094769,30.84210526,3.2
7.53000021,-14.64593075,30.84210526,3.2
7.539000034,-15.20044475,30.84210526,3.2
7.547999859,-15.63399894,30.84210526,3.2
7.55700016,-15.89533555,30.84210526,3.2
7.565999985,-15.94796267,30.84210526,3.2
7.574999809,-15.7848233,30.84210526,3.2
7.584000111,-15.43141156,30.84210526,3.2
7.592999935,-14.93469948,30.84210526,3.2
7.602000237,-14.34670039,30.84210526,3.2
7.611000061,-13.71244278,30.84210526,3.2
7.619999886,-13.06536485,30.84210526,3.2
7.629000187,-12.42780322,30.84210526,3.2
7.638000011,-11.8134532,30.84210526,3.2
7.646999836,-11.23000622,30.84210526,3.2
7.656000137,-10.68123256,30.84210526,3.2
7.664999962,-10.16847476,30.84210526,3.2
7.673999786,-9.69159853,30.84210526,3.2
7.683000088,-9.24961265,30.84210526,3.2
7.691999912,-8.841050721,30.84210526,3.2
7.701000214,-8.464196388,30.84210526,3.2
7.710000038,-8.117217504,30.84210526,3.2
7.718999863,-7.798245974,30.84210526,3.2
7.728000164,-7.505417591,30.84210526,3.2
7.736999989,-7.236904586,30.84210526,3.2
7.745999813,-6.99092391,30.84210526,3.2
7.755000114,-6.76573959,30.84210526,3.2
7.763999939,-6.559687309,30.84210526,3.2
7.772999763,-6.371157342,30.84210526,3.2
7.782000065,-6.1986209,30.84210526,3.2
7.790999889,-6.040625422,30.84210526,3.2
7.800000191,-5.89581522,30.84210526,3.2
7.809000015,-5.762928325,30.84210526,3.2
7.81799984,-5.640816261,30.84210526,3.2
7.827000141,-5.528447465,30.84210526,3.2
7.835999966,-5.424916127,30.84210526,3.2
7.84499979,-5.329446742,30.84210526,3.2
7.854000092,-5.241391026,30.84210526,3.2
7.862999916,-5.160233884,30.84210526,3.2
7.872000217,-5.085576609,30.84210526,3.2
7.881000042,-5.017132415,30.84210526,3.2
7.889999866,-4.954709594,30.84210526,3.2
7.899000168,-4.898198444,30.84210526,3.2
7.907999992,-4.847545884,30.84210526,3.2
7.916999817,-4.802739852,30.84210526,3.2
7.926000118,-4.763787722,30.84210526,3.2
7.934999943,-4.730701903,30.84210526,3.2
7.943999767,-4.703475933,30.84210526,3.2
7.953000069,-4.682077306,30.84210526,3.2
7.961999893,-4.666432508,30.84210526,3.2
7.971000195,-4.656425227,30.84210526,3.2
7.980000019,-4.651886842,30.84210526,3.2
7.988999844,-4.652607087,30.84210526,3.2
7.998000145,-4.658329967,30.84210526,3.2
8.006999969,-4.66877115,30.84210526,3.2
8.015999794,-4.683623279,30.84210526,3.2
8.024999619,-4.702575144,30.84210526,3.2
8.034000397,-4.725328172,30.84210526,3.2
8.043000221,-4.751608294,30.84210526,3.2
8.052000046,-4.781189268,30.84210526,3.2
8.06099987,-4.813898352,30.84210526,3.2
8.069999695,-4.84963816,30.84210526,3.2
8.079000473,-4.888386706,30.84210526,3.2
8.088000298,-4.930203662,30.84210526,3.2
8.097000122,-4.975228415,30.84210526,3.2
8.105999947,-5.023674024,30.84210526,3.2
8.114999771,-5.075814609,30.84210526,3.2
8.123999596,-5.131972427,30.84210526,3.2
8.133000374,-5.192501,30.84210526,3.2
8.142000198,-5.257762759,30.84210526,3.2
8.151000023,-5.328110167,30.84210526,3.2
8.159999847,-5.403868471,30.84210526,3.2
8.168999672,-5.485313046,30.84210526,3.2
8.17800045,-5.572661672,30.84210526,3.2
8.187000275,-5.666055877,30.84210526,3.2
8.196000099,-5.765557637,30.84210526,3.2
8.204999924,-5.871149151,30.84210526,3.2
8.213999748,-5.98272961,30.84210526,3.2
8.222999573,-6.100128956,30.84210526,3.2
8.232000351,-6.223119642,30.84210526,3.2
8.241000175,-6.351432348,30.84210526,3.2
8.25,-6.484779367,30.84210526,3.2
8.258999825,-6.622878884,30.84210526,3.2
8.267999649,-6.765476214,30.84210526,3.2
8.277000427,-6.912368166,30.84210526,3.2
8.286000252,-7.063428654,30.84210526,3.2
8.295000076,-7.21861332,30.84210526,3.2
8.303999901,-7.377973267,30.84210526,3.2
8.312999725,-7.541650098,30.84210526,3.2
8.32199955,-7.709869342,30.84210526,3.2
8.331000328,-7.882918825,30.84210526,3.2
8.340000153,-8.061119858,30.84210526,3.2
8.348999977,-8.244792575,30.84210526,3.2
8.357999802,-8.434213848,30.84210526,3.2
8.366999626,-8.629574245,30.84210526,3.2
8.376000404,-8.830932472,30.84210526,3.2
8.385000229,-9.038170548,30.84210526,3.2
8.394000053,-9.250953973,30.84210526,3.2
8.402999878,-9.468701574,30.84210526,3.2
8.411999702,-9.690558473,30.84210526,3.2
8.420999527,-9.915391058,30.84210526,3.2
8.430000305,-10.14178791,30.84210526,3.2
8.43900013,-10.36807866,30.84210526,3.2
8.447999954,-10.59237261,30.84210526,3.2
8.456999779,-10.81261131,30.84210526,3.2
8.465999603,-11.02662664,30.84210526,3.2
8.475000381,-11.23220696,30.84210526,3.2
8.484000206,-11.42716823,30.84210526,3.2
8.493000031,-11.60939548,30.84210526,3.2
8.501999855,-11.77689613,30.84210526,3.2
8.51099968,-11.9277962,30.84210526,3.2
8.520000458,-12.06034677,30.84210526,3.2
8.529000282,-12.17289494,30.84210526,3.2
8.538000107,-12.26385983,30.84210526,3.2
8.546999931,-12.33171215,30.84210526,3.2
8.555999756,-12.37499031,30.84210526,3.2
8.56499958,-12.39233967,30.84210526,3.2
8.574000359,-12.38260761,30.84210526,3.2
8.583000183,-12.3449646,30.84210526,3.2
8.592000008,-12.27905063,30.84210526,3.2
8.600999832,-12.1851191,30.84210526,3.2
8.609999657,-12.06414011,30.84210526,3.2
8.619000435,-11.91785349,30.84210526,3.2
8.628000259,-11.74873923,30.84210526,3.2
8.637000084,-11.55992609,30.84210526,3.2
8.645999908,-11.35502572,30.84210526,3.2
8.654999733,-11.13794399,30.84210526,3.2
8.663999557,-10.91267735,30.84210526,3.2
8.673000336,-10.68312239,30.84210526,3.2
8.68200016,-10.45292263,30.84210526,3.2
8.690999985,-10.22535462,30.84210526,3.2
8.699999809,-10.00324869,30.84210526,3.2
8.708999634,-9.788961096,30.84210526,3.2
8.718000412,-9.584360363,30.84210526,3.2
8.727000237,-9.390851667,30.84210526,3.2
8.736000061,-9.209401755,30.84210526,3.2
8.744999886,-9.040584059,30.84210526,3.2
8.75399971,-8.884627748,30.84210526,3.2
8.762999535,-8.741464313,30.84210526,3.2
8.772000313,-8.610780983,30.84210526,3.2
8.781000137,-8.49206721,30.84210526,3.2
8.789999962,-8.384668113,30.84210526,3.2
8.798999786,-8.287832492,30.84210526,3.2
8.807999611,-8.200758096,30.84210526,3.2
8.817000389,-8.122642007,30.84210526,3.2
8.826000214,-8.052715112,30.84210526,3.2
8.835000038,-7.99028766,30.84210526,3.2
8.843999863,-7.934777444,30.84210526,3.2
8.852999687,-7.885736075,30.84210526,3.2
8.862000465,-7.842861743,30.84210526,3.2
8.87100029,-7.806010402,30.84210526,3.2
8.880000114,-7.775189287,30.84210526,3.2
8.888999939,-7.750546714,30.84210526,3.2
8.897999763,-7.732352559,30.84210526,3.2
8.906999588,-7.720969887,30.84210526,3.2
8.916000366,-7.716826387,30.84210526,3.2
8.925000191,-7.7203832,30.84210526,3.2
8.934000015,-7.73209704,30.84210526,3.2
8.94299984,-7.752392421,30.84210526,3.2
8.951999664,-7.781634673,30.84210526,3.2
8.961000443,-7.820101448,30.84210526,3.2
8.970000267,-7.867967823,30.84210526,3.2
8.979000092,-7.925297254,30.84210526,3.2
8.987999916,-7.992026327,30.84210526,3.2
8.996999741,-8.067983652,30.84210526,3.2
9.005999565,-8.1528847,30.84210526,3.2
9.015000343,-8.246364589,30.84210526,3.2
9.024000168,-8.34799393,30.84210526,3.2
9.032999992,-8.457321332,30.84210526,3.2
9.041999817,-8.573907265,30.84210526,3.2
9.050999641,-8.697365453,30.84210526,3.2
9.06000042,-8.82740843,30.84210526,3.2
9.069000244,-8.963883878,30.84210526,3.2
9.078000069,-9.10681444,30.84210526,3.2
9.086999893,-9.25641807,30.84210526,3.2
9.095999718,-9.413127049,30.84210526,3.2
9.104999542,-9.577587511,30.84210526,3.2
9.11400032,-9.750654006,30.84210526,3.2
9.123000145,-9.933372064,30.84210526,3.2
9.131999969,-10.12693469,30.84210526,3.2
9.140999794,-10.33266619,30.84210526,3.2
9.149999619,-10.55196198,30.84210526,3.2
9.159000397,-10.78625184,30.84210526,3.2
9.168000221,-11.03695414,30.84210526,3.2
9.177000046,-11.30543867,30.84210526,3.2
9.18599987,-11.59298705,30.84210526,3.2
9.194999695,-11.90076932,30.84210526,3.2
9.204000473,-12.2298196,30.84210526,3.2
9.213000298,-12.58102945,30.84210526,3.2
9.222000122,-12.95514985,30.84210526,3.2
9.230999947,-13.35280863,30.84210526,3.2
9.239999771,-13.77454208,30.84210526,3.2
9.248999596,-14.22085218,30.84210526,3.2
9.258000374,-14.69226808,30.84210526,3.2
9.267000198,-15.18944555,30.84210526,3.2
9.276000023,-15.71328577,30.84210526,3.2
9.284999847,-16.26506619,30.84210526,3.2
9.293999672,-16.84661598,30.84210526,3.2
9.30300045,-17.46050291,30.84210526,3.2
9.312000275,-18.11025613,30.84210526,3.2
9.321000099,-18.8006157,30.84210526,3.2
9.329999924,-19.53786155,30.84210526,3.2
9.338999748,-20.33017608,30.84210526,3.2
9.347999573,-21.18819082,30.84210526,3.2
9.357000351,-22.12569546,30.84210526,3.2
9.366000175,-23.16072413,30.84210526,3.2
9.375,-24.31720602,30.84210526,3.2
9.383999825,-25.6275586,30.84210526,3.2
9.392999649,-27.13684963,30.84210526,3.2
9.402000427,-28.90908621,30.84210526,3.2
9.411000252,-31.03435916,30.84210526,3.2
9.420000076,-33.61968024,30.84210526,3.2
9.428999901,-36.63305391,30.84210526,3.2
9.437999725,-38.991259,30.84210526,3.2
9.44699955,-38.23637381,30.84210526,3.2
9.456000328,-35.59648932,30.84210526,3.2
9.465000153,-33.11568124,30.84210526,3.2
9.473999977,-31.12705217,30.84210526,3.2
9.482999802,-29.54782387,30.84210526,3.2
9.491999626,-28.27662309,30.84210526,3.2
9.501000404,-27.23842995,30.84210526,3.2
9.510000229,-26.38024771,30.84210526,3.2
9.519000053,-25.66385792,30.84210526,3.2
9.527999878,-25.06062409,30.84210526,3.2
9.536999702,-24.54822531,30.84210526,3.2
9.545999527,-24.10862371,30.84210526,3.2
9.555000305,-23.72683052,30.84210526,3.2
9.56400013,-23.39021375,30.84210526,3.2
9.572999954,-23.08811583,30.84210526,3.2
9.581999779,-22.81172021,30.84210526,3.2
9.590999603,-22.55402918,30.84210526,3.2
9.600000381,-22.30986988,30.84210526,3.2
9.609000206,-22.0758893,30.84210526,3.2
9.618000031,-21.85045122,30.84210526,3.2
9.626999855,-21.63345382,30.84210526,3.2
9.63599968,-21.42605088,30.84210526,3.2
9.645000458,-21.23031122,30.84210526,3.2
9.654000282,-21.0488771,30.84210526,3.2
9.663000107,-20.88461875,30.84210526,3.2
9.671999931,-20.74035392,30.84210526,3.2
9.680999756,-20.61862232,30.84210526,3.2
9.68999958,-20.52151016,30.84210526,3.2
9.699000359,-20.45054082,30.84210526,3.2
9.708000183,-20.40659653,30.84210526,3.2
9.717000008,-20.38986826,30.84210526,3.2
9.725999832,-20.39983744,30.84210526,3.2
9.734999657,-20.43527067,30.84210526,3.2
9.744000435,-20.49423207,30.84210526,3.2
9.753000259,-20.57412911,30.84210526,3.2
9.762000084,-20.67179911,30.84210526,3.2
9.770999908,-20.78363523,30.84210526,3.2
9.779999733,-20.90578532,30.84210526,3.2
9.788999557,-21.03440082,30.84210526,3.2
9.798000336,-21.16595355,30.84210526,3.2
9.80700016,-21.29755105,30.84210526,3.2
9.815999985,-21.42725876,30.84210526,3.2
9.824999809,-21.55436323,30.84210526,3.2
9.833999634,-21.67949444,30.84210526,3.2
9.843000412,-21.80465671,30.84210526,3.2
9.852000237,-21.93308621,30.84210526,3.2
9.861000061,-22.06904493,30.84210526,3.2
9.869999886,-22.21751896,30.84210526,3.2
9.87899971,-22.38391195,30.84210526,3.2
9.887999535,-22.57374469,30.84210526,3.2
9.897000313,-22.79245116,30.84210526,3.2
9.906000137,-23.04517729,30.84210526,3.2
9.914999962,-23.33665213,30.84210526,3.2
9.923999786,-23.67110375,30.84210526,3.2
9.932999611,-24.0521848,30.84210526,3.2
9.942000389,-24.48292821,30.84210526,3.2
9.951000214,-24.96566508,30.84210526,3.2
9.960000038,-25.50191173,30.84210526,3.2
9.968999863,-26.09223703,30.84210526,3.2
9.977999687,-26.73606427,30.84210526,3.2
9.987000465,-27.43135133,30.84210526,3.2
9.99600029,-28.17418459,30.84210526,3.2
10.00500011,-28.95818185,30.84210526,3.2
10.01399994,-29.77351601,30.84210526,3.2
10.02299976,-30.60547683,30.84210526,3.2
10.03199959,-31.43225175,30.84210526,3.2
10.04100037,-32.22169971,30.84210526,3.2
10.05000019,-32.92771347,30.84210526,3.2
10.05900002,-33.48859545,30.84210526,3.2
10.06799984,-33.83250091,30.84210526,3.2
10.07699966,-33.89573569,30.84210526,3.2
10.08600044,-33.6495024,30.84210526,3.2
10.09500027,-33.11666493,30.84210526,3.2
10.10400009,-32.36217214,30.84210526,3.2
10.11299992,-31.46598731,30.84210526,3.2
10.12199974,-30.49973546,30.84210526,3.2
10.13099957,-29.51694035,30.84210526,3.2
10.14000034,-28.55328017,30.84210526,3.2
10.14900017,-27.63070458,30.84210526,3.2
10.15799999,-26.76168583,30.84210526,3.2
10.16699982,-25.95247479,30.84210526,3.2
10.17599964,-25.20528753,30.84210526,3.2
10.18500042,-24.51967626,30.84210526,3.2
10.19400024,-23.89339279,30.84210526,3.2
10.20300007,-23.32286042,30.84210526,3.2
10.21199989,-22.80346047,30.84210526,3.2
10.22099972,-22.32975857,30.84210526,3.2
10.22999954,-21.89559085,30.84210526,3.2
10.23900032,-21.49425168,30.84210526,3.2
10.24800014,-21.11861544,30.84210526,3.2
10.25699997,-20.76142398,30.84210526,3.2
10.26599979,-20.41558269,30.84210526,3.2
10.27499962,-20.0745543,30.84210526,3.2
10.2840004,-19.73278488,30.84210526,3.2
10.29300022,-19.3860927,30.84210526,3.2
10.30200005,-19.03195145,30.84210526,3.2
10.31099987,-18.66961975,30.84210526,3.2
10.31999969,-18.30007639,30.84210526,3.2
10.32900047,-17.92575943,30.84210526,3.2
10.3380003,-17.55018393,30.84210526,3.2
10.34700012,-17.17747381,30.84210526,3.2
10.35599995,-16.81193375,30.84210526,3.2
10.36499977,-16.45764736,30.84210526,3.2
10.3739996,-16.1181823,30.84210526,3.2
10.38300037,-15.79637972,30.84210526,3.2
10.3920002,-15.49424058,30.84210526,3.2
10.40100002,-15.21285133,30.84210526,3.2
10.40999985,-14.95239551,30.84210526,3.2
10.41899967,-14.7121697,30.84210526,3.2
10.42800045,-14.49065689,30.84210526,3.2
10.43700027,-14.28560739,30.84210526,3.2
10.4460001,-14.09415758,30.84210526,3.2
10.45499992,-13.9129897,30.84210526,3.2
10.46399975,-13.73851336,30.84210526,3.2
10.47299957,-13.56708324,30.84210526,3.2
10.48200035,-13.39527898,30.84210526,3.2
10.49100018,-13.22012157,30.84210526,3.2
10.5,-13.03934269,30.84210526,3.2
1.5,-1.549045287,34.10526316,0.8
1.508999944,-1.591691161,34.10526316,0.8
1.518000007,-1.613052454,34.10526316,0.8
1.52699995,-1.61092898,34.10526316,0.8
1.536000013,-1.585612022,34.10526316,0.8
1.544999957,-1.539870713,34.10526316,0.8
1.55400002,-1.478610115,34.10526316,0.8
1.562999964,-1.408273904,34.10526316,0.8
1.572000027,-1.336084998,34.10526316,0.8
1.58099997,-1.269280219,34.10526316,0.8
1.590000033,-1.214403809,34.10526316,0.8
1.598999977,-1.176746936,34.10526316,0.8
1.60800004,-1.159929742,34.10526316,0.8
1.616999984,-1.165648932,34.10526316,0.8
1.626000047,-1.193570668,34.10526316,0.8
1.63499999,-1.241349859,34.10526316,0.8
1.644000053,-1.304772949,34.10526316,0.8
1.652999997,-1.378032178,34.10526316,0.8
1.661999941,-1.45412229,34.10526316,0.8
1.671000004,-1.525403168,34.10526316,0.8
1.679999948,-1.584291643,34.10526316,0.8
1.68900001,-1.62408459,34.10526316,0.8
1.697999954,-1.639789889,34.10526316,0.8
1.707000017,-1.628853757,34.10526316,0.8
1.715999961,-1.591614118,34.10526316,0.8
1.725000024,-1.53134892,34.10526316,0.8
1.733999968,-1.453898225,34.10526316,0.8
1.743000031,-1.366934838,34.10526316,0.8
1.751999974,-1.279027465,34.10526316,0.8
1.761000037,-1.198668046,34.10526316,0.8
1.769999981,-1.133446843,34.10526316,0.8
1.779000044,-1.089391306,34.10526316,0.8
1.787999988,-1.070575504,34.10526316,0.8
1.797000051,-1.078901836,34.10526316,0.8
1.805999994,-1.114057394,34.10526316,0.8
1.815000057,-1.17358212,34.10526316,0.8
1.824000001,-1.253010459,34.10526316,0.8
1.832999945,-1.34608961,34.10526316,0.8
1.842000008,-1.445081401,34.10526316,0.8
1.850999951,-1.541213183,34.10526316,0.8
1.860000014,-1.625343626,34.10526316,0.8
1.868999958,-1.688867239,34.10526316,0.8
1.878000021,-1.724835907,34.10526316,0.8
1.886999965,-1.72911912,34.10526316,0.8
1.896000028,-1.701343823,34.10526316,0.8
1.904999971,-1.645312648,34.10526316,0.8
1.914000034,-1.56873913,34.10526316,0.8
1.922999978,-1.48231952,34.10526316,0.8
1.932000041,-1.398409007,34.10526316,0.8
1.940999985,-1.329639802,34.10526316,0.8
1.950000048,-1.287783513,34.10526316,0.8
1.958999991,-1.283045886,34.10526316,0.8
1.968000054,-1.323811626,34.10526316,0.8
1.976999998,-1.416789638,34.10526316,0.8
1.985999942,-1.567447476,34.10526316,0.8
1.995000005,-1.780624615,34.10526316,0.8
2.003999949,-2.061264197,34.10526316,0.8
2.013000011,-2.415221338,34.10526316,0.8
2.022000074,-2.850170531,34.10526316,0.8
2.030999899,-3.376708368,34.10526316,0.8
2.039999962,-4.009835209,34.10526316,0.8
2.049000025,-4.77109784,34.10526316,0.8
2.058000088,-5.692100269,34.10526316,0.8
2.066999912,-6.820644965,34.10526316,0.8
2.075999975,-8.232619775,34.10526316,0.8
2.085000038,-10.05776516,34.10526316,0.8
2.094000101,-12.54488839,34.10526316,0.8
2.102999926,-16.26965244,34.10526316,0.8
2.111999989,-23.07070561,34.10526316,0.8
2.121000051,-27.62070606,34.10526316,0.8
2.130000114,-18.10566513,34.10526316,0.8
2.138999939,-13.3164512,34.10526316,0.8
2.148000002,-10.25861175,34.10526316,0.8
2.157000065,-8.070729084,34.10526316,0.8
2.165999889,-6.42208355,34.10526316,0.8
2.174999952,-5.150858468,34.10526316,0.8
2.184000015,-4.163961451,34.10526316,0.8
2.193000078,-3.400788877,34.10526316,0.8
2.201999903,-2.817806384,34.10526316,0.8
2.210999966,-2.381339188,34.10526316,0.8
2.220000029,-2.063941927,34.10526316,0.8
2.229000092,-1.842460672,34.10526316,0.8
2.237999916,-1.696875311,34.10526316,0.8
2.246999979,-1.60956291,34.10526316,0.8
2.256000042,-1.564779557,34.10526316,0.8
2.265000105,-1.548353329,34.10526316,0.8
2.273999929,-1.547566695,34.10526316,0.8
2.282999992,-1.551258066,34.10526316,0.8
2.292000055,-1.550090793,34.10526316,0.8
2.301000118,-1.536959056,34.10526316,0.8
2.309999943,-1.507357533,34.10526316,0.8
2.319000006,-1.459596702,34.10526316,0.8
2.328000069,-1.394707663,34.10526316,0.8
2.336999893,-1.316026569,34.10526316,0.8
2.345999956,-1.228489225,34.10526316,0.8
2.355000019,-1.137802244,34.10526316,0.8
2.364000082,-1.049649384,34.10526316,0.8
2.372999907,-0.969042156,34.10526316,0.8
2.381999969,-0.899888461,34.10526316,0.8
2.391000032,-0.844778996,34.10526316,0.8
2.400000095,-0.804939445,34.10526316,0.8
2.40899992,-0.780316857,34.10526316,0.8
2.417999983,-0.769720515,34.10526316,0.8
2.427000046,-0.771024568,34.10526316,0.8
2.436000109,-0.781382932,34.10526316,0.8
2.444999933,-0.797471109,34.10526316,0.8
2.453999996,-0.815746765,34.10526316,0.8
2.463000059,-0.832741741,34.10526316,0.8
2.471999884,-0.84534604,34.10526316,0.8
2.480999947,-0.851094932,34.10526316,0.8
2.49000001,-0.848394051,34.10526316,0.8
2.499000072,-0.836662834,34.10526316,0.8
2.507999897,-0.816353476,34.10526316,0.8
2.51699996,-0.78884612,34.10526316,0.8
2.526000023,-0.75624007,34.10526316,0.8
2.535000086,-0.721060489,34.10526316,0.8
2.54399991,-0.685956793,34.10526316,0.8
2.552999973,-0.653412763,34.10526316,0.8
2.562000036,-0.625518677,34.10526316,0.8
2.571000099,-0.603806901,34.10526316,0.8
2.579999924,-0.589161299,34.10526316,0.8
2.588999987,-0.581797362,34.10526316,0.8
2.59800005,-0.581284668,34.10526316,0.8
2.607000113,-0.586620904,34.10526316,0.8
2.615999937,-0.596342375,34.10526316,0.8
2.625,-0.608660516,34.10526316,0.8
2.634000063,-0.62162872,34.10526316,0.8
2.642999887,-0.633315646,34.10526316,0.8
2.65199995,-0.641998613,34.10526316,0.8
2.661000013,-0.646324564,34.10526316,0.8
2.670000076,-0.645450864,34.10526316,0.8
2.678999901,-0.639116689,34.10526316,0.8
2.687999964,-0.627662471,34.10526316,0.8
2.697000027,-0.611963264,34.10526316,0.8
2.70600009,-0.593314475,34.10526316,0.8
2.714999914,-0.573271957,34.10526316,0.8
2.723999977,-0.553474856,34.10526316,0.8
2.73300004,-0.535472637,34.10526316,0.8
2.742000103,-0.520582968,34.10526316,0.8
2.750999928,-0.509778095,34.10526316,0.8
2.75999999,-0.503619758,34.10526316,0.8
2.769000053,-0.502220514,34.10526316,0.8
2.778000116,-0.505260079,34.10526316,0.8
2.786999941,-0.512018505,34.10526316,0.8
2.796000004,-0.521456889,34.10526316,0.8
2.805000067,-0.532308549,34.10526316,0.8
2.813999891,-0.543206474,34.10526316,0.8
2.822999954,-0.552811701,34.10526316,0.8
2.832000017,-0.559948064,34.10526316,0.8
2.84100008,-0.56372806,34.10526316,0.8
2.849999905,-0.563633768,34.10526316,0.8
2.858999968,-0.559578877,34.10526316,0.8
2.868000031,-0.551904005,34.10526316,0.8
2.877000093,-0.541330189,34.10526316,0.8
2.885999918,-0.528871391,34.10526316,0.8
2.894999981,-0.515716681,34.10526316,0.8
2.904000044,-0.503106118,34.10526316,0.8
2.913000107,-0.492199949,34.10526316,0.8
2.921999931,-0.483974268,34.10526316,0.8
2.930999994,-0.47913157,34.10526316,0.8
2.940000057,-0.478047656,34.10526316,0.8
2.948999882,-0.480742773,34.10526316,0.8
2.957999945,-0.486884819,34.10526316,0.8
2.967000008,-0.495824082,34.10526316,0.8
2.976000071,-0.506656057,34.10526316,0.8
2.984999895,-0.51830178,34.10526316,0.8
2.993999958,-0.529619562,34.10526316,0.8
3.003000021,-0.539512177,34.10526316,0.8
3.012000084,-0.54704816,34.10526316,0.8
3.020999908,-0.551558131,34.10526316,0.8
3.029999971,-0.552707309,34.10526316,0.8
3.039000034,-0.550531026,34.10526316,0.8
3.048000097,-0.54543266,34.10526316,0.8
3.056999922,-0.538129994,34.10526316,0.8
3.065999985,-0.529580696,34.10526316,0.8
3.075000048,-0.520874243,34.10526316,0.8
3.084000111,-0.513123569,34.10526316,0.8
3.092999935,-0.507351948,34.10526316,0.8
3.101999998,-0.504400818,34.10526316,0.8
3.111000061,-0.504847515,34.10526316,0.8
3.119999886,-0.508961806,34.10526316,0.8
3.128999949,-0.516670753,34.10526316,0.8
3.138000011,-0.52757479,34.10526316,0.8
3.147000074,-0.540972482,34.10526316,0.8
3.155999899,-0.555927213,34.10526316,0.8
3.164999962,-0.571356669,34.10526316,0.8
3.174000025,-0.586137434,34.10526316,0.8
3.183000088,-0.599222395,34.10526316,0.8
3.191999912,-0.609755467,34.10526316,0.8
3.200999975,-0.617174302,34.10526316,0.8
3.210000038,-0.62127127,34.10526316,0.8
3.219000101,-0.622223781,34.10526316,0.8
3.227999926,-0.620585837,34.10526316,0.8
3.236999989,-0.617222416,34.10526316,0.8
3.246000051,-0.613227599,34.10526316,0.8
3.255000114,-0.609811637,34.10526316,0.8
3.263999939,-0.60818805,34.10526316,0.8
3.273000002,-0.609448342,34.10526316,0.8
3.282000065,-0.614470385,34.10526316,0.8
3.290999889,-0.623832355,34.10526316,0.8
3.299999952,-0.637753059,34.10526316,0.8
3.309000015,-0.656067179,34.10526316,0.8
3.318000078,-0.678232727,34.10526316,0.8
3.326999903,-0.703365901,34.10526316,0.8
3.335999966,-0.730322666,34.10526316,0.8
3.345000029,-0.757805613,34.10526316,0.8
3.354000092,-0.784503526,34.10526316,0.8
3.362999916,-0.809231133,34.10526316,0.8
3.371999979,-0.831087228,34.10526316,0.8
3.381000042,-0.849564462,34.10526316,0.8
3.390000105,-0.864641767,34.10526316,0.8
3.398999929,-0.87680851,34.10526316,0.8
3.407999992,-0.887046069,34.10526316,0.8
3.417000055,-0.896749463,34.10526316,0.8
3.426000118,-0.907610951,34.10526316,0.8
3.434999943,-0.921480914,34.10526316,0.8
3.444000006,-0.940213477,34.10526316,0.8
3.453000069,-0.965517398,34.10526316,0.8
3.461999893,-0.998819569,34.10526316,0.8
3.470999956,-1.041148443,34.10526316,0.8
3.480000019,-1.093042196,34.10526316,0.8
3.489000082,-1.154506313,34.10526316,0.8
3.497999907,-1.225006941,34.10526316,0.8
3.506999969,-1.303519364,34.10526316,0.8
3.516000032,-1.388656811,34.10526316,0.8
3.525000095,-1.478845265,34.10526316,0.8
3.53399992,-1.572581286,34.10526316,0.8
3.542999983,-1.668728686,34.10526316,0.8
3.552000046,-1.766813694,34.10526316,0.8
3.561000109,-1.867336246,34.10526316,0.8
3.569999933,-1.971992442,34.10526316,0.8
3.578999996,-2.083851716,34.10526316,0.8
3.588000059,-2.207432999,34.10526316,0.8
3.596999884,-2.34872711,34.10526316,0.8
3.605999947,-2.515164431,34.10526316,0.8
3.61500001,-2.71557781,34.10526316,0.8
3.624000072,-2.960186154,34.10526316,0.8
3.632999897,-3.260610682,34.10526316,0.8
3.64199996,-3.629999931,34.10526316,0.8
3.651000023,-4.083214481,34.10526316,0.8
3.660000086,-4.637192714,34.10526316,0.8
3.66899991,-5.311512836,34.10526316,0.8
3.677999973,-6.129276324,34.10526316,0.8
3.687000036,-7.11836783,34.10526316,0.8
3.696000099,-8.312986735,34.10526316,0.8
3.704999924,-9.754266829,34.10526316,0.8
3.713999987,-11.48440208,34.10526316,0.8
3.72300005,-13.51022117,34.10526316,0.8
3.732000113,-15.64739182,34.10526316,0.8
3.740999937,-17.12024306,34.10526316,0.8
3.75,-16.80811154,34.10526316,0.8
3.759000063,-15.09349323,34.10526316,0.8
3.767999887,-13.12055495,34.10526316,0.8
3.77699995,-11.3607461,34.10526316,0.8
3.786000013,-9.881177911,34.10526316,0.8
3.795000076,-8.648397241,34.10526316,0.8
3.803999901,-7.617242262,34.10526316,0.8
3.812999964,-6.749296644,34.10526316,0.8
3.822000027,-6.014697617,34.10526316,0.8
3.83100009,-5.390667861,34.10526316,0.8
3.839999914,-4.859767882,34.10526316,0.8
3.848999977,-4.408480458,34.10526316,0.8
3.85800004,-4.026129277,34.10526316,0.8
3.867000103,-3.704079611,34.10526316,0.8
3.875999928,-3.43513229,34.10526316,0.8
3.88499999,-3.213066883,34.10526316,0.8
3.894000053,-3.03230241,34.10526316,0.8
3.903000116,-2.887652746,34.10526316,0.8
3.911999941,-2.774173795,34.10526316,0.8
3.921000004,-2.687092473,34.10526316,0.8
3.930000067,-2.621818232,34.10526316,0.8
3.938999891,-2.574015064,34.10526316,0.8
3.947999954,-2.539726771,34.10526316,0.8
3.957000017,-2.515526436,34.10526316,0.8
3.96600008,-2.498642088,34.10526316,0.8
3.974999905,-2.487066094,34.10526316,0.8
3.983999968,-2.479588685,34.10526316,0.8
3.993000031,-2.475757739,34.10526316,0.8
4.001999855,-2.475772117,34.10526316,0.8
4.011000156,-2.480318108,34.10526316,0.8
4.019999981,-2.49035299,34.10526316,0.8
4.028999805,-2.506872884,34.10526316,0.8
4.038000107,-2.530695888,34.10526316,0.8
4.046999931,-2.562259653,34.10526316,0.8
4.056000233,-2.601457543,34.10526316,0.8
4.065000057,-2.647537478,34.10526316,0.8
4.073999882,-2.69907349,34.10526316,0.8
4.083000183,-2.754006362,34.10526316,0.8
4.092000008,-2.809770156,34.10526316,0.8
4.100999832,-2.863502973,34.10526316,0.8
4.110000134,-2.912311713,34.10526316,0.8
4.118999958,-2.953573656,34.10526316,0.8
4.127999783,-2.985247655,34.10526316,0.8
4.137000084,-3.006125127,34.10526316,0.8
4.145999908,-3.016011861,34.10526316,0.8
4.15500021,-3.015788182,34.10526316,0.8
4.164000034,-3.007374592,34.10526316,0.8
4.172999859,-2.993563865,34.10526316,0.8
4.18200016,-2.97779744,34.10526316,0.8
4.190999985,-2.963879257,34.10526316,0.8
4.199999809,-2.955688274,34.10526316,0.8
4.209000111,-2.956888755,34.10526316,0.8
4.217999935,-2.970683418,34.10526316,0.8
4.227000237,-2.999605319,34.10526316,0.8
4.236000061,-3.045369775,34.10526316,0.8
4.244999886,-3.108763586,34.10526316,0.8
4.254000187,-3.189631855,34.10526316,0.8
4.263000011,-3.286904235,34.10526316,0.8
4.271999836,-3.398695641,34.10526316,0.8
4.281000137,-3.522487397,34.10526316,0.8
4.289999962,-3.655363032,34.10526316,0.8
4.298999786,-3.794289161,34.10526316,0.8
4.308000088,-3.936442089,34.10526316,0.8
4.316999912,-4.079529582,34.10526316,0.8
4.326000214,-4.222080105,34.10526316,0.8
4.335000038,-4.36367308,34.10526316,0.8
4.343999863,-4.505072772,34.10526316,0.8
4.353000164,-4.64823493,34.10526316,0.8
4.361999989,-4.796204066,34.10526316,0.8
4.370999813,-4.952888625,34.10526316,0.8
4.380000114,-5.122780639,34.10526316,0.8
4.388999939,-5.310620511,34.10526316,0.8
4.397999763,-5.521086747,34.10526316,0.8
4.407000065,-5.758495753,34.10526316,0.8
4.415999889,-6.026588074,34.10526316,0.8
4.425000191,-6.328341769,34.10526316,0.8
4.434000015,-6.665868233,34.10526316,0.8
4.44299984,-7.040285858,34.10526316,0.8
4.452000141,-7.451622333,34.10526316,0.8
4.460999966,-7.898591423,34.10526316,0.8
4.46999979,-8.378290428,34.10526316,0.8
4.479000092,-8.885640006,34.10526316,0.8
4.487999916,-9.412597499,34.10526316,0.8
4.497000217,-9.947070394,34.10526316,0.8
4.506000042,-10.47167139,34.10526316,0.8
4.514999866,-10.96269849,34.10526316,0.8
4.524000168,-11.39015604,34.10526316,0.8
4.532999992,-11.72002038,34.10526316,0.8
4.541999817,-11.91971848,34.10526316,0.8
4.551000118,-11.96610886,34.10526316,0.8
4.559999943,-11.85277353,34.10526316,0.8
4.568999767,-11.59237175,34.10526316,0.8
4.578000069,-11.21250415,34.10526316,0.8
4.586999893,-10.74773419,34.10526316,0.8
4.596000195,-10.2320273,34.10526316,0.8
4.605000019,-9.694155613,34.10526316,0.8
4.613999844,-9.156131805,34.10526316,0.8
4.623000145,-8.633549301,34.10526316,0.8
4.631999969,-8.136707605,34.10526316,0.8
4.640999794,-7.671834819,34.10526316,0.8
4.650000095,-7.242130108,34.10526316,0.8
4.65899992,-6.848574883,34.10526316,0.8
4.668000221,-6.490521082,34.10526316,0.8
4.677000046,-6.16613519,34.10526316,0.8
4.68599987,-5.872757335,34.10526316,0.8
4.695000172,-5.607193622,34.10526316,0.8
4.703999996,-5.365967602,34.10526316,0.8
4.712999821,-5.145554604,34.10526316,0.8
4.722000122,-4.942588637,34.10526316,0.8
4.730999947,-4.754020916,34.10526316,0.8
4.739999771,-4.577256398,34.10526316,0.8
4.749000072,-4.410226808,34.10526316,0.8
4.757999897,-4.251425054,34.10526316,0.8
4.767000198,-4.099881144,34.10526316,0.8
4.776000023,-3.955104641,34.10526316,0.8
4.784999847,-3.816984553,34.10526316,0.8
4.794000149,-3.685685483,34.10526316,0.8
4.802999973,-3.561517875,34.10526316,0.8
4.811999798,-3.444833312,34.10526316,0.8
4.821000099,-3.335919524,34.10526316,0.8
4.829999924,-3.234932445,34.10526316,0.8
4.839000225,-3.141834547,34.10526316,0.8
4.84800005,-3.056382064,34.10526316,0.8
4.856999874,-2.978124672,34.10526316,0.8
4.866000175,-2.906427899,34.10526316,0.8
4.875,-2.840515066,34.10526316,0.8
4.883999825,-2.779519017,34.10526316,0.8
4.893000126,-2.722544405,34.10526316,0.8
4.90199995,-2.668717541,34.10526316,0.8
4.910999775,-2.61724325,34.10526316,0.8
4.920000076,-2.567453322,34.10526316,0.8
4.928999901,-2.518832539,34.10526316,0.8
4.938000202,-2.471034496,34.10526316,0.8
4.947000027,-2.42388279,34.10526316,0.8
4.955999851,-2.377361158,34.10526316,0.8
4.965000153,-2.33158346,34.10526316,0.8
4.973999977,-2.286763525,34.10526316,0.8
4.982999802,-2.243170389,34.10526316,0.8
4.992000103,-2.201095438,34.10526316,0.8
5.000999928,-2.16080999,34.10526316,0.8
5.010000229,-2.122537574,34.10526316,0.8
5.019000053,-2.086427732,34.10526316,0.8
5.027999878,-2.052545549,34.10526316,0.8
5.037000179,-2.020865117,34.10526316,0.8
5.046000004,-1.991273899,34.10526316,0.8
5.054999828,-1.963586309,34.10526316,0.8
5.06400013,-1.937556521,34.10526316,0.8
5.072999954,-1.91290439,34.10526316,0.8
5.081999779,-1.889336533,34.10526316,0.8
5.09100008,-1.866567595,34.10526316,0.8
5.099999905,-1.844342011,34.10526316,0.8
5.109000206,-1.822447725,34.10526316,0.8
5.118000031,-1.800734376,34.10526316,0.8
5.126999855,-1.779114849,34.10526316,0.8
5.136000156,-1.757562234,34.10526316,0.8
5.144999981,-1.736114644,34.10526316,0.8
5.153999805,-1.714857954,34.10526316,0.8
5.163000107,-1.693918686,34.10526316,0.8
5.171999931,-1.673442436,34.10526316,0.8
5.181000233,-1.653587696,34.10526316,0.8
5.190000057,-1.634499866,34.10526316,0.8
5.198999882,-1.616306789,34.10526316,0.8
5.208000183,-1.599102061,34.10526316,0.8
5.217000008,-1.582940874,34.10526316,0.8
5.225999832,-1.567833531,34.10526316,0.8
5.235000134,-1.553750473,34.10526316,0.8
5.243999958,-1.540615217,34.10526316,0.8
5.252999783,-1.528324649,34.10526316,0.8
5.262000084,-1.51674092,34.10526316,0.8
5.270999908,-1.505721389,34.10526316,0.8
5.28000021,-1.495112222,34.10526316,0.8
5.289000034,-1.484773246,34.10526316,0.8
5.297999859,-1.474579118,34.10526316,0.8
5.30700016,-1.464436461,34.10526316,0.8
5.315999985,-1.454286463,34.10526316,0.8
5.324999809,-1.444110659,34.10526316,0.8
5.334000111,-1.433931235,34.10526316,0.8
5.342999935,-1.423812106,34.10526316,0.8
5.352000237,-1.413850012,34.10526316,0.8
5.361000061,-1.404167017,34.10526316,0.8
5.369999886,-1.394900331,34.10526316,0.8
5.379000187,-1.386194801,34.10526316,0.8
5.388000011,-1.378184205,34.10526316,0.8
5.396999836,-1.370984326,34.10526316,0.8
5.406000137,-1.364680319,34.10526316,0.8
5.414999962,-1.359319592,34.10526316,0.8
5.423999786,-1.354905939,34.10526316,0.8
5.433000088,-1.351400895,34.10526316,0.8
5.441999912,-1.348719928,34.10526316,0.8
5.451000214,-1.346746812,34.10526316,0.8
5.460000038,-1.345339759,34.10526316,0.8
5.468999863,-1.344342656,34.10526316,0.8
5.478000164,-1.343605285,34.10526316,0.8
5.486999989,-1.342994683,34.10526316,0.8
5.495999813,-1.342422202,34.10526316,0.8
5.505000114,-1.341846154,34.10526316,0.8
5.513999939,-1.341296311,34.10526316,0.8
5.522999763,-1.340868636,34.10526316,0.8
5.532000065,-1.340742086,34.10526316,0.8
5.540999889,-1.341162363,34.10526316,0.8
5.550000191,-1.342436316,34.10526316,0.8
5.559000015,-1.344915808,34.10526316,0.8
5.56799984,-1.348976052,34.10526316,0.8
5.577000141,-1.354989424,34.10526316,0.8
5.585999966,-1.363295774,34.10526316,0.8
5.59499979,-1.374182743,34.10526316,0.8
5.604000092,-1.387850011,34.10526316,0.8
5.612999916,-1.404392965,34.10526316,0.8
5.622000217,-1.423780044,34.10526316,0.8
5.631000042,-1.445839724,34.10526316,0.8
5.639999866,-1.470264624,34.10526316,0.8
5.649000168,-1.496600231,34.10526316,0.8
5.657999992,-1.524273241,34.10526316,0.8
5.666999817,-1.552608382,34.10526316,0.8
5.676000118,-1.580863972,34.10526316,0.8
5.684999943,-1.608279027,34.10526316,0.8
5.693999767,-1.63412113,34.10526316,0.8
5.703000069,-1.657743034,34.10526316,0.8
5.711999893,-1.678638221,34.10526316,0.8
5.721000195,-1.696482019,34.10526316,0.8
5.730000019,-1.71117389,34.10526316,0.8
5.738999844,-1.722856631,34.10526316,0.8
5.748000145,-1.731913063,34.10526316,0.8
5.756999969,-1.738952851,34.10526316,0.8
5.765999794,-1.744779527,34.10526316,0.8
5.775000095,-1.75034151,34.10526316,0.8
5.78399992,-1.756676892,34.10526316,0.8
5.793000221,-1.764859101,34.10526316,0.8
5.802000046,-1.775944717,34.10526316,0.8
5.81099987,-1.790919601,34.10526316,0.8
5.820000172,-1.810666603,34.10526316,0.8
5.828999996,-1.835939204,34.10526316,0.8
5.837999821,-1.867348932,34.10526316,0.8
5.847000122,-1.905359299,34.10526316,0.8
5.855999947,-1.950306438,34.10526316,0.8
5.864999771,-2.00241794,34.10526316,0.8
5.874000072,-2.061852642,34.10526316,0.8
5.882999897,-2.128746854,34.10526316,0.8
5.892000198,-2.203270861,34.10526316,0.8
5.901000023,-2.28569424,34.10526316,0.8
5.909999847,-2.376446701,34.10526316,0.8
5.919000149,-2.476192026,34.10526316,0.8
5.927999973,-2.585884088,34.10526316,0.8
5.936999798,-2.706822913,34.10526316,0.8
5.946000099,-2.840697435,34.10526316,0.8
5.954999924,-2.989610643,34.10526316,0.8
5.964000225,-3.156104169,34.10526316,0.8
5.97300005,-3.343152818,34.10526316,0.8
5.981999874,-3.554150786,34.10526316,0.8
5.991000175,-3.792879805,34.10526316,0.8
6,-4.063461208,34.10526316,0.8
6.008999825,-4.37024946,34.10526316,0.8
6.018000126,-4.717699092,34.10526316,0.8
6.02699995,-5.110104431,34.10526316,0.8
6.035999775,-5.551199119,34.10526316,0.8
6.045000076,-6.043489144,34.10526316,0.8
6.053999901,-6.587155246,34.10526316,0.8
6.063000202,-7.17831162,34.10526316,0.8
6.072000027,-7.806353745,34.10526316,0.8
6.080999851,-8.450274457,34.10526316,0.8
6.090000153,-9.074468043,34.10526316,0.8
6.098999977,-9.626295072,34.10526316,0.8
6.107999802,-10.04014669,34.10526316,0.8
6.117000103,-10.25313543,34.10526316,0.8
6.125999928,-10.22970524,34.10526316,0.8
6.135000229,-9.979132885,34.10526316,0.8
6.144000053,-9.550336435,34.10526316,0.8
6.152999878,-9.008910643,34.10526316,0.8
6.162000179,-8.415167461,34.10526316,0.8
6.171000004,-7.813805545,34.10526316,0.8
6.179999828,-7.233359603,34.10526316,0.8
6.18900013,-6.689820092,34.10526316,0.8
6.197999954,-6.190720293,34.10526316,0.8
6.206999779,-5.738363191,34.10526316,0.8
6.21600008,-5.332000623,34.10526316,0.8
6.224999905,-4.969218211,34.10526316,0.8
6.234000206,-4.646765773,34.10526316,0.8
6.243000031,-4.361051948,34.10526316,0.8
6.251999855,-4.108425687,34.10526316,0.8
6.261000156,-3.885330188,34.10526316,0.8
6.269999981,-3.688397711,34.10526316,0.8
6.278999805,-3.514488402,34.10526316,0.8
6.288000107,-3.360714677,34.10526316,0.8
6.296999931,-3.224462462,34.10526316,0.8
6.306000233,-3.103390345,34.10526316,0.8
6.315000057,-2.995439622,34.10526316,0.8
6.323999882,-2.898827991,34.10526316,0.8
6.333000183,-2.81204367,34.10526316,0.8
6.342000008,-2.733839325,34.10526316,0.8
6.350999832,-2.66320515,34.10526316,0.8
6.360000134,-2.599352432,34.10526316,0.8
6.368999958,-2.54168059,34.10526316,0.8
6.377999783,-2.489740365,34.10526316,0.8
6.387000084,-2.443201206,34.10526316,0.8
6.395999908,-2.401813774,34.10526316,0.8
6.40500021,-2.365374192,34.10526316,0.8
6.414000034,-2.333696354,34.10526316,0.8
6.422999859,-2.306585571,34.10526316,0.8
6.43200016,-2.283828622,34.10526316,0.8
6.440999985,-2.265169625,34.10526316,0.8
6.449999809,-2.250321706,34.10526316,0.8
6.459000111,-2.238965832,34.10526316,0.8
6.467999935,-2.230759897,34.10526316,0.8
6.477000237,-2.225351595,34.10526316,0.8
6.486000061,-2.222402935,34.10526316,0.8
6.494999886,-2.221598832,34.10526316,0.8
6.504000187,-2.222671985,34.10526316,0.8
6.513000011,-2.225408268,34.10526316,0.8
6.521999836,-2.229664516,34.10526316,0.8
6.531000137,-2.235363148,34.10526316,0.8
6.539999962,-2.242495499,34.10526316,0.8
6.548999786,-2.251111317,34.10526316,0.8
6.558000088,-2.261309388,34.10526316,0.8
6.566999912,-2.27321921,34.10526316,0.8
6.576000214,-2.286981049,34.10526316,0.8
6.585000038,-2.302735449,34.10526316,0.8
6.593999863,-2.320601609,34.10526316,0.8
6.603000164,-2.340666358,34.10526316,0.8
6.611999989,-2.362974349,34.10526316,0.8
6.620999813,-2.387526417,34.10526316,0.8
6.630000114,-2.414276765,34.10526316,0.8
6.638999939,-2.443140713,34.10526316,0.8
6.647999763,-2.474005324,34.10526316,0.8
6.657000065,-2.506742072,34.10526316,0.8
6.665999889,-2.541220045,34.10526316,0.8
6.675000191,-2.577321102,34.10526316,0.8
6.684000015,-2.614954424,34.10526316,0.8
6.69299984,-2.65407125,34.10526316,0.8
6.702000141,-2.694662281,34.10526316,0.8
6.710999966,-2.736773635,34.10526316,0.8
6.71999979,-2.78049624,34.10526316,0.8
6.729000092,-2.825961441,34.10526316,0.8
6.737999916,-2.873336563,34.10526316,0.8
6.747000217,-2.922804742,34.10526316,0.8
6.756000042,-2.974556307,34.10526316,0.8
6.764999866,-3.028777019,34.10526316,0.8
6.774000168,-3.085630918,34.10526316,0.8
6.782999992,-3.145251307,34.10526316,0.8
6.791999817,-3.207739204,34.10526316,0.8
6.801000118,-3.273152359,34.10526316,0.8
6.809999943,-3.341516531,34.10526316,0.8
6.818999767,-3.412819853,34.10526316,0.8
6.828000069,-3.487033366,34.10526316,0.8
6.836999893,-3.564104514,34.10526316,0.8
6.846000195,-3.643987883,34.10526316,0.8
6.855000019,-3.726641079,34.10526316,0.8
6.863999844,-3.812044944,34.10526316,0.8
6.873000145,-3.900202653,34.10526316,0.8
6.881999969,-3.991152298,34.10526316,0.8
6.890999794,-4.084965137,34.10526316,0.8
6.900000095,-4.181743829,34.10526316,0.8
6.90899992,-4.281615148,34.10526316,0.8
6.918000221,-4.384727946,34.10526316,0.8
6.927000046,-4.491235595,34.10526316,0.8
6.93599987,-4.601291614,34.10526316,0.8
6.945000172,-4.715039539,34.10526316,0.8
6.953999996,-4.832604085,34.10526316,0.8
6.962999821,-4.954079785,34.10526316,0.8
6.972000122,-5.079532817,34.10526316,0.8
6.980999947,-5.208991437,34.10526316,0.8
6.989999771,-5.342450949,34.10526316,0.8
6.999000072,-5.479874896,34.10526316,0.8
7.007999897,-5.621197587,34.10526316,0.8
7.017000198,-5.766327057,34.10526316,0.8
7.026000023,-5.915151982,34.10526316,0.8
7.034999847,-6.067542943,34.10526316,0.8
7.044000149,-6.223360186,34.10526316,0.8
7.052999973,-6.382452434,34.10526316,0.8
7.061999798,-6.544657893,34.10526316,0.8
7.071000099,-6.709811825,34.10526316,0.8
7.079999924,-6.877735239,34.10526316,0.8
7.089000225,-7.048247714,34.10526316,0.8
7.09800005,-7.221158251,34.10526316,0.8
7.106999874,-7.396264695,34.10526316,0.8
7.116000175,-7.573363654,34.10526316,0.8
7.125,-7.752246788,34.10526316,0.8
7.133999825,-7.932696204,34.10526316,0.8
7.143000126,-8.114499118,34.10526316,0.8
7.15199995,-8.297445309,34.10526316,0.8
7.160999775,-8.481330383,34.10526316,0.8
7.170000076,-8.665950147,34.10526316,0.8
7.178999901,-8.85111336,34.10526316,0.8
7.188000202,-9.036639621,34.10526316,0.8
7.197000027,-9.222352088,34.10526316,0.8
7.205999851,-9.408074127,34.10526316,0.8
7.215000153,-9.593626375,34.10526316,0.8
7.223999977,-9.778824804,34.10526316,0.8
7.232999802,-9.963469251,34.10526316,0.8
7.242000103,-10.14733609,34.10526316,0.8
7.250999928,-10.33016197,34.10526316,0.8
7.260000229,-10.51163216,34.10526316,0.8
7.269000053,-10.69137873,34.10526316,0.8
7.277999878,-10.86894977,34.10526316,0.8
7.287000179,-11.04379832,34.10526316,0.8
7.296000004,-11.21526624,34.10526316,0.8
7.304999828,-11.3825657,34.10526316,0.8
7.31400013,-11.54475912,34.10526316,0.8
7.322999954,-11.70075598,34.10526316,0.8
7.331999779,-11.84929384,34.10526316,0.8
7.34100008,-11.98895272,34.10526316,0.8
7.349999905,-12.11816012,34.10526316,0.8
7.359000206,-12.23522929,34.10526316,0.8
7.368000031,-12.33839802,34.10526316,0.8
7.376999855,-12.42590019,34.10526316,0.8
7.386000156,-12.49603906,34.10526316,0.8
7.394999981,-12.54726657,34.10526316,0.8
7.403999805,-12.57828342,34.10526316,0.8
7.413000107,-12.58809537,34.10526316,0.8
7.421999931,-12.57606624,34.10526316,0.8
7.431000233,-12.5419411,34.10526316,0.8
7.440000057,-12.48581472,34.10526316,0.8
7.448999882,-12.40809052,34.10526316,0.8
7.458000183,-12.30942092,34.10526316,0.8
7.467000008,-12.19061169,34.10526316,0.8
7.475999832,-12.05256222,34.10526316,0.8
7.485000134,-11.8962156,34.10526316,0.8
7.493999958,-11.72254425,34.10526316,0.8
7.502999783,-11.53255803,34.10526316,0.8
7.512000084,-11.32734008,34.10526316,0.8
7.520999908,-11.10810535,34.10526316,0.8
7.53000021,-10.87624738,34.10526316,0.8
7.539000034,-10.63337807,34.10526316,0.8
7.547999859,-10.38135345,34.10526316,0.8
7.55700016,-10.12225621,34.10526316,0.8
7.565999985,-9.858366154,34.10526316,0.8
7.574999809,-9.592085365,34.10526316,0.8
7.584000111,-9.32585525,34.10526316,0.8
7.592999935,-9.062071982,34.10526316,0.8
7.602000237,-8.802985597,34.10526316,0.8
7.611000061,-8.55061658,34.10526316,0.8
7.619999886,-8.30668327,34.10526316,0.8
7.629000187,-8.072561635,34.10526316,0.8
7.638000011,-7.849249445,34.10526316,0.8
7.646999836,-7.637365312,34.10526316,0.8
7.656000137,-7.437155715,34.10526316,0.8
7.664999962,-7.24855176,34.10526316,0.8
7.673999786,-7.071192823,34.10526316,0.8
7.683000088,-6.904512668,34.10526316,0.8
7.691999912,-6.747800861,34.10526316,0.8
7.701000214,-6.600268741,34.10526316,0.8
7.710000038,-6.461127457,34.10526316,0.8
7.718999863,-6.329647703,34.10526316,0.8
7.728000164,-6.205200806,34.10526316,0.8
7.736999989,-6.087303808,34.10526316,0.8
7.745999813,-5.97563594,34.10526316,0.8
7.755000114,-5.870031043,34.10526316,0.8
7.763999939,-5.77046947,34.10526316,0.8
7.772999763,-5.67705527,34.10526316,0.8
7.782000065,-5.589971423,34.10526316,0.8
7.790999889,-5.509442453,34.10526316,0.8
7.800000191,-5.435695252,34.10526316,0.8
7.809000015,-5.368928626,34.10526316,0.8
7.81799984,-5.309271508,34.10526316,0.8
7.827000141,-5.256784436,34.10526316,0.8
7.835999966,-5.211439191,34.10526316,0.8
7.84499979,-5.173135105,34.10526316,0.8
7.854000092,-5.141706308,34.10526316,0.8
7.862999916,-5.116963202,34.10526316,0.8
7.872000217,-5.098710167,34.10526316,0.8
7.881000042,-5.086791717,34.10526316,0.8
7.889999866,-5.081126376,34.10526316,0.8
7.899000168,-5.081740544,34.10526316,0.8
7.907999992,-5.088796452,34.10526316,0.8
7.916999817,-5.102610827,34.10526316,0.8
7.926000118,-5.123663159,34.10526316,0.8
7.934999943,-5.152587636,34.10526316,0.8
7.943999767,-5.190168648,34.10526316,0.8
7.953000069,-5.237304202,34.10526316,0.8
7.961999893,-5.294974662,34.10526316,0.8
7.971000195,-5.364215033,34.10526316,0.8
7.980000019,-5.446059187,34.10526316,0.8
7.988999844,-5.54150218,34.10526316,0.8
7.998000145,-5.651453668,34.10526316,0.8
8.006999969,-5.776692237,34.10526316,0.8
8.015999794,-5.91782954,34.10526316,0.8
8.024999619,-6.075256196,34.10526316,0.8
8.034000397,-6.249101093,34.10526316,0.8
8.043000221,-6.439195289,34.10526316,0.8
8.052000046,-6.645032446,34.10526316,0.8
8.06099987,-6.865743467,34.10526316,0.8
8.069999695,-7.10007983,34.10526316,0.8
8.079000473,-7.34644005,34.10526316,0.8
8.088000298,-7.602916459,34.10526316,0.8
8.097000122,-7.867399312,34.10526316,0.8
8.105999947,-8.137728097,34.10526316,0.8
8.114999771,-8.411911181,34.10526316,0.8
8.123999596,-8.688374,34.10526316,0.8
8.133000374,-8.966238701,34.10526316,0.8
8.142000198,-9.245591758,34.10526316,0.8
8.151000023,-9.527692392,34.10526316,0.8
8.159999847,-9.815118918,34.10526316,0.8
8.168999672,-10.1118094,34.10526316,0.8
8.17800045,-10.42301128,34.10526316,0.8
8.187000275,-10.75516984,34.10526316,0.8
8.196000099,-11.11578136,34.10526316,0.8
8.204999924,-11.51322606,34.10526316,0.8
8.213999748,-11.95663048,34.10526316,0.8
8.222999573,-12.45569389,34.10526316,0.8
8.232000351,-13.02044082,34.10526316,0.8
8.241000175,-13.66069804,34.10526316,0.8
8.25,-14.38490497,34.10526316,0.8
8.258999825,-15.19743756,34.10526316,0.8
8.267999649,-16.09278076,34.10526316,0.8
8.277000427,-17.04363952,34.10526316,0.8
8.286000252,-17.97977456,34.10526316,0.8
8.295000076,-18.76228795,34.10526316,0.8
8.303999901,-19.18824446,34.10526316,0.8
8.312999725,-19.08654545,34.10526316,0.8
8.32199955,-18.45979005,34.10526316,0.8
8.331000328,-17.48199082,34.10526316,0.8
8.340000153,-16.35572874,34.10526316,0.8
8.348999977,-15.21862674,34.10526316,0.8
8.357999802,-14.14014582,34.10526316,0.8
8.366999626,-13.14745751,34.10526316,0.8
8.376000404,-12.24644553,34.10526316,0.8
8.385000229,-11.43347262,34.10526316,0.8
8.394000053,-10.70117378,34.10526316,0.8
8.402999878,-10.04113375,34.10526316,0.8
8.411999702,-9.44508839,34.10526316,0.8
8.420999527,-8.905405874,34.10526316,0.8
8.430000305,-8.415292065,34.10526316,0.8
8.43900013,-7.968804552,34.10526316,0.8
8.447999954,-7.560838983,34.10526316,0.8
8.456999779,-7.187057829,34.10526316,0.8
8.465999603,-6.843817783,34.10526316,0.8
8.475000381,-6.528080892,34.10526316,0.8
8.484000206,-6.237329496,34.10526316,0.8
8.493000031,-5.969475239,34.10526316,0.8
8.501999855,-5.722763602,34.10526316,0.8
8.51099968,-5.49570998,34.10526316,0.8
8.520000458,-5.287010281,34.10526316,0.8
8.529000282,-5.095487949,34.10526316,0.8
8.538000107,-4.92003909,34.10526316,0.8
8.546999931,-4.75959855,34.10526316,0.8
8.555999756,-4.613108514,34.10526316,0.8
8.56499958,-4.479514537,34.10526316,0.8
8.574000359,-4.357753268,34.10526316,0.8
8.583000183,-4.246772908,34.10526316,0.8
8.592000008,-4.145531833,34.10526316,0.8
8.600999832,-4.053029919,34.10526316,0.8
8.609999657,-3.968326973,34.10526316,0.8
8.619000435,-3.890574212,34.10526316,0.8
8.628000259,-3.819021969,34.10526316,0.8
8.637000084,-3.75305261,34.10526316,0.8
8.645999908,-3.692181431,34.10526316,0.8
8.654999733,-3.636072556,34.10526316,0.8
8.663999557,-3.584528316,34.10526316,0.8
8.673000336,-3.537479914,34.10526316,0.8
8.68200016,-3.494975109,34.10526316,0.8
8.690999985,-3.457148811,34.10526316,0.8
8.699999809,-3.42419778,34.10526316,0.8
8.708999634,-3.396355772,34.10526316,0.8
8.718000412,-3.373856058,34.10526316,0.8
8.727000237,-3.356912271,34.10526316,0.8
8.736000061,-3.345696452,34.10526316,0.8
8.744999886,-3.34030887,34.10526316,0.8
8.75399971,-3.34077833,34.10526316,0.8
8.762999535,-3.347041899,34.10526316,0.8
8.772000313,-3.358948063,34.10526316,0.8
8.781000137,-3.376254059,34.10526316,0.8
8.789999962,-3.398633542,34.10526316,0.8
8.798999786,-3.425684003,34.10526316,0.8
8.807999611,-3.45694469,34.10526316,0.8
8.817000389,-3.491906167,34.10526316,0.8
8.826000214,-3.530034756,34.10526316,0.8
8.835000038,-3.570788313,34.10526316,0.8
8.843999863,-3.613639642,34.10526316,0.8
8.852999687,-3.658097437,34.10526316,0.8
8.862000465,-3.703728657,34.10526316,0.8
8.87100029,-3.750170047,34.10526316,0.8
8.880000114,-3.797154033,34.10526316,0.8
8.888999939,-3.844517768,34.10526316,0.8
8.897999763,-3.892219248,34.10526316,0.8
8.906999588,-3.940342243,34.10526316,0.8
8.916000366,-3.989109503,34.10526316,0.8
8.925000191,-4.038882129,34.10526316,0.8
8.934000015,-4.090165006,34.10526316,0.8
8.94299984,-4.143608889,34.10526316,0.8
8.951999664,-4.200007374,34.10526316,0.8
8.961000443,-4.260298062,34.10526316,0.8
8.970000267,-4.325551263,34.10526316,0.8
8.979000092,-4.396979854,34.10526316,0.8
8.987999916,-4.475915126,34.10526316,0.8
8.996999741,-4.563822004,34.10526316,0.8
9.005999565,-4.66227627,34.10526316,0.8
9.015000343,-4.772969155,34.10526316,0.8
9.024000168,-4.897701017,34.10526316,0.8
9.032999992,-5.038374283,34.10526316,0.8
9.041999817,-5.196996112,34.10526316,0.8
9.050999641,-5.375671087,34.10526316,0.8
9.06000042,-5.57660611,34.10526316,0.8
9.069000244,-5.80210671,34.10526316,0.8
9.078000069,-6.054574124,34.10526316,0.8
9.086999893,-6.336502767,34.10526316,0.8
9.095999718,-6.650464856,34.10526316,0.8
9.104999542,-6.999095732,34.10526316,0.8
9.11400032,-7.385039658,34.10526316,0.8
9.123000145,-7.810883765,34.10526316,0.8
9.131999969,-8.279007974,34.10526316,0.8
9.140999794,-8.79135687,34.10526316,0.8
9.149999619,-9.349013023,34.10526316,0.8
9.159000397,-9.95152959,34.10526316,0.8
9.168000221,-10.59579283,34.10526316,0.8
9.177000046,-11.27422547,34.10526316,0.8
9.18599987,-11.97213295,34.10526316,0.8
9.194999695,-12.66414483,34.10526316,0.8
9.204000473,-13.31063156,34.10526316,0.8
9.213000298,-13.85669172,34.10526316,0.8
9.222000122,-14.2384312,34.10526316,0.8
9.230999947,-14.40012704,34.10526316,0.8
9.239999771,-14.31691601,34.10526316,0.8
9.248999596,-14.00703742,34.10526316,0.8
9.258000374,-13.52265678,34.10526316,0.8
9.267000198,-12.9276156,34.10526316,0.8
9.276000023,-12.27872197,34.10526316,0.8
9.284999847,-11.61787317,34.10526316,0.8
9.293999672,-10.97227529,34.10526316,0.8
9.30300045,-10.35786769,34.10526316,0.8
9.312000275,-9.782962839,34.10526316,0.8
9.321000099,-9.251075735,34.10526316,0.8
9.329999924,-8.762843433,34.10526316,0.8
9.338999748,-8.317244392,34.10526316,0.8
9.347999573,-7.912343642,34.10526316,0.8
9.357000351,-7.54574337,34.10526316,0.8
9.366000175,-7.21484062,34.10526316,0.8
9.375,-6.916983299,34.10526316,0.8
9.383999825,-6.64955233,34.10526316,0.8
9.392999649,-6.410009981,34.10526316,0.8
9.402000427,-6.195929458,34.10526316,0.8
9.411000252,-6.005006884,34.10526316,0.8
9.420000076,-5.835076189,34.10526316,0.8
9.428999901,-5.684118979,34.10526316,0.8
9.437999725,-5.55027601,34.10526316,0.8
9.44699955,-5.431858438,34.10526316,0.8
9.456000328,-5.327366554,34.10526316,0.8
9.465000153,-5.235491233,34.10526316,0.8
9.473999977,-5.155138636,34.10526316,0.8
9.482999802,-5.085424344,34.10526316,0.8
9.491999626,-5.025681519,34.10526316,0.8
9.501000404,-4.975449705,34.10526316,0.8
9.510000229,-4.934464734,34.10526316,0.8
9.519000053,-4.902641255,34.10526316,0.8
9.527999878,-4.880035478,34.10526316,0.8
9.536999702,-4.866824545,34.10526316,0.8
9.545999527,-4.863269705,34.10526316,0.8
9.555000305,-4.869678714,34.10526316,0.8
9.56400013,-4.886377069,34.10526316,0.8
9.572999954,-4.913680787,34.10526316,0.8
9.581999779,-4.951863841,34.10526316,0.8
9.590999603,-5.001159168,34.10526316,0.8
9.600000381,-5.061734857,34.10526316,0.8
9.609000206,-5.133711013,34.10526316,0.8
9.618000031,-5.217169646,34.10526316,0.8
9.626999855,-5.312179428,34.10526316,0.8
9.63599968,-5.418833853,34.10526316,0.8
9.645000458,-5.537299132,34.10526316,0.8
9.654000282,-5.667856394,34.10526316,0.8
9.663000107,-5.810969951,34.10526316,0.8
9.671999931,-5.967326472,34.10526316,0.8
9.680999756,-6.13789686,34.10526316,0.8
9.68999958,-6.323968091,34.10526316,0.8
9.699000359,-6.527171702,34.10526316,0.8
9.708000183,-6.749501699,34.10526316,0.8
9.717000008,-6.993306215,34.10526316,0.8
9.725999832,-7.261271689,34.10526316,0.8
9.734999657,-7.556385145,34.10526316,0.8
9.744000435,-7.881874933,34.10526316,0.8
9.753000259,-8.241141003,34.10526316,0.8
9.762000084,-8.637643361,34.10526316,0.8
9.770999908,-9.074761343,34.10526316,0.8
9.779999733,-9.555581474,34.10526316,0.8
9.788999557,-10.08259163,34.10526316,0.8
9.798000336,-10.65719772,34.10526316,0.8
9.80700016,-11.27899871,34.10526316,0.8
9.815999985,-11.94463318,34.10526316,0.8
9.824999809,-12.64608243,34.10526316,0.8
9.833999634,-13.36822774,34.10526316,0.8
9.843000412,-14.08583542,34.10526316,0.8
9.852000237,-14.76090137,34.10526316,0.8
9.861000061,-15.34261151,34.10526316,0.8
9.869999886,-15.77380756,34.10526316,0.8
9.87899971,-16.00599386,34.10526316,0.8
9.887999535,-16.01784347,34.10526316,0.8
9.897000313,-15.82467011,34.10526316,0.8
9.906000137,-15.4708989,34.10526316,0.8
9.914999962,-15.0119748,34.10526316,0.8
9.923999786,-14.49855569,34.10526316,0.8
9.932999611,-13.96913919,34.10526316,0.8
9.942000389,-13.44956006,34.10526316,0.8
9.951000214,-12.95553961,34.10526316,0.8
9.960000038,-12.49575523,34.10526316,0.8
9.968999863,-12.07436606,34.10526316,0.8
9.977999687,-11.69279169,34.10526316,0.8
9.987000465,-11.35086524,34.10526316,0.8
9.99600029,-11.04761074,34.10526316,0.8
10.00500011,-10.78164287,34.10526316,0.8
10.01399994,-10.55145935,34.10526316,0.8
10.02299976,-10.35556265,34.10526316,0.8
10.03199959,-10.19255327,34.10526316,0.8
10.04100037,-10.06113508,34.10526316,0.8
10.05000019,-9.960126825,34.10526316,0.8
10.05900002,-9.888436846,34.10526316,0.8
10.06799984,-9.845039758,34.10526316,0.8
10.07699966,-9.828923035,34.10526316,0.8
10.08600044,-9.839087179,34.10526316,0.8
10.09500027,-9.874481258,34.10526316,0.8
10.10400009,-9.933994539,34.10526316,0.8
10.11299992,-10.01643621,34.10526316,0.8
10.12199974,-10.12052721,34.10526316,0.8
10.13099957,-10.24491685,34.10526316,0.8
10.14000034,-10.38818791,34.10526316,0.8
10.14900017,-10.54890745,34.10526316,0.8
10.15799999,-10.72567112,34.10526316,0.8
10.16699982,-10.91714494,34.10526316,0.8
10.17599964,-11.12213756,34.10526316,0.8
10.18500042,-11.33963893,34.10526316,0.8
10.19400024,-11.56886217,34.10526316,0.8
10.20300007,-11.80925946,34.10526316,0.8
10.21199989,-12.06051195,34.10526316,0.8
10.22099972,-12.32248292,34.10526316,0.8
10.22999954,-12.59514401,34.10526316,0.8
10.23900032,-12.87844859,34.10526316,0.8
10.24800014,-13.17218628,34.10526316,0.8
10.25699997,-13.47579532,34.10526316,0.8
10.26599979,-13.78815381,34.10526316,0.8
10.27499962,-14.10734124,34.10526316,0.8
10.2840004,-14.43040404,34.10526316,0.8
10.29300022,-14.75313385,34.10526316,0.8
10.30200005,-15.06989171,34.10526316,0.8
10.31099987,-15.37354237,34.10526316,0.8
10.31999969,-15.65556673,34.10526316,0.8
10.32900047,-15.90641039,34.10526316,0.8
10.3380003,-16.11615562,34.10526316,0.8
10.34700012,-16.27545901,34.10526316,0.8
10.35599995,-16.37669139,34.10526316,0.8
10.36499977,-16.41500086,34.10526316,0.8
10.3739996,-16.3890569,34.10526316,0.8
10.38300037,-16.30118646,34.10526316,0.8
10.3920002,-16.15695994,34.10526316,0.8
10.40100002,-15.96426485,34.10526316,0.8
10.40999985,-15.73219481,34.10526316,0.8
10.41899967,-15.46998334,34.10526316,0.8
10.42800045,-15.18621427,34.10526316,0.8
10.43700027,-14.88830228,34.10526316,0.8
10.4460001,-14.58225326,34.10526316,0.8
10.45499992,-14.27264485,34.10526316,0.8
10.46399975,-13.96271475,34.10526316,0.8
10.47299957,-13.65456143,34.10526316,0.8
10.48200035,-13.34933062,34.10526316,0.8
10.49100018,-13.0474577,34.10526316,0.8
10.5,-12.74888488,34.10526316,0.8
